pedido_id,fecha_pedido,mes_num,dia_semana_num,hora_decimal,es_fin_semana,tipo_pedido,cantidad_items,zona_entrega,carga_trabajo,tiempo_prometido_min,tiempo_total_min,entrega_tarde
528d16f4-b86e-4984-9f2b-168cbdd1c6a3,2023-10-28,10,6,16.25,1,Domicilio,4,TODOS POR HIDALGO,0,50,51.0,1
2fd24e86-20e6-407c-9536-e8c736cb4d18,2023-10-28,10,6,17.58,1,Mostrador,1,LOCAL,0,30,28.0,0
7000deb5-8428-4b86-88ce-d9ec47cd8a47,2023-10-29,10,7,18.75,1,Recoger,5,LOCAL,0,30,54.0,1
4cbaa2d3-d350-4010-8ecd-2bcd5b51ec3c,2023-10-29,10,7,20.75,1,Recoger en tienda,2,LOCAL,0,30,34.0,1
e45264d0-50d5-4523-bd4d-7d9bcb0c8f69,2023-10-30,10,1,20.08,0,Recoger en tienda,3,LOCAL,0,30,33.0,1
35dc6b68-44d1-4858-8f90-cdb04e5d678b,2023-10-31,10,2,20.0,0,Recoger,2,LOCAL,0,30,34.0,1
62f13a8e-61cf-4d11-84ac-bbe0f70c5f25,2023-11-02,11,4,18.67,0,Recoger,3,LOCAL,0,30,36.0,1
7b180a19-0cdd-404c-93a5-85b5c152fd11,2023-11-03,11,5,18.5,0,Recoger en tienda,1,LOCAL,0,30,23.0,0
84b48ee7-2dd0-422d-be59-df375dbc8511,2023-11-04,11,6,14.83,1,Domicilio,7,LA LOMITA,0,50,62.0,1
19ad02e2-8ba3-41a8-971b-5944361890fd,2023-11-04,11,6,20.5,1,Domicilio,3,PARQUE DE POBLAMIENTO,0,50,57.0,1
8b1c37ee-d28e-4a15-8cc3-837caad42a0d,2023-11-04,11,6,23.33,1,Mostrador,6,LOCAL,0,30,51.0,1
691413b5-31c2-481f-9b9e-a17618a81740,2023-11-05,11,7,18.0,1,Recoger en tienda,2,LOCAL,0,30,32.0,1
b64ef85e-1850-4564-aa59-439fe3fd3043,2023-11-05,11,7,20.25,1,Domicilio,3,LA LOMITA,0,50,45.0,0
e0276f04-3e3d-4f64-9ca7-f336bd10eba0,2023-11-06,11,1,21.67,0,Recoger,3,LOCAL,0,30,27.0,0
c7f9843e-d552-4be3-bacc-e96d00fd00a5,2023-11-07,11,2,18.5,0,Domicilio,2,TODOS POR HIDALGO,0,50,42.0,0
7ade95fa-49c5-4fa1-9af2-cbe4ac7b015c,2023-11-08,11,3,13.33,0,Domicilio,1,AVIACION,0,50,32.0,0
30f99a76-6ee0-45f3-89b6-c6da33dcaf16,2023-11-08,11,3,20.17,0,Domicilio,1,COLALAMBRE,0,50,36.0,0
2e4bd25f-8e2f-4124-bee2-5ba09503a660,2023-11-09,11,4,19.75,0,Domicilio,3,LOS CANTORES,0,50,53.0,1
6fb44f6f-7689-441c-bb6d-84e3fa0fcc52,2023-11-09,11,4,19.92,0,Recoger en tienda,5,LOCAL,1,30,48.0,1
62720a04-9c1c-4a25-9ea0-a0dabad372dd,2023-11-09,11,4,21.0,0,Domicilio,1,PARQUE DE POBLAMIENTO,0,50,43.0,0
5cd61fd8-80b0-4685-964e-f2819d886fb0,2023-11-10,11,5,16.42,0,Recoger en tienda,4,LOCAL,0,30,27.0,0
cab17784-327d-4fb7-a4b7-ae66617b4e04,2023-11-10,11,5,21.67,0,Recoger,3,LOCAL,0,30,36.0,1
271d18e3-2336-457c-8e9a-f0805e1968f7,2023-11-11,11,6,19.58,1,Domicilio,2,CHACATITLA,0,50,50.0,0
c009057e-138e-4cc6-9221-61fe236a8c09,2023-11-11,11,6,23.17,1,Domicilio,4,COLALAMBRE,0,50,40.0,0
08536695-be84-4aa4-aedc-67bd2fa12a20,2023-11-11,11,6,23.83,1,Domicilio,1,TRES CRUCES,0,50,44.0,0
98c53704-e078-4a7f-9255-6fb67d0663ef,2023-11-12,11,7,16.42,1,Recoger en tienda,4,LOCAL,0,30,29.0,0
117e6aed-3c5d-4b89-90a5-4d00ff1cdef0,2023-11-12,11,7,19.08,1,Recoger,5,LOCAL,0,30,48.0,1
727ae2e5-2482-4974-8d0f-6d25f04a024d,2023-11-12,11,7,23.0,1,Recoger en tienda,2,LOCAL,0,30,23.0,0
ec432398-4556-47a6-8864-3c37cc90b011,2023-11-15,11,3,21.08,0,Domicilio,1,PARQUE DE POBLAMIENTO,0,50,40.0,0
6b4876d0-1c10-46cd-b61c-cccc15127508,2023-11-17,11,5,15.75,0,Recoger,1,LOCAL,0,30,15.0,0
64778c1b-41a1-4753-94be-477fb8488079,2023-11-17,11,5,18.42,0,Domicilio,3,PARQUE DE POBLAMIENTO,0,50,46.0,0
7e191581-28c4-4c3a-a345-abec8faef4c4,2023-11-17,11,5,19.17,0,Domicilio,3,AVIACION,0,50,43.0,0
13dd74f8-221f-450f-91bd-3f023838e578,2023-11-18,11,6,13.92,1,Recoger,1,LOCAL,0,30,22.0,0
f5017126-9ce3-409f-9ee0-44e3359dc458,2023-11-18,11,6,21.17,1,Recoger en tienda,2,LOCAL,0,30,37.0,1
f5b1c408-eace-48da-9e69-cc602f8a9d29,2023-11-19,11,7,14.25,1,Domicilio,3,AVIACION,0,50,44.0,0
2e90c2f6-2c78-42d5-8d9e-e2c1f48827af,2023-11-19,11,7,23.17,1,Domicilio,3,PARQUE DE POBLAMIENTO,0,50,49.0,0
2aab12d9-d78b-4656-9b05-81e79afcc59b,2023-11-19,11,7,23.42,1,Recoger en tienda,2,LOCAL,1,30,24.0,0
4365e429-abac-4cba-93e1-74433a0b88df,2023-11-20,11,1,16.83,0,Domicilio,1,SANTA IRENE,0,50,29.0,0
bb205fba-bf6a-4710-ac6f-e16ecfbebff0,2023-11-21,11,2,14.75,0,Domicilio,5,COLALAMBRE,0,50,47.0,0
3acb6c1d-9f4f-481b-a67b-786d6766f4f8,2023-11-21,11,2,18.92,0,Domicilio,2,AVIACION,0,50,46.0,0
d2173546-467e-4548-bae4-93767bf1b44a,2023-11-21,11,2,20.67,0,Recoger,4,LOCAL,0,30,38.0,1
c7e70bb7-0241-4793-b024-dd920016cbfe,2023-11-21,11,2,20.67,0,Recoger en tienda,2,LOCAL,1,30,31.0,1
228a3ce2-833b-4e93-8739-c4c1d2b65bc1,2023-11-22,11,3,20.08,0,Recoger,7,LOCAL,0,30,45.0,1
5e269ea9-84b3-45fc-b8e6-fd180250293e,2023-11-24,11,5,21.25,0,Domicilio,1,SANTA IRENE,0,50,43.0,0
ce9efd55-51b7-43fc-bf95-ae7640bb1675,2023-11-25,11,6,13.08,1,Domicilio,1,TODOS POR HIDALGO,0,50,29.0,0
d603a203-6a0d-40bd-890e-d004d08f112b,2023-11-25,11,6,19.92,1,Domicilio,4,PARQUE DE POBLAMIENTO,0,50,55.0,1
f84e2bb9-ed9f-4862-aa8d-0ef987598919,2023-11-26,11,7,19.08,1,Domicilio,5,LA LOMITA,0,50,57.0,1
4cdfb7ff-e0ab-4264-b8d7-3797ae2ab92f,2023-11-26,11,7,20.67,1,Domicilio,4,AVIACION,0,50,58.0,1
49cfba60-9926-4b2e-a90d-b6ab7ed8388b,2023-11-26,11,7,20.83,1,Domicilio,3,COLALAMBRE,1,50,54.0,1
19e5096d-2ec3-4c0f-a162-4ccfbd96e884,2023-11-26,11,7,23.83,1,Mostrador,5,LOCAL,0,30,35.0,1
6e97e04c-9466-4323-8f51-4e41c883ac78,2023-11-26,11,7,23.83,1,Recoger en tienda,4,LOCAL,1,30,28.0,0
ec2cb209-36d4-4a36-9c4b-caf072c91fe8,2023-11-28,11,2,19.67,0,Mostrador,2,LOCAL,0,30,28.0,0
c4a9bf67-497d-4e98-8762-94015b67d3f2,2023-11-29,11,3,16.5,0,Recoger en tienda,2,LOCAL,0,30,20.0,0
1e1655d8-1abf-45dc-aae4-839135f8821d,2023-11-29,11,3,23.25,0,Recoger,1,LOCAL,0,30,24.0,0
98cda6f2-cba7-49cf-b184-0bab29c6b2dd,2023-11-30,11,4,21.17,0,Mostrador,5,LOCAL,0,30,39.0,1
b67e9615-938b-4034-b7cc-5b83d6de7150,2023-12-02,12,6,18.58,1,Domicilio,6,CENTRO,0,50,56.0,1
605e65d3-c9f6-41ba-934a-464ad8d855c1,2023-12-06,12,3,16.67,0,Mostrador,4,LOCAL,0,30,31.0,1
c9ce4435-000c-4989-9852-64905d031ea9,2023-12-06,12,3,20.25,0,Domicilio,6,CHACATITLA,0,50,58.0,1
88b5bd0c-50f0-4d0f-91e2-078aaf0319b4,2023-12-07,12,4,18.83,0,Domicilio,2,COLALAMBRE,0,50,49.0,0
a482ec2f-a21f-4de5-b9aa-f65561273bd5,2023-12-08,12,5,19.17,0,Recoger,1,LOCAL,0,30,25.0,0
465b782c-5cc0-4e2c-bff3-fd34e1251e17,2023-12-08,12,5,22.92,0,Recoger,1,LOCAL,0,30,18.0,0
21dce1c1-0d89-4002-9669-a53f149ac961,2023-12-09,12,6,18.08,1,Domicilio,2,TRES CRUCES,0,50,41.0,0
c18e65dd-22af-41ef-917a-5384b0ec4dac,2023-12-09,12,6,21.92,1,Recoger,2,LOCAL,0,30,26.0,0
c8f0ceac-edbe-47dd-b85a-2fb8c7e72906,2023-12-10,12,7,21.92,1,Recoger en tienda,1,LOCAL,0,30,30.0,0
7de8fae4-1366-4d56-b558-c03ee1489fd6,2023-12-10,12,7,23.58,1,Recoger en tienda,4,LOCAL,0,30,34.0,1
ea38d13a-daa1-4f4a-9188-86fe2a26d91a,2023-12-13,12,3,18.33,0,Recoger,4,LOCAL,0,30,33.0,1
83d82ce6-f0ee-4012-b30e-44c6fa4b85e9,2023-12-13,12,3,18.58,0,Domicilio,1,PARQUE DE POBLAMIENTO,1,50,40.0,0
365a2109-12f5-4db8-877c-e28b2038f28a,2023-12-13,12,3,23.08,0,Domicilio,4,TRES CRUCES,0,50,44.0,0
1fef5702-da50-46a1-99d3-0ca37c624c17,2023-12-15,12,5,16.92,0,Recoger en tienda,2,LOCAL,0,30,26.0,0
f1a8f90d-101a-44c7-8738-c446f476fefe,2023-12-15,12,5,18.5,0,Domicilio,3,LOS CANTORES,0,50,44.0,0
6642ff3f-66d5-4f42-a5c9-cbaa42008a15,2023-12-15,12,5,18.83,0,Recoger,3,LOCAL,1,30,34.0,1
e28d229c-09d5-4ed1-bd95-207d99fb313b,2023-12-15,12,5,18.92,0,Mostrador,2,LOCAL,2,30,27.0,0
011e62ef-c3c3-4215-8f3d-d644591c2c58,2023-12-15,12,5,19.83,0,Mostrador,8,LOCAL,0,30,55.0,1
c6dfcec1-981b-4610-a30c-a58619267ddf,2023-12-17,12,7,22.42,1,Recoger en tienda,2,LOCAL,0,30,19.0,0
45ac2d90-0750-47ec-9ed5-3932a3a1c4b5,2023-12-18,12,1,16.92,0,Domicilio,3,CENTRO,0,50,34.0,0
5d06c9ca-2ef1-4574-b4a4-da26d4902413,2023-12-18,12,1,18.08,0,Domicilio,3,TODOS POR HIDALGO,0,50,48.0,0
1bfbfe5e-87ab-4cd6-b53f-789c20d5a3ee,2023-12-18,12,1,18.25,0,Recoger en tienda,5,LOCAL,1,30,51.0,1
2d662654-6cce-46e2-9cc3-af3e28e3d40f,2023-12-18,12,1,19.08,0,Domicilio,6,TODOS POR HIDALGO,0,50,57.0,1
470cc962-b81c-4063-8e13-ae99f9ea8f72,2023-12-18,12,1,20.67,0,Domicilio,4,TODOS POR HIDALGO,0,50,50.0,0
0e3b6787-6eec-4b51-90f9-cc5d1a091312,2023-12-19,12,2,14.08,0,Domicilio,2,TRES CRUCES,0,50,40.0,0
bef147de-fa46-4af2-9b8b-17ba2fc16a78,2023-12-19,12,2,20.25,0,Recoger en tienda,1,LOCAL,0,30,28.0,0
1947f32d-e35b-45ef-8bb4-53ac590510eb,2023-12-19,12,2,21.0,0,Domicilio,2,PARQUE DE POBLAMIENTO,0,50,45.0,0
49de6fe9-a464-430e-bef0-ccaa0261f81d,2023-12-19,12,2,23.83,0,Recoger,4,LOCAL,0,30,33.0,1
74b6d3f5-7bf7-4114-9294-7dfb2522d2d3,2023-12-19,12,2,23.92,0,Mostrador,5,LOCAL,1,30,38.0,1
934cd90b-ca48-4dd2-83d0-848bbb5c0505,2023-12-20,12,3,22.67,0,Recoger,2,LOCAL,0,30,22.0,0
70501627-1789-4ea6-8443-5cce244d1d88,2023-12-21,12,4,20.92,0,Recoger en tienda,6,LOCAL,0,30,42.0,1
3d50365c-00cb-459d-a0b3-2a56ecd0a7df,2023-12-22,12,5,13.0,0,Mostrador,3,LOCAL,0,30,31.0,1
36f6831b-7884-4841-a8cf-4c15251be894,2023-12-22,12,5,18.25,0,Recoger,7,LOCAL,0,30,46.0,1
071d1c41-df64-467c-91f5-3b8496999c9f,2023-12-22,12,5,21.5,0,Recoger en tienda,1,LOCAL,0,30,26.0,0
d3d9c280-dcb7-47f3-bd94-dc44bd5e6b3d,2023-12-22,12,5,22.17,0,Recoger en tienda,3,LOCAL,0,30,21.0,0
9b8f8174-b09d-4187-960e-3a166ee238e5,2023-12-23,12,6,20.67,1,Domicilio,3,AVIACION,0,50,57.0,1
472208d5-023b-4ebd-bf46-162f3616b074,2023-12-24,12,7,16.92,1,Recoger,4,LOCAL,0,30,40.0,1
ef6795eb-891b-4527-90fd-e94fdc2dd36b,2023-12-24,12,7,19.5,1,Domicilio,4,COLALAMBRE,0,50,57.0,1
a0565c22-76ad-451c-9c36-dfcb6c01cd73,2023-12-24,12,7,19.58,1,Domicilio,4,SANTA IRENE,1,50,56.0,1
842dbea0-daf8-4031-ab7c-d407a0201236,2023-12-24,12,7,19.92,1,Mostrador,2,LOCAL,2,30,45.0,1
d600f1e2-8a71-4de3-891c-8ef011576bd8,2023-12-24,12,7,20.33,1,Mostrador,4,LOCAL,1,30,40.0,1
19361317-ffd1-4b08-ae5b-1eea2c74a54a,2023-12-26,12,2,18.33,0,Domicilio,4,SANTA IRENE,0,50,55.0,1
ae291391-2a42-4eba-bed5-aaf026639be0,2023-12-26,12,2,22.0,0,Recoger en tienda,1,LOCAL,0,30,20.0,0
09bd6524-5815-4506-a216-32c966f211e9,2023-12-27,12,3,18.0,0,Domicilio,2,AVIACION,0,50,43.0,0
b0976eb7-3b0b-41b0-b4af-6cfb6d876e44,2023-12-29,12,5,15.0,0,Domicilio,2,ROJO GOMEZ,0,50,42.0,0
510f40f0-0315-4705-8448-599a50f5991b,2023-12-29,12,5,16.08,0,Recoger en tienda,2,LOCAL,0,30,27.0,0
a054274b-aadc-43e6-a981-791f04e6b20c,2023-12-29,12,5,19.67,0,Mostrador,7,LOCAL,0,30,40.0,1
adfe43f3-3b1a-46da-a565-d4d827bb2d41,2023-12-29,12,5,22.08,0,Recoger en tienda,3,LOCAL,0,30,19.0,0
511b0d35-a7f5-4c83-83dd-b5f5976d3e5b,2023-12-30,12,6,14.92,1,Domicilio,5,TODOS POR HIDALGO,0,50,53.0,1
c06ee5dc-cea0-4601-9345-fd08f86fd417,2023-12-30,12,6,15.33,1,Domicilio,4,PARQUE DE POBLAMIENTO,1,50,50.0,0
3a4a9bbb-3bf6-4d23-82a6-6a6215b400b8,2023-12-30,12,6,15.67,1,Mostrador,1,LOCAL,1,30,25.0,0
01671f99-9046-45a7-879a-b9544b681031,2023-12-30,12,6,18.75,1,Recoger en tienda,4,LOCAL,0,30,38.0,1
2df43cdc-a885-439d-85df-925265e99b7e,2023-12-31,12,7,18.92,1,Domicilio,4,CENTRO,0,50,46.0,0
2f9bd300-8b38-40dd-a685-ed15f7c4185d,2023-12-31,12,7,23.25,1,Domicilio,4,ROJO GOMEZ,0,50,57.0,1
020c2a28-af16-4b2d-b8eb-a7131bfb7bce,2024-01-02,1,2,23.33,0,Recoger,2,LOCAL,0,30,20.0,0
f71631b9-cada-4544-805e-d708610e569c,2024-01-05,1,5,14.92,0,Domicilio,5,LOS CANTORES,0,50,47.0,0
5440ca8d-e6dd-42d5-aa6a-017dac5e2002,2024-01-05,1,5,22.0,0,Recoger,4,LOCAL,0,30,34.0,1
f3a80f70-5659-4870-a041-1c0a4196a1d8,2024-01-05,1,5,22.08,0,Domicilio,3,CHACATITLA,1,50,39.0,0
4194584c-ed7d-4fa6-8a8f-9bd8a86e58af,2024-01-06,1,6,17.33,1,Mostrador,4,LOCAL,0,30,33.0,1
eb5d1f72-0a69-47e5-b6e6-f4063e5765e1,2024-01-06,1,6,19.0,1,Recoger en tienda,7,LOCAL,0,30,56.0,1
d359d308-2a7e-4095-af5a-42875e7e93a1,2024-01-06,1,6,19.5,1,Recoger,2,LOCAL,1,30,42.0,1
529d9257-220f-4bdc-b45a-3abc61550121,2024-01-06,1,6,21.67,1,Mostrador,5,LOCAL,0,30,46.0,1
d39d890c-78b4-4dbf-8bd7-ff2d5879f35b,2024-01-07,1,7,16.67,1,Recoger,5,LOCAL,0,30,36.0,1
4e94af04-6fa1-478e-baac-1b7479c4003d,2024-01-08,1,1,13.5,0,Recoger en tienda,1,LOCAL,0,30,20.0,0
a6c9982b-837a-454c-adfd-8441e5ed6f3e,2024-01-08,1,1,16.42,0,Domicilio,2,AVIACIÓN CIVIL,0,50,33.0,0
43655ae9-8d63-4285-912b-3a09eb2c020c,2024-01-09,1,2,17.83,0,Domicilio,4,AVIACION,0,50,47.0,0
ca5561ce-e9eb-42e8-be86-04007bb11e80,2024-01-09,1,2,22.67,0,Recoger en tienda,1,LOCAL,0,30,24.0,0
0589a2d8-1868-486c-a220-7fe5adc5a857,2024-01-10,1,3,18.75,0,Mostrador,3,LOCAL,0,30,35.0,1
8d7908fb-b717-4e7b-856e-051560455a3e,2024-01-10,1,3,22.0,0,Domicilio,1,AVIACIÓN CIVIL,0,50,34.0,0
b32d1677-444b-42b2-b9fc-c6e37cae642b,2024-01-11,1,4,17.92,0,Domicilio,4,ROJO GOMEZ,0,50,49.0,0
d4d2794e-ee72-483d-887d-f40cfd540fb7,2024-01-11,1,4,22.33,0,Domicilio,4,COLALAMBRE,0,50,42.0,0
a7e98c7d-d2d6-437a-b293-b4521236980e,2024-01-12,1,5,15.58,0,Domicilio,5,AVIACIÓN CIVIL,0,50,45.0,0
195e9154-1549-4462-8fdc-ffccb807d318,2024-01-12,1,5,19.0,0,Mostrador,1,LOCAL,0,30,23.0,0
869a189a-2ce8-4453-aa40-6bcc5e0150d2,2024-01-13,1,6,18.5,1,Domicilio,6,TODOS POR HIDALGO,0,50,66.0,1
c466e416-48a2-441a-95dd-62ac26d7547a,2024-01-13,1,6,18.92,1,Domicilio,4,AVIACION,1,50,52.0,1
a4fd38df-411f-42d5-bfb4-6a861018ddca,2024-01-13,1,6,19.25,1,Domicilio,6,LA LOMITA,1,50,58.0,1
62c213c9-fb71-4e4f-bb16-edba3c3c33a2,2024-01-13,1,6,22.25,1,Recoger,1,LOCAL,0,30,29.0,0
2525039c-6334-4b20-b563-144e839f21b2,2024-01-14,1,7,15.33,1,Recoger,5,LOCAL,0,30,37.0,1
fb9c7c35-e876-4e77-a7c9-8ecf16cae102,2024-01-14,1,7,15.42,1,Domicilio,4,AVIACION,1,50,57.0,1
c0c4af9d-fdda-49d9-b977-e9048243949f,2024-01-14,1,7,15.5,1,Mostrador,1,LOCAL,2,30,33.0,1
43842100-acef-4144-818f-d615c190c764,2024-01-14,1,7,20.0,1,Domicilio,3,COLALAMBRE,0,50,49.0,0
30c57ee0-bbf0-4435-829c-dc561f354f18,2024-01-15,1,1,22.33,0,Domicilio,1,TRES CRUCES,0,50,41.0,0
aa40e2a9-48a8-406b-99b3-f3c5375af9f1,2024-01-16,1,2,17.25,0,Domicilio,5,PARQUE DE POBLAMIENTO,0,50,45.0,0
e5229e4e-3885-40f6-8439-6fddb0cb4e82,2024-01-16,1,2,18.5,0,Recoger,3,LOCAL,0,30,32.0,1
1b6b744b-83f7-45eb-a651-c124e990d0b0,2024-01-16,1,2,22.75,0,Domicilio,1,AVIACION,0,50,33.0,0
6b576092-6ffc-42df-93ab-365857b36f49,2024-01-16,1,2,23.83,0,Mostrador,1,LOCAL,0,30,15.0,0
c37114c9-0f0f-4fa4-94d5-8a91485bef37,2024-01-17,1,3,14.58,0,Mostrador,2,LOCAL,0,30,16.0,0
7a5fd477-765c-4272-92a1-9cb40ce318b3,2024-01-17,1,3,18.67,0,Domicilio,2,TRES CRUCES,0,50,44.0,0
cdaf48fc-1ac7-48ca-b99f-9fc5c8f9e172,2024-01-18,1,4,20.08,0,Domicilio,1,AVIACION,0,50,36.0,0
d10125e9-c921-484d-b87b-c3af5623e425,2024-01-19,1,5,14.42,0,Recoger en tienda,1,LOCAL,0,30,22.0,0
0e9716ba-0dd4-4ccc-af79-44ef6103490a,2024-01-19,1,5,18.58,0,Domicilio,2,CHACATITLA,0,50,40.0,0
4a53f178-871f-499e-bb07-9d09c4723694,2024-01-20,1,6,17.08,1,Mostrador,2,LOCAL,0,30,35.0,1
6bebe2f4-7d42-4a63-9614-a2e74fbe88ed,2024-01-20,1,6,20.33,1,Recoger,6,LOCAL,0,30,43.0,1
07c58c70-171b-4651-9f05-90afc8f83f87,2024-01-20,1,6,21.5,1,Recoger en tienda,2,LOCAL,0,30,35.0,1
97fa8536-6bd7-4f8b-ac58-351dada7eb77,2024-01-20,1,6,21.83,1,Domicilio,2,CENTRO,1,50,47.0,0
9e44f4c0-c94d-41a7-8084-21299969e000,2024-01-20,1,6,22.33,1,Recoger en tienda,3,LOCAL,1,30,37.0,1
dd572b45-ce3d-46a1-9deb-5d14de24affd,2024-01-20,1,6,22.58,1,Recoger,8,LOCAL,1,30,51.0,1
574be695-2dc6-41d5-824b-0c80a9e1b64d,2024-01-21,1,7,13.17,1,Domicilio,2,TODOS POR HIDALGO,0,50,41.0,0
59bf09d2-681f-43f2-b24b-38a9a973dcb8,2024-01-23,1,2,18.67,0,Mostrador,5,LOCAL,0,30,40.0,1
c2578021-994b-437f-8b66-0bbbbadc0ca0,2024-01-24,1,3,14.92,0,Domicilio,3,TRES CRUCES,0,50,47.0,0
8f73aba5-821a-457f-9a40-1f866115c83d,2024-01-24,1,3,21.08,0,Mostrador,2,LOCAL,0,30,24.0,0
d7c94304-d942-49bb-a08e-2d060e5470b8,2024-01-25,1,4,17.83,0,Recoger en tienda,3,LOCAL,0,30,25.0,0
6172800c-2813-4657-b050-1e4a9030e503,2024-01-25,1,4,17.83,0,Domicilio,2,TRES CRUCES,1,50,47.0,0
49ce94e6-e0e2-4eae-b36a-c29ae4da4d33,2024-01-25,1,4,20.67,0,Recoger en tienda,2,LOCAL,0,30,28.0,0
c3e74406-f5e3-41d3-8f87-595cbf9b71c6,2024-01-25,1,4,21.5,0,Domicilio,7,PARQUE DE POBLAMIENTO,0,50,68.0,1
beca8578-dd80-4c61-a8ea-7b77c57bb30c,2024-01-26,1,5,18.0,0,Domicilio,3,CENTRO,0,50,39.0,0
bda0051a-9d98-4735-84d5-63f8024a96fa,2024-01-26,1,5,19.33,0,Domicilio,1,AVIACIÓN CIVIL,0,50,38.0,0
64276c22-559e-4b4b-bb93-b8bb11ec99b9,2024-01-27,1,6,17.67,1,Recoger,6,LOCAL,0,30,48.0,1
6a216ed6-b8bd-4ae3-9763-eaf1b78a769b,2024-01-27,1,6,22.25,1,Recoger en tienda,5,LOCAL,0,30,37.0,1
70afcbb4-511b-4c40-91d5-0a6bb2b50128,2024-01-28,1,7,18.42,1,Domicilio,1,TRES CRUCES,0,50,44.0,0
9d87e054-20c4-433d-8990-7f41ec53a59b,2024-01-28,1,7,19.33,1,Domicilio,5,ROJO GOMEZ,0,50,69.0,1
c4e571c6-9dc6-4e2a-87b4-41ac5edf8506,2024-01-29,1,1,19.83,0,Mostrador,2,LOCAL,0,30,25.0,0
f8696ff6-4cc3-472a-9383-b32304fbff6c,2024-01-29,1,1,21.83,0,Mostrador,3,LOCAL,0,30,34.0,1
27120444-3c44-4709-8e20-2d16eaed0f80,2024-01-29,1,1,22.0,0,Mostrador,2,LOCAL,1,30,24.0,0
0cfcc65d-6bfa-416b-9480-56ffefdac1ea,2024-01-30,1,2,20.0,0,Recoger,4,LOCAL,0,30,29.0,0
c437d100-f1f6-4dc1-926f-408be100f94d,2024-01-30,1,2,21.42,0,Mostrador,4,LOCAL,0,30,35.0,1
4c9ff039-526a-41e6-a7f3-673acd30ecaa,2024-02-02,2,5,20.5,0,Mostrador,2,LOCAL,0,30,26.0,0
b3c2a97a-8de1-4b17-96ae-db1400aa1a73,2024-02-03,2,6,14.58,1,Domicilio,4,CHACATITLA,0,50,45.0,0
74254b14-1683-4680-8a78-27a26c1913b3,2024-02-03,2,6,16.67,1,Domicilio,4,TODOS POR HIDALGO,0,50,43.0,0
8fca5e1a-9f31-4d32-acaa-3ea676f7246b,2024-02-04,2,7,15.33,1,Recoger en tienda,3,LOCAL,0,30,28.0,0
14c80dc9-31c2-4f45-aa44-818f56ae0791,2024-02-04,2,7,20.92,1,Recoger,1,LOCAL,0,30,29.0,0
6982f98e-4a9b-44e8-a1ea-4f84241018eb,2024-02-04,2,7,21.17,1,Mostrador,7,LOCAL,1,30,58.0,1
f1f0ea1d-6b95-469f-97d5-8cfcb662fb11,2024-02-04,2,7,21.75,1,Mostrador,3,LOCAL,0,30,37.0,1
01d8cfba-fa12-4f1a-9264-3f6ffdf949e4,2024-02-06,2,2,17.92,0,Domicilio,4,TRES CRUCES,0,50,41.0,0
4994c8ff-43fa-4aff-85e8-6b841e94b684,2024-02-07,2,3,21.92,0,Recoger,2,LOCAL,0,30,28.0,0
b721405d-f9cd-482a-9b6f-5b91b0cf1bca,2024-02-08,2,4,20.5,0,Domicilio,6,ROJO GOMEZ,0,50,60.0,1
a7596a87-7651-4f89-83fb-65eb697481fe,2024-02-09,2,5,22.75,0,Domicilio,4,AVIACIÓN CIVIL,0,50,41.0,0
5d630763-56c6-4d16-80db-e64e0bdbf0bd,2024-02-10,2,6,18.25,1,Recoger,4,LOCAL,0,30,43.0,1
75f4d961-fb28-49d3-ba81-edb39ddcb849,2024-02-10,2,6,21.42,1,Domicilio,5,TODOS POR HIDALGO,0,50,64.0,1
5526125d-f353-4134-bd26-38a5460c9f7b,2024-02-10,2,6,21.67,1,Domicilio,2,CHACATITLA,1,50,48.0,0
41c93158-1ff9-4084-9aee-80795530ec5f,2024-02-11,2,7,16.5,1,Recoger en tienda,7,LOCAL,0,30,42.0,1
9bce68aa-dbf8-4857-a213-c21a5aa5643d,2024-02-12,2,1,17.75,0,Recoger,1,LOCAL,0,30,15.0,0
9e226444-5efe-4bac-919d-bc55336c0ec1,2024-02-13,2,2,19.08,0,Recoger,1,LOCAL,0,30,26.0,0
7adbb65f-0257-4ddc-8cab-4d6939fee306,2024-02-13,2,2,20.83,0,Mostrador,2,LOCAL,0,30,28.0,0
f7b8aec9-40c4-44ca-8053-2b79ee432b2d,2024-02-15,2,4,15.17,0,Recoger,5,LOCAL,0,30,32.0,1
a9f6b1f4-f610-40aa-9b33-e9c90095eb89,2024-02-15,2,4,22.67,0,Domicilio,2,AVIACIÓN CIVIL,0,50,38.0,0
0144660b-317e-4384-abcd-fb1604a9e3f8,2024-02-16,2,5,23.25,0,Mostrador,2,LOCAL,0,30,25.0,0
746b834c-f770-4906-9fa6-88998290b345,2024-02-17,2,6,18.75,1,Domicilio,5,ROJO GOMEZ,0,50,66.0,1
f10f1184-018a-4a9b-8541-96ab0c1b1c35,2024-02-17,2,6,21.5,1,Mostrador,2,LOCAL,0,30,35.0,1
42416a73-6aba-4e51-8d76-5c65753657a0,2024-02-18,2,7,13.83,1,Recoger en tienda,5,LOCAL,0,30,32.0,1
805ee628-91af-45c9-bf4b-e28eed4c6b88,2024-02-18,2,7,16.33,1,Recoger,2,LOCAL,0,30,26.0,0
7cd578a3-27f7-4832-915d-f83b31f7f3a6,2024-02-18,2,7,18.75,1,Recoger en tienda,5,LOCAL,0,30,53.0,1
296d7c0a-e6f0-4168-ab11-6fa87cef0d08,2024-02-18,2,7,19.5,1,Recoger,3,LOCAL,0,30,39.0,1
0070fba9-3fa5-4c28-bfc9-ae7184b6c6f6,2024-02-19,2,1,20.0,0,Domicilio,4,TRES CRUCES,0,50,54.0,1
2ad75c23-a462-4368-ac32-7f59da6a3a68,2024-02-19,2,1,20.42,0,Mostrador,4,LOCAL,1,30,35.0,1
cee14b15-fc93-4669-87c1-edc12763aafe,2024-02-22,2,4,19.25,0,Recoger en tienda,5,LOCAL,0,30,47.0,1
2762e62a-45fc-44c8-bab8-e05f461b4c99,2024-02-22,2,4,20.58,0,Recoger,4,LOCAL,0,30,37.0,1
a24d9980-1132-43b8-be07-a2d298fdcf2d,2024-02-24,2,6,19.33,1,Recoger en tienda,2,LOCAL,0,30,34.0,1
3b9a866d-994e-4c9e-b4aa-2b801c967e4b,2024-02-26,2,1,21.42,0,Domicilio,2,PARQUE DE POBLAMIENTO,0,50,43.0,0
2df27448-2bc0-4ee4-8a83-542e5f0f8c54,2024-02-28,2,3,18.83,0,Recoger,5,LOCAL,0,30,40.0,1
0f803fb6-61bf-449a-bbd6-dcd8b935f99b,2024-02-29,2,4,19.25,0,Domicilio,4,TRES CRUCES,0,50,51.0,1
2e45a211-a1cb-4f5a-aba2-96e5708d5bc3,2024-02-29,2,4,20.75,0,Mostrador,2,LOCAL,0,30,26.0,0
3f133f3b-141d-449c-a893-7341213ecca6,2024-03-01,3,5,13.0,0,Recoger,3,LOCAL,0,30,23.0,0
048e5618-4efd-4d4f-b1da-276dcbee4412,2024-03-01,3,5,13.33,0,Domicilio,2,AVIACIÓN CIVIL,1,50,36.0,0
60d838c6-3742-4c22-8c40-ca53ef086a68,2024-03-01,3,5,14.92,0,Recoger,3,LOCAL,0,30,30.0,0
c5d03e6e-b2d9-4411-90c5-10a12c1be088,2024-03-01,3,5,15.0,0,Recoger en tienda,2,LOCAL,1,30,22.0,0
b23dfcd7-827e-4de8-942f-8a0b656f2e90,2024-03-01,3,5,21.33,0,Recoger en tienda,3,LOCAL,0,30,40.0,1
c6b8d685-dd98-487c-983a-be654a34cbdb,2024-03-01,3,5,23.17,0,Domicilio,1,TRES CRUCES,0,50,33.0,0
811853fa-5a08-4645-8cac-eb7c2a8d5658,2024-03-03,3,7,16.0,1,Domicilio,5,CENTRO,0,50,48.0,0
430a2c26-dd30-47a8-ad52-93d11f1b2e9b,2024-03-03,3,7,23.08,1,Domicilio,4,ROJO GOMEZ,0,50,57.0,1
819d2f4e-3b08-4443-b806-2014e34ca375,2024-03-05,3,2,18.83,0,Recoger en tienda,4,LOCAL,0,30,38.0,1
dc091b68-8b46-4522-bf7d-f512abe133d6,2024-03-05,3,2,20.08,0,Recoger,3,LOCAL,0,30,37.0,1
fd86ccb6-81df-41f7-ab51-bd69db04be8a,2024-03-06,3,3,19.0,0,Recoger,4,LOCAL,0,30,34.0,1
d3ed99ee-f45d-4eba-91fd-55fc760e688b,2024-03-06,3,3,19.67,0,Recoger,3,LOCAL,0,30,36.0,1
cd5a4de1-2adf-4329-8196-dd1e06b9ad6d,2024-03-06,3,3,23.17,0,Recoger,1,LOCAL,0,30,20.0,0
97697d6e-c6e1-47bb-a87f-e943bdf3755c,2024-03-07,3,4,19.17,0,Domicilio,3,SANTA IRENE,0,50,46.0,0
223a625e-dfe4-40af-b47f-dc89b0fd9388,2024-03-07,3,4,23.5,0,Domicilio,3,PARQUE DE POBLAMIENTO,0,50,54.0,1
f791b1fa-eef5-49bb-9bb9-1825d0f6e01c,2024-03-09,3,6,13.67,1,Domicilio,1,LA LOMITA,0,50,33.0,0
f77462f2-d236-4665-98c7-cc59358d76a7,2024-03-09,3,6,15.0,1,Mostrador,2,LOCAL,0,30,30.0,0
37d5b583-237f-4095-8848-d7b1913b6843,2024-03-10,3,7,14.75,1,Domicilio,3,TRES CRUCES,0,50,49.0,0
d5a7f435-1c58-4bcd-926d-deb4facc58cc,2024-03-10,3,7,21.67,1,Domicilio,6,CHACATITLA,0,50,65.0,1
b51fa7dc-8a61-4ecd-9bcf-a6ec1dc7175e,2024-03-12,3,2,13.08,0,Domicilio,1,TRES CRUCES,0,50,31.0,0
e6e33c81-b3fe-4d59-9b8c-4dfdbff0195b,2024-03-13,3,3,20.67,0,Mostrador,4,LOCAL,0,30,34.0,1
a66fe43f-2831-41c2-b99a-26c533b303e4,2024-03-14,3,4,21.75,0,Domicilio,3,TODOS POR HIDALGO,0,50,49.0,0
e71934d8-255e-4114-a5d4-5128e902aed6,2024-03-15,3,5,17.08,0,Recoger,3,LOCAL,0,30,21.0,0
0baee385-2b28-4498-bfdd-cdf7832b3404,2024-03-15,3,5,18.42,0,Mostrador,4,LOCAL,0,30,34.0,1
f7bc2c69-ff43-44f5-bfca-d9c2dffff9c0,2024-03-16,3,6,18.75,1,Recoger en tienda,2,LOCAL,0,30,30.0,0
588a2fca-14be-4f9f-9fab-74cd206871db,2024-03-17,3,7,14.5,1,Recoger,3,LOCAL,0,30,25.0,0
e43cf42e-a602-4526-9b09-72cb454a9ddf,2024-03-17,3,7,21.0,1,Recoger en tienda,3,LOCAL,0,30,38.0,1
7f167d93-62b8-4b56-9751-35543b16a28a,2024-03-18,3,1,21.83,0,Recoger en tienda,3,LOCAL,0,30,29.0,0
308cf234-e129-4a3d-875a-e5982eac77b7,2024-03-19,3,2,18.42,0,Domicilio,6,SANTA IRENE,0,50,63.0,1
75edb5fb-e5bf-433a-8e47-ee70de5541d6,2024-03-19,3,2,22.0,0,Domicilio,4,PARQUE DE POBLAMIENTO,0,50,51.0,1
d88bd143-999a-40a4-a9fe-4b7085227e79,2024-03-20,3,3,21.83,0,Recoger en tienda,2,LOCAL,0,30,21.0,0
eca6cf23-f8b7-425a-9fce-0935487bf3d4,2024-03-21,3,4,17.25,0,Domicilio,2,COLALAMBRE,0,50,46.0,0
cacfe909-cbe3-4ac6-9c8d-2763b6d424be,2024-03-21,3,4,18.42,0,Domicilio,4,LA LOMITA,0,50,51.0,1
4bc9a4ab-9d79-43e9-b9ab-01422af2989d,2024-03-21,3,4,20.92,0,Domicilio,6,COLALAMBRE,0,50,66.0,1
f7c68b21-9e57-480b-862e-e17551fec76c,2024-03-21,3,4,21.0,0,Mostrador,1,LOCAL,1,30,31.0,1
207ce21a-48f8-48cc-a97c-bdbe3a7714dd,2024-03-22,3,5,13.75,0,Domicilio,2,ROJO GOMEZ,0,50,39.0,0
2d391f3c-5d2e-4c42-9396-a6d961e05bc3,2024-03-22,3,5,18.33,0,Recoger en tienda,3,LOCAL,0,30,30.0,0
ce24caa2-fae4-4fe7-8641-5a8d7b2f3ea1,2024-03-22,3,5,19.17,0,Recoger,2,LOCAL,0,30,25.0,0
d827072d-53cb-4da1-ba8e-1b3a62651fbb,2024-03-23,3,6,21.92,1,Recoger,3,LOCAL,0,30,34.0,1
baace5d5-9e2a-406d-84b4-2d12074346df,2024-03-24,3,7,18.42,1,Domicilio,6,LA LOMITA,0,50,67.0,1
8b233018-7f58-4242-aad9-4139a5ed4357,2024-03-26,3,2,15.17,0,Recoger,1,LOCAL,0,30,17.0,0
f5868fa9-166a-455c-86a0-1a82efaeb371,2024-03-26,3,2,21.75,0,Mostrador,2,LOCAL,0,30,31.0,1
a8878f8e-a6d3-4321-91dd-d9d77d7c8ce1,2024-03-27,3,3,21.67,0,Domicilio,2,CHACATITLA,0,50,38.0,0
582cee8c-0f73-429b-976a-0ab2c815fcb5,2024-03-27,3,3,23.25,0,Recoger en tienda,1,LOCAL,0,30,16.0,0
0f31f859-627e-4ba3-9d6f-b9f3e2ec2fa5,2024-03-28,3,4,20.83,0,Mostrador,2,LOCAL,0,30,32.0,1
79e87da3-c241-469c-a5f7-bee5ced15b31,2024-03-29,3,5,21.33,0,Recoger,1,LOCAL,0,30,32.0,1
3fa8de03-39b7-4238-aa8a-18e34c5e63bc,2024-03-31,3,7,20.25,1,Recoger,5,LOCAL,0,30,51.0,1
56273deb-f20b-4e94-be55-7960281383d6,2024-04-01,4,1,15.83,0,Domicilio,1,PARQUE DE POBLAMIENTO,0,50,33.0,0
414df1e6-5b4e-47cc-ad95-97c389a13e43,2024-04-01,4,1,20.0,0,Domicilio,4,ROJO GOMEZ,0,50,57.0,1
7a551348-faa0-45c6-8cf3-d04296a22c7e,2024-04-02,4,2,14.33,0,Domicilio,4,PARQUE DE POBLAMIENTO,0,50,41.0,0
a14c760b-14e4-45c6-a29b-fe1f551885f2,2024-04-03,4,3,18.92,0,Recoger,2,LOCAL,0,30,33.0,1
10f2b8a3-a5f7-4e2c-8c4e-293de29faa6a,2024-04-03,4,3,20.58,0,Recoger,5,LOCAL,0,30,40.0,1
6c954639-9bdc-4140-9a5b-975220fba1bb,2024-04-04,4,4,17.0,0,Domicilio,5,TODOS POR HIDALGO,0,50,52.0,1
a662debe-346a-43c0-b820-6037e4a5a4b5,2024-04-04,4,4,19.25,0,Mostrador,7,LOCAL,0,30,40.0,1
f2c283cc-8b6e-4d61-8125-16cf92a74012,2024-04-05,4,5,14.42,0,Mostrador,1,LOCAL,0,30,18.0,0
0e0b9c2b-3ecb-4e0e-8430-f9a9b4f387c3,2024-04-05,4,5,18.25,0,Recoger,1,LOCAL,0,30,24.0,0
d5175565-d440-4344-8c4f-19aeceb4cabe,2024-04-05,4,5,19.42,0,Recoger,4,LOCAL,0,30,35.0,1
d1eeca1e-4e19-4612-9183-b8fa96522054,2024-04-05,4,5,22.08,0,Mostrador,2,LOCAL,0,30,26.0,0
f0fb6619-99b5-4876-8f22-c7dedbe9a044,2024-04-06,4,6,20.92,1,Recoger en tienda,7,LOCAL,0,30,59.0,1
e53efdc0-e5b8-4a57-90e7-238656a42602,2024-04-08,4,1,22.17,0,Recoger en tienda,3,LOCAL,0,30,23.0,0
d0c73210-b4cd-42e2-89a2-0b343d818362,2024-04-09,4,2,15.83,0,Recoger en tienda,5,LOCAL,0,30,33.0,1
272a4326-5256-486d-84da-30de7f7fd40d,2024-04-09,4,2,17.83,0,Mostrador,4,LOCAL,0,30,30.0,0
c48fae88-c8af-4e8b-bbd6-ef640ed54474,2024-04-10,4,3,21.67,0,Mostrador,4,LOCAL,0,30,37.0,1
d7c9b70c-bc24-4a79-bbb2-a0ec6e231903,2024-04-10,4,3,23.58,0,Recoger,1,LOCAL,0,30,19.0,0
76c8d5ff-a199-44f4-a78e-e535c747a321,2024-04-10,4,3,23.75,0,Recoger en tienda,3,LOCAL,1,30,23.0,0
8fdffa2d-87a1-46ed-8ee1-894b9a254df5,2024-04-12,4,5,23.08,0,Recoger,2,LOCAL,0,30,21.0,0
2003f956-4aae-4d27-af00-4f6b6c689014,2024-04-13,4,6,15.33,1,Domicilio,3,TRES CRUCES,0,50,50.0,0
b6868517-c935-469b-96ee-e2e8fe479eb3,2024-04-13,4,6,18.17,1,Domicilio,2,PARQUE DE POBLAMIENTO,0,50,45.0,0
988ea4cf-bdb5-4715-986b-1c6907ba5499,2024-04-13,4,6,22.5,1,Recoger,4,LOCAL,0,30,38.0,1
1f40c567-1534-4b41-8e91-35ba800bc07f,2024-04-17,4,3,19.92,0,Recoger,2,LOCAL,0,30,28.0,0
f20cf0ea-1c21-4f12-abc6-b30a0d91137b,2024-04-18,4,4,16.08,0,Recoger,1,LOCAL,0,30,16.0,0
80a0743d-b104-4e15-bc75-3defe1064506,2024-04-19,4,5,21.58,0,Recoger,2,LOCAL,0,30,27.0,0
42defa32-518f-4589-b716-9c45d7fa79f2,2024-04-20,4,6,13.67,1,Recoger,4,LOCAL,0,30,35.0,1
fc07ca3f-0bcd-4711-a977-45134d325245,2024-04-20,4,6,20.58,1,Recoger en tienda,8,LOCAL,0,30,56.0,1
a7a9d3b7-df15-4419-b655-859ff545c06e,2024-04-20,4,6,21.0,1,Domicilio,3,LA LOMITA,1,50,48.0,0
ae0fc7a0-768d-43b0-9c13-d9d81ccf1513,2024-04-20,4,6,21.0,1,Domicilio,4,AVIACIÓN CIVIL,2,50,58.0,1
966b42cd-150c-4b38-bc85-93d6bbca5aa0,2024-04-20,4,6,22.58,1,Recoger en tienda,5,LOCAL,0,30,41.0,1
6f905e8c-dedc-4394-96c9-7fe7723aeb5b,2024-04-21,4,7,14.08,1,Mostrador,3,LOCAL,0,30,33.0,1
d890b170-3e45-4e19-8b39-2e825945ab42,2024-04-21,4,7,18.42,1,Recoger,2,LOCAL,0,30,27.0,0
d420404a-f40b-4af4-8252-2bf8e0852e71,2024-04-21,4,7,19.0,1,Domicilio,5,CHACATITLA,0,50,58.0,1
33652b9f-3ad0-4a81-96d9-c178fb99c7fb,2024-04-21,4,7,19.25,1,Domicilio,6,TRES CRUCES,1,50,70.0,1
edf07477-d29a-41b5-89e7-87283aea7d90,2024-04-22,4,1,18.5,0,Domicilio,2,ROJO GOMEZ,0,50,46.0,0
07921b42-7721-4a98-adc7-fc881f287a13,2024-04-23,4,2,17.75,0,Recoger,4,LOCAL,0,30,26.0,0
0eea26fe-b614-4b48-8932-02a5314cab80,2024-04-23,4,2,20.0,0,Domicilio,4,AVIACION,0,50,59.0,1
905afe86-3397-4a60-b887-00a6b6c1aeb5,2024-04-26,4,5,18.75,0,Recoger,4,LOCAL,0,30,31.0,1
d38d86ce-3521-47da-b4c6-158e90de67a2,2024-04-26,4,5,18.83,0,Mostrador,2,LOCAL,1,30,27.0,0
4b8d530c-2f44-4b24-ae57-4f997d50b67b,2024-04-27,4,6,19.33,1,Domicilio,3,COLALAMBRE,0,50,61.0,1
87c1d8e9-062e-4296-b04b-301811bbd567,2024-04-27,4,6,20.08,1,Recoger,3,LOCAL,0,30,35.0,1
1f8805e0-8c5c-4c46-9bb4-2d87e5357293,2024-04-27,4,6,21.0,1,Domicilio,1,COLALAMBRE,0,50,43.0,0
99812e1c-2976-4103-8291-faf189b74ef4,2024-04-28,4,7,20.75,1,Domicilio,2,AVIACIÓN CIVIL,0,50,48.0,0
89858395-fa36-43e8-823f-5830112e53ca,2024-04-30,4,2,23.5,0,Recoger en tienda,3,LOCAL,0,30,24.0,0
959ca41d-24d5-42d8-b443-a002da786951,2024-05-01,5,3,18.75,0,Domicilio,1,AVIACIÓN CIVIL,0,50,38.0,0
82f3fa36-f7c8-4135-a4e5-194879cfe428,2024-05-01,5,3,19.42,0,Mostrador,3,LOCAL,0,30,31.0,1
2b15976d-8409-4067-ade5-f49b9e6de94e,2024-05-01,5,3,21.67,0,Domicilio,3,TRES CRUCES,0,50,51.0,1
686ddfdd-35f7-46e6-ba4c-b507a4209f45,2024-05-02,5,4,19.17,0,Domicilio,1,CHACATITLA,0,50,39.0,0
32cec1a7-2022-40c3-b7a1-bbcbcb413114,2024-05-02,5,4,21.17,0,Recoger en tienda,3,LOCAL,0,30,36.0,1
17ea330a-1c8a-4d79-bb63-31b86a24b9bd,2024-05-03,5,5,20.42,0,Recoger en tienda,3,LOCAL,0,30,37.0,1
deb0159c-4289-4a59-83ff-4329d5c76337,2024-05-03,5,5,22.67,0,Recoger,3,LOCAL,0,30,30.0,0
a532a652-4e97-431e-85ea-cba4205f1c7e,2024-05-03,5,5,23.17,0,Domicilio,2,ROJO GOMEZ,1,50,40.0,0
7b3b6356-61b0-4adf-a864-173139827339,2024-05-05,5,7,18.08,1,Recoger en tienda,3,LOCAL,0,30,35.0,1
72a91f43-3d3f-4b53-8115-4f9ef230abd9,2024-05-05,5,7,19.67,1,Mostrador,3,LOCAL,0,30,37.0,1
143a7c22-1e85-42d5-b48c-c320ba6fcb10,2024-05-05,5,7,20.58,1,Recoger,3,LOCAL,0,30,36.0,1
98c905aa-de81-4452-bc3f-9a64469747b3,2024-05-05,5,7,21.5,1,Mostrador,2,LOCAL,0,30,38.0,1
9b3c5a82-e707-4ac0-b046-20976a3887d5,2024-05-06,5,1,23.42,0,Recoger en tienda,2,LOCAL,0,30,22.0,0
b0f1396d-66d1-447d-814a-123ffa433d94,2024-05-07,5,2,13.58,0,Mostrador,4,LOCAL,0,30,33.0,1
8842bc93-6550-408f-95fc-2881b0a37094,2024-05-08,5,3,14.0,0,Domicilio,3,PARQUE DE POBLAMIENTO,0,50,42.0,0
4ce2953b-0d3c-4afb-98aa-d95aebc14e5f,2024-05-08,5,3,22.08,0,Recoger,3,LOCAL,0,30,26.0,0
1aa257e7-da7c-43ea-a505-5d58ea706f4c,2024-05-09,5,4,13.17,0,Domicilio,1,PARQUE DE POBLAMIENTO,0,50,36.0,0
9578e497-531f-4fba-b45c-bb805150468d,2024-05-13,5,1,20.0,0,Recoger,4,LOCAL,0,30,31.0,1
a3447528-5516-4830-a99e-fbf152e00d50,2024-05-13,5,1,22.0,0,Recoger,4,LOCAL,0,30,35.0,1
989291b6-db75-48d5-8d39-90ed5d270767,2024-05-14,5,2,19.25,0,Recoger en tienda,1,LOCAL,0,30,23.0,0
7716c035-a1c6-4b94-af1b-7a6ccfea2bed,2024-05-14,5,2,20.33,0,Domicilio,4,LOS CANTORES,0,50,50.0,0
7876fec1-44fa-48e0-bed7-4543f4ba37b5,2024-05-15,5,3,17.0,0,Recoger,3,LOCAL,0,30,22.0,0
9495ba55-4f95-412c-8000-1df4464da269,2024-05-16,5,4,14.42,0,Domicilio,3,CHACATITLA,0,50,38.0,0
a94c39fc-fe32-479b-8b35-6126a9b98009,2024-05-17,5,5,22.33,0,Recoger en tienda,3,LOCAL,0,30,22.0,0
41c84113-0491-457a-8cf3-fd3d4972c4ea,2024-05-18,5,6,17.08,1,Recoger,2,LOCAL,0,30,22.0,0
a625bf42-d53b-4fe1-ba9d-08d79b980708,2024-05-18,5,6,21.25,1,Recoger en tienda,4,LOCAL,0,30,44.0,1
2777223e-1340-46db-9806-37351f25e451,2024-05-18,5,6,21.67,1,Recoger en tienda,5,LOCAL,1,30,46.0,1
8b782a3d-e643-45cc-b857-bd15d8ed3e88,2024-05-19,5,7,16.42,1,Domicilio,3,TRES CRUCES,0,50,46.0,0
5bacd9fc-5aaf-4a24-bd05-a8806ea629fb,2024-05-20,5,1,14.83,0,Domicilio,4,COLALAMBRE,0,50,44.0,0
3a83f0e5-d018-4b95-9dd8-67934caddd43,2024-05-20,5,1,16.92,0,Recoger,4,LOCAL,0,30,36.0,1
c11ff3ba-8ce8-4cd6-afad-7cf5284b44b4,2024-05-20,5,1,22.92,0,Recoger,2,LOCAL,0,30,22.0,0
fe2c5093-ee80-413e-a6a2-19193bc9cf93,2024-05-21,5,2,13.92,0,Domicilio,2,LA LOMITA,0,50,38.0,0
24e9af81-27be-4c33-a41b-0f75bcc63065,2024-05-21,5,2,16.25,0,Domicilio,3,LOS CANTORES,0,50,36.0,0
5acaedc5-addd-4549-a0a3-63e2cff82544,2024-05-21,5,2,19.83,0,Domicilio,6,LOS CANTORES,0,50,59.0,1
8da8185a-cf89-49ff-b8cc-2c60dcfaa9a1,2024-05-21,5,2,19.83,0,Recoger en tienda,3,LOCAL,1,30,36.0,1
584b9fb4-f87f-4eee-ba5b-110468f139bc,2024-05-22,5,3,20.83,0,Domicilio,4,SANTA IRENE,0,50,53.0,1
38066fe6-7256-4f75-9624-4bc7f080d89f,2024-05-22,5,3,21.08,0,Domicilio,5,CHACATITLA,1,50,55.0,1
deff56fb-7018-4de7-9e3f-5febed158848,2024-05-23,5,4,14.75,0,Recoger en tienda,5,LOCAL,0,30,28.0,0
858b58d4-b8c9-473d-87dc-6e8ff8a7b60d,2024-05-24,5,5,15.25,0,Domicilio,5,AVIACIÓN CIVIL,0,50,49.0,0
4677c5c3-112e-4183-a9c4-2f1b372da195,2024-05-25,5,6,16.67,1,Recoger,6,LOCAL,0,30,41.0,1
2ebfa2f1-9cd5-4120-9ce0-03e5c2690375,2024-05-25,5,6,18.33,1,Mostrador,1,LOCAL,0,30,35.0,1
54642675-476b-4320-b45d-38fed407a24b,2024-05-25,5,6,19.83,1,Domicilio,4,ROJO GOMEZ,0,50,66.0,1
df3780ca-b485-44a2-85e5-aec00e3d40a1,2024-05-26,5,7,13.0,1,Recoger en tienda,1,LOCAL,0,30,24.0,0
8ddf88ca-b438-4feb-a72e-49ace9d0820b,2024-05-26,5,7,18.67,1,Domicilio,3,LA LOMITA,0,50,50.0,0
d75f6e9b-7bc4-4bb8-8c6a-4de47920740b,2024-05-27,5,1,18.42,0,Recoger en tienda,2,LOCAL,0,30,32.0,1
9b1e0075-d5fc-4864-8be8-4a0fab31ca6a,2024-05-27,5,1,18.75,0,Domicilio,3,COLALAMBRE,1,50,49.0,0
7b599382-51b5-40fa-8621-b982dfc68959,2024-05-28,5,2,14.17,0,Recoger,5,LOCAL,0,30,32.0,1
b8a37696-3ac1-437e-af27-ebd0d012ff57,2024-05-28,5,2,20.42,0,Domicilio,3,LA LOMITA,0,50,43.0,0
cf8348bc-689e-42bb-9855-00e5b7944263,2024-05-29,5,3,15.75,0,Mostrador,5,LOCAL,0,30,34.0,1
a5c7b82e-75e9-430b-9c5a-9ec867bd18ad,2024-05-29,5,3,19.17,0,Recoger en tienda,2,LOCAL,0,30,30.0,0
041a017d-1f1a-4279-aa72-4d70dfe50425,2024-05-29,5,3,21.67,0,Domicilio,6,TODOS POR HIDALGO,0,50,64.0,1
136188c2-93c2-4efb-9236-d7d055a289d1,2024-05-30,5,4,19.42,0,Domicilio,3,SANTA IRENE,0,50,50.0,0
1f67ed47-581b-4ad4-b306-ce1b4821a603,2024-05-31,5,5,19.17,0,Recoger,3,LOCAL,0,30,26.0,0
3ab6f5e6-62bf-43b3-accd-e4b77dea4341,2024-06-01,6,6,20.42,1,Mostrador,3,LOCAL,0,30,36.0,1
7505969d-951d-4cc9-a9c9-fe4b41de3d8a,2024-06-01,6,6,21.17,1,Recoger en tienda,4,LOCAL,0,30,45.0,1
a0b7fc76-886f-4015-8942-4c4f3ce4240e,2024-06-01,6,6,22.92,1,Domicilio,4,LOS CANTORES,0,50,45.0,0
01111ea9-5bd4-407d-ad18-2b80e6eb03e8,2024-06-02,6,7,21.17,1,Recoger en tienda,1,LOCAL,0,30,25.0,0
f9accdfe-b0db-43ac-9aeb-b27c625d611f,2024-06-02,6,7,21.33,1,Recoger en tienda,5,LOCAL,1,30,47.0,1
23d63850-2584-40a9-959d-33e0498cfd37,2024-06-02,6,7,23.25,1,Domicilio,2,COLALAMBRE,0,50,36.0,0
1c0a29be-002f-44a1-96a4-ad4a0dd30ba7,2024-06-04,6,2,13.08,0,Recoger en tienda,3,LOCAL,0,30,21.0,0
3a03adbc-366c-48e2-b57b-fc01c4a56791,2024-06-04,6,2,13.92,0,Recoger en tienda,1,LOCAL,0,30,15.0,0
b896c001-30fa-4976-b3d4-bd5e8f9d36e2,2024-06-04,6,2,17.25,0,Domicilio,3,CHACATITLA,0,50,40.0,0
8a5aadce-5eed-4b21-bb52-7d9796ac3a26,2024-06-05,6,3,20.33,0,Domicilio,1,CENTRO,0,50,32.0,0
5cee067b-20f5-4fb4-b632-2f231b3ec172,2024-06-05,6,3,20.67,0,Recoger,3,LOCAL,1,30,38.0,1
90e9626e-7d1d-454b-b812-31989369b8cd,2024-06-05,6,3,21.25,0,Recoger,6,LOCAL,0,30,39.0,1
60898505-50be-4eb8-af1c-3871ca7b683b,2024-06-06,6,4,17.0,0,Mostrador,4,LOCAL,0,30,29.0,0
65422b2e-ec95-4c61-a841-f6d1ea55266b,2024-06-07,6,5,18.5,0,Mostrador,5,LOCAL,0,30,34.0,1
4da2ba12-7125-431d-b221-70459d93aec8,2024-06-07,6,5,19.17,0,Mostrador,1,LOCAL,0,30,25.0,0
dd5dc498-a196-4aa3-a264-7174ba26bf83,2024-06-08,6,6,14.83,1,Recoger,3,LOCAL,0,30,27.0,0
a7a5c21e-1e1e-4c16-b817-c9b81742610b,2024-06-08,6,6,19.5,1,Domicilio,8,PARQUE DE POBLAMIENTO,0,50,74.0,1
ad90672a-28db-48a2-a14a-696e2c72e6a2,2024-06-09,6,7,15.5,1,Recoger,1,LOCAL,0,30,27.0,0
92ac9c3d-9d34-494d-8da6-bf43f6fb028b,2024-06-10,6,1,13.33,0,Recoger en tienda,4,LOCAL,0,30,36.0,1
7ff0b56f-1d03-432b-a490-5ede02295e38,2024-06-10,6,1,15.5,0,Mostrador,4,LOCAL,0,30,23.0,0
327b90db-3936-4991-986a-e388e5cefb03,2024-06-10,6,1,16.83,0,Recoger,3,LOCAL,0,30,23.0,0
0e377df8-a808-4dcc-9e0f-800d096dbdaa,2024-06-10,6,1,17.0,0,Domicilio,1,PARQUE DE POBLAMIENTO,1,50,39.0,0
0bacf6a9-4c27-4b37-8d3a-cd61af2bf48e,2024-06-10,6,1,21.75,0,Recoger,2,LOCAL,0,30,26.0,0
7e810031-ba60-4b24-9136-72c234d2825b,2024-06-11,6,2,20.67,0,Domicilio,3,AVIACION,0,50,49.0,0
2271632f-29b6-41e1-8e75-16ac70afe4d0,2024-06-12,6,3,19.92,0,Domicilio,4,ROJO GOMEZ,0,50,55.0,1
5e71bebd-4bb9-4ec2-8c2e-872f485c3b7d,2024-06-12,6,3,20.42,0,Mostrador,3,LOCAL,1,30,37.0,1
3c78b707-3e98-458c-a067-7bdc0706b9d1,2024-06-13,6,4,18.0,0,Recoger,5,LOCAL,0,30,41.0,1
bb1a74af-c3a9-4305-b64b-22380821a815,2024-06-13,6,4,19.67,0,Recoger en tienda,5,LOCAL,0,30,48.0,1
650510ca-214f-498a-8b1a-fa9c8fec2fd6,2024-06-13,6,4,20.0,0,Domicilio,5,COLALAMBRE,1,50,64.0,1
a0407f92-c95c-488a-8ec5-cba36b75a5c7,2024-06-13,6,4,23.92,0,Recoger en tienda,5,LOCAL,0,30,34.0,1
11579d53-1a59-4dd2-a14a-1c1729da829e,2024-06-14,6,5,15.33,0,Recoger en tienda,3,LOCAL,0,30,27.0,0
0e655f53-9b53-4d85-8847-3da9e4441865,2024-06-14,6,5,18.67,0,Domicilio,3,ROJO GOMEZ,0,50,47.0,0
69d50c24-1722-4264-8377-7b88e54c0c28,2024-06-14,6,5,21.5,0,Recoger,3,LOCAL,0,30,30.0,0
1b8ad39b-122d-4eb7-a8f8-d6f7a28df23a,2024-06-15,6,6,16.67,1,Recoger,3,LOCAL,0,30,30.0,0
f87511c3-fb40-47ec-9703-b1566e3a9c2b,2024-06-15,6,6,19.08,1,Domicilio,2,COLALAMBRE,0,50,48.0,0
e18573d9-4ca2-440e-b165-2c8fef1f4cdb,2024-06-15,6,6,23.75,1,Domicilio,5,COLALAMBRE,0,50,48.0,0
80e93cee-fa85-4f35-8a5c-66d888589da5,2024-06-16,6,7,20.33,1,Mostrador,1,LOCAL,0,30,27.0,0
35a4346a-ac4c-47fe-a8aa-f345c069ea05,2024-06-16,6,7,20.67,1,Recoger,3,LOCAL,1,30,37.0,1
bab26d28-1d4b-4bd1-950f-4a76e1abfc71,2024-06-16,6,7,23.0,1,Domicilio,2,TODOS POR HIDALGO,0,50,42.0,0
49e1b462-0336-4601-88dc-c4fa5c08c1df,2024-06-17,6,1,18.42,0,Domicilio,4,AVIACIÓN CIVIL,0,50,45.0,0
71e3c913-cfdb-456f-9a25-dc34b3111f2e,2024-06-17,6,1,19.33,0,Recoger en tienda,3,LOCAL,0,30,39.0,1
5fbe3ef6-ab2d-41ee-84e8-14e66ffb50ad,2024-06-18,6,2,19.33,0,Recoger,3,LOCAL,0,30,24.0,0
7042b2c1-be58-46a4-b0b1-a17b27cf44f5,2024-06-18,6,2,21.08,0,Domicilio,4,CHACATITLA,0,50,53.0,1
719fba43-4316-4cc1-9c01-cd36422b8c2b,2024-06-19,6,3,16.58,0,Recoger,3,LOCAL,0,30,31.0,1
c106790b-b4d9-44b3-bc7a-46d728389bf6,2024-06-19,6,3,19.08,0,Mostrador,3,LOCAL,0,30,42.0,1
1cd8d581-689a-4088-95d9-c75509a0fdcc,2024-06-19,6,3,19.42,0,Recoger en tienda,6,LOCAL,1,30,48.0,1
b222b0e1-8e84-4741-8cfa-55dd9e7a931f,2024-06-19,6,3,19.83,0,Domicilio,4,SANTA IRENE,1,50,52.0,1
9834546a-993e-44d4-9315-a73b14c5256d,2024-06-20,6,4,15.83,0,Domicilio,1,PARQUE DE POBLAMIENTO,0,50,36.0,0
e96b2151-9567-4b60-8a3d-36ab84baabc6,2024-06-20,6,4,23.33,0,Recoger en tienda,3,LOCAL,0,30,31.0,1
6cbe71dd-1fa6-4ccd-b55a-c815016c4bb1,2024-06-21,6,5,14.25,0,Domicilio,6,TODOS POR HIDALGO,0,50,54.0,1
75f86454-324f-4556-a503-9be624f14a36,2024-06-21,6,5,19.33,0,Recoger en tienda,4,LOCAL,0,30,38.0,1
d0aa1d32-ee9b-4d40-8b79-42dce6293289,2024-06-23,6,7,18.25,1,Domicilio,7,AVIACION,0,50,67.0,1
43181cf1-827d-48c6-a36c-476f223268c4,2024-06-23,6,7,21.25,1,Recoger en tienda,2,LOCAL,0,30,31.0,1
72c206d7-46d5-432a-a6c0-4ecf70c5d757,2024-06-24,6,1,22.42,0,Domicilio,4,TODOS POR HIDALGO,0,50,54.0,1
5d3d1125-23c7-470b-8f6d-45a44209a28d,2024-06-28,6,5,20.83,0,Mostrador,6,LOCAL,0,30,45.0,1
c9976e82-aff2-4ff0-ab76-74a44b209edc,2024-06-29,6,6,21.83,1,Domicilio,6,PARQUE DE POBLAMIENTO,0,50,72.0,1
7e87a2e3-956d-4045-993f-16e416e7804c,2024-06-30,6,7,22.08,1,Domicilio,2,CHACATITLA,0,50,43.0,0
c8270c2b-72fb-422f-a671-da157f3fe4d8,2024-07-01,7,1,21.25,0,Domicilio,3,TODOS POR HIDALGO,0,50,51.0,1
891da753-db0a-4659-80c6-6d7c67420686,2024-07-02,7,2,22.0,0,Mostrador,2,LOCAL,0,30,16.0,0
8ebaa128-a4d2-4e4b-892a-ce0d17ab5387,2024-07-02,7,2,22.75,0,Recoger,2,LOCAL,0,30,22.0,0
94aa987a-0e25-497f-bda3-bdf17b334656,2024-07-03,7,3,22.83,0,Recoger,3,LOCAL,0,30,20.0,0
939eb762-c3b6-487c-8f5b-b8474e0a7fb2,2024-07-04,7,4,21.58,0,Mostrador,5,LOCAL,0,30,42.0,1
c64339ea-a9ca-4398-b02b-0d3c29a7c100,2024-07-05,7,5,16.42,0,Domicilio,2,TODOS POR HIDALGO,0,50,44.0,0
03f8e72d-baec-447e-9816-280f6f53bf68,2024-07-07,7,7,18.17,1,Domicilio,4,AVIACION,0,50,58.0,1
47f46217-5200-4e2f-b827-f7d7a0140624,2024-07-08,7,1,21.08,0,Domicilio,2,ROJO GOMEZ,0,50,43.0,0
73690d3d-7354-4b3d-a75f-2e015cd8a82c,2024-07-08,7,1,23.17,0,Recoger,1,LOCAL,0,30,25.0,0
06e7f501-6f62-4f01-ae65-0d10c0fe8251,2024-07-09,7,2,20.83,0,Mostrador,3,LOCAL,0,30,24.0,0
d266daec-4707-4f96-9076-b18792f187aa,2024-07-10,7,3,13.0,0,Domicilio,3,COLALAMBRE,0,50,39.0,0
db321858-d313-4ed9-a9f0-d74252c17dcb,2024-07-10,7,3,23.42,0,Recoger en tienda,3,LOCAL,0,30,24.0,0
17929bfc-d422-44f2-b1e8-93b0d477d5f4,2024-07-10,7,3,23.83,0,Domicilio,5,LA LOMITA,1,50,54.0,1
ca97bbf8-65fc-4624-9db6-ec994902028f,2024-07-12,7,5,17.83,0,Recoger,1,LOCAL,0,30,15.0,0
ed99c855-2e5a-4cd4-88e3-f31a1e8cb7ca,2024-07-12,7,5,17.83,0,Domicilio,2,CHACATITLA,1,50,42.0,0
c052bea6-bdb0-4861-b186-d1df5bb28459,2024-07-12,7,5,20.92,0,Recoger,4,LOCAL,0,30,37.0,1
a2e2636b-034f-40a9-9401-035f2b43e7ce,2024-07-12,7,5,21.67,0,Recoger en tienda,1,LOCAL,0,30,29.0,0
ce47991c-3714-443a-b543-315d41f70c82,2024-07-13,7,6,18.58,1,Domicilio,4,LA LOMITA,0,50,56.0,1
bd90a04e-7bd1-454e-a8c7-a0ce28b6437b,2024-07-14,7,7,15.33,1,Domicilio,3,LOS CANTORES,0,50,46.0,0
7587b607-0210-40b3-a1c5-45955510a58b,2024-07-16,7,2,21.75,0,Domicilio,2,TRES CRUCES,0,50,41.0,0
0e501fd7-7fc8-4695-a8c2-d89f238b099a,2024-07-16,7,2,23.08,0,Mostrador,4,LOCAL,0,30,30.0,0
5fbb99d5-39c9-4804-ba65-653675d4b6e9,2024-07-17,7,3,19.25,0,Domicilio,2,TODOS POR HIDALGO,0,50,50.0,0
cfee06bf-5074-41ed-bccb-eee7fdef173a,2024-07-19,7,5,19.0,0,Recoger,4,LOCAL,0,30,32.0,1
7c600290-2e27-482e-b9db-2cb62d588637,2024-07-19,7,5,21.92,0,Domicilio,7,TODOS POR HIDALGO,0,50,63.0,1
a1eee03d-3a66-452b-b72a-9d9fa83d413d,2024-07-20,7,6,14.17,1,Recoger en tienda,4,LOCAL,0,30,34.0,1
928ffdb5-44ad-4d42-9333-456237db0ee6,2024-07-20,7,6,16.42,1,Domicilio,5,COLALAMBRE,0,50,62.0,1
15d6c759-3ba1-4316-84d9-4f675d884e62,2024-07-20,7,6,20.5,1,Domicilio,5,ROJO GOMEZ,0,50,55.0,1
359f962e-c557-42c5-afc2-ae2c9c0aed0e,2024-07-21,7,7,18.25,1,Domicilio,4,TODOS POR HIDALGO,0,50,60.0,1
c3490caa-2de7-42da-993e-0aefd2b230dd,2024-07-21,7,7,19.67,1,Domicilio,2,LOS CANTORES,0,50,50.0,0
d15da72b-d5b5-41be-8eab-01302246a63e,2024-07-22,7,1,19.25,0,Recoger en tienda,4,LOCAL,0,30,44.0,1
e87d160b-a936-486a-b840-619b85cd56dd,2024-07-22,7,1,22.75,0,Mostrador,3,LOCAL,0,30,29.0,0
d8535705-6387-4656-be23-3ff33b3b5a14,2024-07-24,7,3,20.67,0,Recoger,3,LOCAL,0,30,34.0,1
158c6260-2019-4ee9-a370-44e203ef5b43,2024-07-25,7,4,16.25,0,Recoger en tienda,2,LOCAL,0,30,23.0,0
00db8666-a98e-4561-9b1e-8dc37277f371,2024-07-26,7,5,13.92,0,Recoger,1,LOCAL,0,30,20.0,0
160d8d14-78d0-4eb1-a07f-0c87f8fc1b02,2024-07-26,7,5,14.75,0,Recoger,1,LOCAL,0,30,16.0,0
86397577-6886-47f5-92f1-cb412d751ff1,2024-07-27,7,6,14.58,1,Domicilio,8,AVIACION,0,50,66.0,1
18a18a5b-4c92-444d-9e3d-35c169271823,2024-07-27,7,6,16.08,1,Recoger,5,LOCAL,0,30,39.0,1
07c8696b-d79b-4ec4-b4c3-a45724367138,2024-07-27,7,6,23.83,1,Recoger en tienda,3,LOCAL,0,30,24.0,0
6a132b55-a437-4c7c-90e7-8d2cb0249663,2024-07-28,7,7,14.33,1,Recoger,7,LOCAL,0,30,45.0,1
bf12dcb2-bbb8-49dc-a26f-12feffddeeff,2024-07-28,7,7,16.08,1,Mostrador,2,LOCAL,0,30,33.0,1
d58c8b1b-324b-4fe0-bd15-bf7919d379d3,2024-07-28,7,7,23.83,1,Mostrador,2,LOCAL,0,30,28.0,0
c341231b-8998-4e6a-911c-f1815edc2d5d,2024-07-31,7,3,18.0,0,Recoger,2,LOCAL,0,30,32.0,1
1c8fbab8-85f9-4279-a16e-f2044110b98d,2024-08-01,8,4,15.08,0,Mostrador,2,LOCAL,0,30,26.0,0
7880ab43-f8d2-4d2f-bfe7-eaf5735d3d26,2024-08-02,8,5,19.33,0,Domicilio,1,CHACATITLA,0,50,40.0,0
27e66d8f-ff6a-44ad-9f01-479c7c9d0763,2024-08-03,8,6,13.25,1,Recoger en tienda,1,LOCAL,0,30,20.0,0
93844d11-6bb5-468b-be44-aae7b3085bd2,2024-08-03,8,6,20.83,1,Recoger en tienda,3,LOCAL,0,30,36.0,1
0a979007-d18f-43a6-b00c-590faf42bb78,2024-08-03,8,6,22.25,1,Domicilio,2,PARQUE DE POBLAMIENTO,0,50,44.0,0
bd268a94-7002-41c8-980f-4891855bc53a,2024-08-04,8,7,20.08,1,Domicilio,2,TRES CRUCES,0,50,50.0,0
addeb061-30bc-4e75-b46c-4c124a3798aa,2024-08-04,8,7,20.42,1,Domicilio,3,AVIACION,1,50,56.0,1
43efc632-2bb2-4d21-bfba-eab07f4a54b3,2024-08-04,8,7,20.58,1,Recoger,4,LOCAL,2,30,52.0,1
3b520de3-b974-4e95-bb8a-539c9f6953f5,2024-08-04,8,7,21.0,1,Domicilio,1,COLALAMBRE,1,50,49.0,0
c86c417c-7e96-45a3-aaba-060f16758131,2024-08-04,8,7,21.33,1,Recoger,5,LOCAL,1,30,53.0,1
f253a59f-e74b-4bfd-b3ff-1bcc68517ef3,2024-08-05,8,1,21.33,0,Recoger,2,LOCAL,0,30,25.0,0
40085d52-5774-4fec-bdf1-6c64f6e403c2,2024-08-06,8,2,23.25,0,Recoger en tienda,2,LOCAL,0,30,29.0,0
7790a3a3-8648-4924-8e34-00e9c01915e5,2024-08-07,8,3,13.67,0,Recoger,1,LOCAL,0,30,18.0,0
a3c6f88b-eab2-4124-9b88-e10bfa075e3d,2024-08-07,8,3,16.75,0,Recoger en tienda,4,LOCAL,0,30,31.0,1
4a585705-c23a-49a8-9517-0e1689712640,2024-08-07,8,3,18.83,0,Recoger,2,LOCAL,0,30,32.0,1
e2576259-8ee2-4853-83a1-4530b6179ba2,2024-08-07,8,3,22.75,0,Domicilio,1,COLALAMBRE,0,50,38.0,0
e74b9873-7c46-4548-a4c6-abf5c8b897ed,2024-08-08,8,4,23.58,0,Mostrador,4,LOCAL,0,30,31.0,1
239de73f-fa09-4ae0-bdcd-12d9fe596f1b,2024-08-09,8,5,16.0,0,Recoger en tienda,5,LOCAL,0,30,35.0,1
903f3b98-a385-48af-abd4-775ca35d1e0d,2024-08-09,8,5,19.67,0,Recoger,2,LOCAL,0,30,28.0,0
f239b5ac-e841-42c5-bdc5-0af0c2539e91,2024-08-09,8,5,22.75,0,Domicilio,4,PARQUE DE POBLAMIENTO,0,50,54.0,1
8902270f-90cb-4c3c-b581-974044c30d32,2024-08-09,8,5,22.92,0,Mostrador,1,LOCAL,1,30,20.0,0
1aa1125b-8510-46a3-8e56-94f0ff6e981f,2024-08-10,8,6,21.75,1,Recoger en tienda,4,LOCAL,0,30,41.0,1
1599ce80-32f1-4441-a478-c59a00b72fc4,2024-08-10,8,6,21.83,1,Recoger en tienda,2,LOCAL,1,30,31.0,1
6397508b-f194-4236-9a27-f9409493cc2c,2024-08-11,8,7,18.25,1,Domicilio,4,COLALAMBRE,0,50,55.0,1
7a395597-7918-46af-9647-ba4fb3ba729f,2024-08-11,8,7,20.0,1,Domicilio,7,ROJO GOMEZ,0,50,76.0,1
8f49e0e4-d4c4-4db5-983e-b4fc1bca1ffc,2024-08-11,8,7,21.25,1,Recoger,3,LOCAL,0,30,36.0,1
17fccd21-e8b8-4089-9241-319f7318c5bb,2024-08-12,8,1,18.75,0,Recoger,4,LOCAL,0,30,38.0,1
b6e01d7b-46a4-47bb-8a9b-04006416213f,2024-08-13,8,2,20.92,0,Recoger en tienda,5,LOCAL,0,30,40.0,1
babf27b4-31c1-4095-b79e-49a271f1f8aa,2024-08-13,8,2,20.92,0,Recoger en tienda,2,LOCAL,1,30,32.0,1
273b3f89-3c14-4764-8c97-e0e687e2d82c,2024-08-13,8,2,22.17,0,Recoger,2,LOCAL,0,30,23.0,0
20bd040c-b963-41fe-998d-4e4aaeb20ed6,2024-08-15,8,4,17.5,0,Recoger en tienda,1,LOCAL,0,30,15.0,0
b92cb2c8-5dd1-41c1-86df-c0b2ea3ea89e,2024-08-15,8,4,17.83,0,Domicilio,4,LOS CANTORES,1,50,50.0,0
eca8cdb6-c17d-45eb-951b-231201e3cebb,2024-08-16,8,5,17.92,0,Recoger en tienda,2,LOCAL,0,30,31.0,1
9d8d1edf-0fae-4db2-bc4b-1d361b783d7e,2024-08-16,8,5,22.67,0,Domicilio,4,CHACATITLA,0,50,43.0,0
e781e8cf-6290-4b2a-91c2-962a23018daa,2024-08-17,8,6,20.17,1,Domicilio,2,AVIACIÓN CIVIL,0,50,44.0,0
f71ce21a-23b0-4300-89f3-4671c8f5a86a,2024-08-17,8,6,22.67,1,Recoger en tienda,3,LOCAL,0,30,22.0,0
658471e3-df18-4c8f-a4d1-558a14e19560,2024-08-18,8,7,19.42,1,Recoger,2,LOCAL,0,30,24.0,0
3206dd4c-8288-42f2-81ee-d09e1db263b9,2024-08-19,8,1,18.08,0,Mostrador,3,LOCAL,0,30,31.0,1
66a4679d-4b54-4b13-ba40-54c06c776158,2024-08-19,8,1,18.5,0,Domicilio,1,CENTRO,1,50,39.0,0
fddd6b42-3e18-4128-87c7-937ce2f0c0e4,2024-08-20,8,2,16.25,0,Mostrador,2,LOCAL,0,30,18.0,0
1b67d65b-1a7f-45fb-b105-9a6e43cfd480,2024-08-21,8,3,17.75,0,Domicilio,2,CHACATITLA,0,50,32.0,0
a06ea3cf-33e3-46c6-b51f-0b7311877de8,2024-08-21,8,3,21.67,0,Domicilio,1,ROJO GOMEZ,0,50,43.0,0
659583d9-1c9b-473b-ab43-9e832cd5432c,2024-08-21,8,3,23.67,0,Recoger,1,LOCAL,0,30,24.0,0
84bbebbe-7900-441f-9959-f2dfaee90a11,2024-08-22,8,4,19.75,0,Recoger en tienda,3,LOCAL,0,30,30.0,0
c0fe6a8d-bba6-4773-9a24-a06e102a8c12,2024-08-23,8,5,19.58,0,Recoger,2,LOCAL,0,30,24.0,0
391e0c41-9b46-41b4-907e-10b3e542df79,2024-08-24,8,6,16.83,1,Recoger en tienda,3,LOCAL,0,30,31.0,1
424b7a06-d8c5-46e7-b74f-eb037a2c1324,2024-08-24,8,6,18.92,1,Recoger en tienda,5,LOCAL,0,30,43.0,1
0fef271e-8a46-45fb-9c71-3af61a4933b1,2024-08-24,8,6,19.0,1,Domicilio,2,ROJO GOMEZ,1,50,58.0,1
c63c2ed6-4fa2-448f-83af-4900ab346672,2024-08-24,8,6,23.92,1,Recoger,6,LOCAL,0,30,45.0,1
f8e46ea8-ec3d-49c6-a667-c2275772da7b,2024-08-25,8,7,14.5,1,Domicilio,2,TODOS POR HIDALGO,0,50,41.0,0
0f6c522b-75bf-4392-8374-5feced240b30,2024-08-25,8,7,20.83,1,Domicilio,5,CHACATITLA,0,50,65.0,1
fc9af4ae-79b2-4a95-bcf6-1ab087eaf109,2024-08-26,8,1,19.08,0,Mostrador,1,LOCAL,0,30,33.0,1
5b1fa89a-a183-45a0-8269-b5857aacfbe5,2024-08-26,8,1,22.67,0,Recoger en tienda,2,LOCAL,0,30,24.0,0
12c30e6c-6520-4300-a736-5c2d0d6758b3,2024-08-28,8,3,17.25,0,Recoger en tienda,1,LOCAL,0,30,15.0,0
de5c1058-46ae-4a10-814e-5612a98eb8b3,2024-08-28,8,3,21.92,0,Domicilio,5,AVIACION,0,50,49.0,0
1d023c13-ac09-4101-8518-511780d40cd5,2024-08-28,8,3,22.5,0,Domicilio,3,LA LOMITA,0,50,40.0,0
46b8901a-0084-4a4e-b15e-221ac38f2c68,2024-08-29,8,4,20.08,0,Recoger en tienda,2,LOCAL,0,30,36.0,1
acff3fb7-cd63-4f24-bb58-7915ac6347a8,2024-08-29,8,4,22.92,0,Recoger en tienda,2,LOCAL,0,30,21.0,0
a8cf08df-593a-4249-bad9-687aac03eaec,2024-08-29,8,4,23.0,0,Domicilio,3,CENTRO,1,50,36.0,0
da4ce5e6-ceba-4221-99d2-ba75067db399,2024-08-30,8,5,21.33,0,Domicilio,1,PARQUE DE POBLAMIENTO,0,50,46.0,0
cd107f84-50d4-4cf6-b222-d1590256fb1a,2024-08-31,8,6,13.58,1,Mostrador,2,LOCAL,0,30,31.0,1
0f442d2f-eb97-4406-bfb8-e9bb3a8f8fb3,2024-08-31,8,6,15.58,1,Recoger en tienda,2,LOCAL,0,30,29.0,0
31261abd-0e51-430e-bb87-17fab4946c03,2024-08-31,8,6,19.42,1,Domicilio,7,SANTA IRENE,0,50,70.0,1
76db72f7-586f-4cfd-bebd-0c8aa22457d8,2024-08-31,8,6,20.75,1,Recoger en tienda,2,LOCAL,0,30,33.0,1
f8208e7a-715a-4075-8788-332db00a69b5,2024-09-01,9,7,17.58,1,Recoger,2,LOCAL,0,30,20.0,0
dee45a19-d951-4f48-b899-1d62a3613e9e,2024-09-02,9,1,18.33,0,Recoger en tienda,4,LOCAL,0,30,36.0,1
a6b44a29-bb5d-4023-9dad-ab1db5d47152,2024-09-02,9,1,21.42,0,Domicilio,2,AVIACIÓN CIVIL,0,50,46.0,0
5789259e-3666-4380-bc91-afc2f3e8cff1,2024-09-03,9,2,20.83,0,Mostrador,4,LOCAL,0,30,45.0,1
aebe2b2f-4550-472a-a9b5-a0156300d64a,2024-09-05,9,4,17.42,0,Recoger en tienda,1,LOCAL,0,30,15.0,0
a5b8c0e1-d9ae-4374-a323-2c3eb08e8539,2024-09-05,9,4,21.67,0,Domicilio,7,PARQUE DE POBLAMIENTO,0,50,61.0,1
838e2c76-9f36-40ce-b75b-6471f9755fb0,2024-09-06,9,5,16.33,0,Domicilio,3,AVIACIÓN CIVIL,0,50,43.0,0
aefdc146-fd9d-4d88-bfb9-5b3c97c3fa3c,2024-09-06,9,5,16.33,0,Recoger,3,LOCAL,1,30,30.0,0
b986177a-7780-4551-9cf2-2f5a9e017a19,2024-09-06,9,5,18.0,0,Recoger,3,LOCAL,0,30,29.0,0
42f2c788-caa7-44bb-bf9b-936ddf82ba72,2024-09-07,9,6,14.25,1,Recoger,1,LOCAL,0,30,30.0,0
c4943ba3-f5e4-470c-af9a-f179479a1e89,2024-09-07,9,6,16.92,1,Domicilio,6,AVIACION,0,50,51.0,1
34aae1a3-8b50-431d-b516-e26dbc6aa5cb,2024-09-07,9,6,18.42,1,Domicilio,3,SANTA IRENE,0,50,54.0,1
53aa1867-0e83-4f1c-8777-2c4f4544a993,2024-09-07,9,6,20.08,1,Recoger en tienda,2,LOCAL,0,30,36.0,1
bfd5dfff-d554-4539-8572-4b0503e0ef26,2024-09-07,9,6,20.5,1,Recoger,2,LOCAL,1,30,41.0,1
df44d3c6-3864-4e51-8f8a-5a3da3bb96f6,2024-09-07,9,6,21.17,1,Recoger en tienda,6,LOCAL,0,30,46.0,1
d84b010a-be21-4ccf-a411-6a3bf9f6ed71,2024-09-07,9,6,23.08,1,Mostrador,4,LOCAL,0,30,34.0,1
84224cd1-7c0a-47b4-945e-c50e1bdfb8e8,2024-09-08,9,7,15.33,1,Domicilio,6,LA LOMITA,0,50,55.0,1
433c35ec-299a-40f6-96d3-3ce6aab95cae,2024-09-08,9,7,15.42,1,Recoger,4,LOCAL,1,30,31.0,1
e1745b0c-b474-4db5-a950-bd6d81def909,2024-09-10,9,2,21.42,0,Recoger,2,LOCAL,0,30,28.0,0
ee7a8748-4e48-49c1-982e-0c025eb9c427,2024-09-11,9,3,19.0,0,Recoger en tienda,3,LOCAL,0,30,32.0,1
08361144-084d-4d82-bb95-26b410fdc270,2024-09-11,9,3,19.58,0,Domicilio,2,LOS CANTORES,0,50,50.0,0
24fe7ba4-e3ab-4573-aaca-74eb96b9088c,2024-09-12,9,4,15.83,0,Domicilio,2,TODOS POR HIDALGO,0,50,42.0,0
f54ded10-696d-41c0-91e7-98644c34abc5,2024-09-12,9,4,20.42,0,Mostrador,1,LOCAL,0,30,24.0,0
356d4647-0df2-412b-8aad-491afecfc27c,2024-09-13,9,5,16.08,0,Recoger,2,LOCAL,0,30,21.0,0
35ec5ffd-967b-428e-af9d-54bd6981fec7,2024-09-13,9,5,17.42,0,Mostrador,1,LOCAL,0,30,17.0,0
a7e025c1-8667-43c2-a9c5-d32e1c1c96b0,2024-09-14,9,6,14.25,1,Domicilio,2,AVIACIÓN CIVIL,0,50,34.0,0
765299e1-7131-46b4-864e-a8afbc5c863e,2024-09-14,9,6,16.5,1,Mostrador,2,LOCAL,0,30,24.0,0
24792d3f-db66-45bc-b1cc-9a73b707978a,2024-09-14,9,6,20.5,1,Recoger,2,LOCAL,0,30,38.0,1
d22728cc-174b-41ac-9b00-491ba1ed9f2e,2024-09-14,9,6,22.5,1,Recoger en tienda,3,LOCAL,0,30,32.0,1
ef765e1f-e1fd-476e-a4c7-e83239ec5b19,2024-09-14,9,6,23.58,1,Recoger en tienda,3,LOCAL,0,30,33.0,1
35a60d32-b28e-48b2-a8e3-6858c5913732,2024-09-15,9,7,18.75,1,Domicilio,4,COLALAMBRE,0,50,52.0,1
466769d9-a831-4a51-a224-2b7621ea2683,2024-09-16,9,1,21.83,0,Domicilio,5,CHACATITLA,0,50,57.0,1
62d3d0db-6d15-4479-93bf-d722cdeed2ac,2024-09-17,9,2,14.25,0,Mostrador,2,LOCAL,0,30,22.0,0
0e7edda4-6226-4f30-a984-979eaf2b624f,2024-09-17,9,2,23.08,0,Recoger en tienda,3,LOCAL,0,30,25.0,0
8c44fb4f-56cf-4136-b922-f8d812eb5e80,2024-09-18,9,3,14.42,0,Mostrador,3,LOCAL,0,30,27.0,0
10851723-9e12-4ac3-91d5-7ecdb55af6f0,2024-09-19,9,4,18.75,0,Recoger,6,LOCAL,0,30,45.0,1
65b86b7a-9b32-4c7f-96e7-e8b9d140ed16,2024-09-20,9,5,14.25,0,Recoger,4,LOCAL,0,30,27.0,0
4981d7b5-394c-4c44-87ba-21b297a21f1d,2024-09-21,9,6,21.33,1,Recoger en tienda,6,LOCAL,0,30,57.0,1
37de2d14-77d4-4931-b68d-b8a9e9dc3d67,2024-09-22,9,7,20.83,1,Recoger en tienda,4,LOCAL,0,30,40.0,1
a53fd120-ab0d-4f99-bcb2-b3fd23fd28cf,2024-09-22,9,7,22.83,1,Recoger,2,LOCAL,0,30,28.0,0
0fe48278-1fee-4fc0-94fe-67011a73db02,2024-09-23,9,1,18.25,0,Recoger,5,LOCAL,0,30,32.0,1
d6ed4e56-3b56-4d41-a19f-ab65f697c218,2024-09-23,9,1,20.5,0,Mostrador,3,LOCAL,0,30,40.0,1
948f71ab-f605-4cfe-98f4-e557ac24cca6,2024-09-23,9,1,22.25,0,Mostrador,1,LOCAL,0,30,17.0,0
ac48c4ab-3272-496e-bb8e-5ab42e21d860,2024-09-25,9,3,19.33,0,Recoger,4,LOCAL,0,30,31.0,1
6bf148f6-86cc-4b2b-ac56-8858b9d6b4e4,2024-09-28,9,6,19.58,1,Recoger en tienda,1,LOCAL,0,30,25.0,0
17cd1a2e-f7eb-4ad8-afc9-b02a2747b841,2024-09-28,9,6,21.25,1,Recoger,5,LOCAL,0,30,44.0,1
430d3be6-4662-4137-ac86-a16b8cbb79d2,2024-09-28,9,6,23.58,1,Recoger en tienda,3,LOCAL,0,30,31.0,1
e11451f5-a53a-40aa-917d-6bd0bcd1b54e,2024-09-30,9,1,18.83,0,Domicilio,6,PARQUE DE POBLAMIENTO,0,50,61.0,1
6e9a839c-4c81-4c88-8a3b-ec238f2d24d1,2024-10-01,10,2,16.75,0,Mostrador,3,LOCAL,0,30,24.0,0
f6e70a35-b5d8-49c9-ab77-f363ced2aaad,2024-10-01,10,2,20.67,0,Domicilio,3,AVIACIÓN CIVIL,0,50,46.0,0
3a1d2a52-683b-4221-8fe0-202f32e7a667,2024-10-02,10,3,15.92,0,Recoger en tienda,2,LOCAL,0,30,29.0,0
5318cc9b-0821-4d6f-9389-e47ea8f1bad5,2024-10-03,10,4,18.83,0,Recoger en tienda,7,LOCAL,0,30,50.0,1
08d83d35-c483-496b-b548-973c8e739990,2024-10-04,10,5,13.17,0,Domicilio,2,ROJO GOMEZ,0,50,36.0,0
dea53187-6476-410f-bc19-094e5ca7dd4e,2024-10-04,10,5,14.75,0,Domicilio,2,COLALAMBRE,0,50,32.0,0
0849c65e-126b-43cc-a970-b05b3fce3cba,2024-10-04,10,5,17.08,0,Domicilio,5,LOS CANTORES,0,50,53.0,1
004aa6d3-5871-430f-81ba-2a628b317e50,2024-10-05,10,6,19.42,1,Domicilio,5,CENTRO,0,50,52.0,1
e27f171b-2b29-4682-a683-74fd875c33e9,2024-10-05,10,6,22.75,1,Mostrador,3,LOCAL,0,30,30.0,0
b2f3fdd3-dd3c-418c-a6db-84db0f3b5974,2024-10-06,10,7,19.17,1,Recoger en tienda,4,LOCAL,0,30,41.0,1
17217433-28ca-42d4-a964-c904be838cf8,2024-10-06,10,7,21.33,1,Recoger,2,LOCAL,0,30,34.0,1
4461b240-1dce-4758-bc16-41f1497875b0,2024-10-06,10,7,23.83,1,Mostrador,2,LOCAL,0,30,28.0,0
4b9d0d89-ba6b-4855-b47d-8d7e30d7a772,2024-10-08,10,2,22.17,0,Domicilio,7,AVIACIÓN CIVIL,0,50,60.0,1
fcf1ae20-23dd-4829-8e40-94a936a17c0d,2024-10-09,10,3,17.67,0,Domicilio,4,AVIACION,0,50,48.0,0
98529bde-abfc-4341-a5de-43dc22c954c7,2024-10-10,10,4,22.08,0,Mostrador,5,LOCAL,0,30,37.0,1
e31554f1-1ef7-4bd0-9607-f7f0204c8d00,2024-10-11,10,5,20.58,0,Domicilio,2,CHACATITLA,0,50,43.0,0
a174c45d-0670-4c0e-8f07-2b033444c9f8,2024-10-12,10,6,22.25,1,Domicilio,6,PARQUE DE POBLAMIENTO,0,50,64.0,1
073e2126-3773-4059-913a-a50642a0346a,2024-10-13,10,7,16.83,1,Domicilio,1,CHACATITLA,0,50,37.0,0
b27ca677-da0b-4c77-bc64-8b60e0f38738,2024-10-13,10,7,18.67,1,Mostrador,4,LOCAL,0,30,43.0,1
03c2d241-2283-4b15-ab73-2cedc9faa518,2024-10-14,10,1,13.08,0,Domicilio,3,COLALAMBRE,0,50,38.0,0
216a346b-1076-4bd5-beda-cf7fc945b21a,2024-10-14,10,1,13.42,0,Domicilio,3,ROJO GOMEZ,1,50,47.0,0
b478bc17-0b8e-46da-91cc-9fbaadf89304,2024-10-14,10,1,18.42,0,Mostrador,5,LOCAL,0,30,41.0,1
6703745e-bd76-4468-b305-82fe350eeba8,2024-10-15,10,2,20.08,0,Recoger,6,LOCAL,0,30,57.0,1
7949c58d-8fa2-4e4d-a790-ec0f04da0d92,2024-10-15,10,2,20.17,0,Recoger en tienda,2,LOCAL,1,30,29.0,0
5b3cef2a-ea13-4ec8-930a-a79d78a34a3d,2024-10-16,10,3,15.92,0,Recoger en tienda,1,LOCAL,0,30,15.0,0
e48fbb72-1c55-4ec0-b8ab-04cc0344d691,2024-10-16,10,3,18.83,0,Recoger en tienda,5,LOCAL,0,30,32.0,1
be72e0b0-65a1-4869-9070-4da1b6d944ca,2024-10-16,10,3,20.08,0,Domicilio,2,AVIACION,0,50,43.0,0
15754575-2161-4b47-8c91-22ab5ea1bf15,2024-10-16,10,3,22.5,0,Recoger en tienda,5,LOCAL,0,30,33.0,1
087377dd-7808-4f37-a9f8-c86144589ffe,2024-10-17,10,4,16.08,0,Recoger en tienda,2,LOCAL,0,30,25.0,0
d4e32d7b-eb11-46d7-a708-4fb8291a5268,2024-10-18,10,5,14.0,0,Mostrador,3,LOCAL,0,30,26.0,0
3c5a8469-e76b-4ce5-be0e-50a76c2266c0,2024-10-18,10,5,18.92,0,Recoger,2,LOCAL,0,30,32.0,1
582f2d7a-cf25-419a-9680-807420d47d8a,2024-10-18,10,5,21.17,0,Domicilio,2,PARQUE DE POBLAMIENTO,0,50,38.0,0
1177c64b-186c-4bc3-abf4-f0bd51f401ae,2024-10-18,10,5,22.33,0,Recoger en tienda,2,LOCAL,0,30,23.0,0
7e13a79f-7ad2-411e-9fe6-05aa54282c66,2024-10-18,10,5,23.92,0,Recoger,3,LOCAL,0,30,30.0,0
cded935e-ec74-4348-8bda-832f1b7b2877,2024-10-19,10,6,19.33,1,Recoger en tienda,1,LOCAL,0,30,27.0,0
b2fb2be6-c156-46ba-92f9-39a0096b675c,2024-10-19,10,6,21.5,1,Recoger en tienda,2,LOCAL,0,30,35.0,1
c2e75ed1-b78b-4d53-8ed6-df37b565f367,2024-10-19,10,6,21.67,1,Recoger,4,LOCAL,1,30,45.0,1
bde29e0f-c554-4c78-a231-a1e39b207afb,2024-10-19,10,6,23.83,1,Recoger,3,LOCAL,0,30,32.0,1
528d8bbb-d018-49ca-9e9a-46ffdccae99f,2024-10-19,10,6,23.92,1,Recoger en tienda,8,LOCAL,1,30,51.0,1
ac6e413c-731a-4394-81fb-e04276d50b07,2024-10-20,10,7,21.17,1,Domicilio,4,CENTRO,0,50,49.0,0
d8e18a6b-ca86-43db-ba38-b20582edfb90,2024-10-21,10,1,21.5,0,Domicilio,4,AVIACION,0,50,41.0,0
9b7f5d4c-efca-4a6c-8b11-a6a378260172,2024-10-23,10,3,19.42,0,Recoger,5,LOCAL,0,30,37.0,1
c81edb0b-ccf4-4bf0-be1e-d40ad2ad26f7,2024-10-23,10,3,20.0,0,Domicilio,5,SANTA IRENE,0,50,60.0,1
5a267a53-0a3b-4086-bf7e-5d53c53fb7f4,2024-10-26,10,6,19.58,1,Recoger en tienda,2,LOCAL,0,30,29.0,0
e70797f6-aad4-48e1-bc1c-a199943ddbcf,2024-10-27,10,7,14.17,1,Recoger en tienda,6,LOCAL,0,30,51.0,1
1654c828-636c-48db-bd0d-168414bdbfda,2024-10-27,10,7,18.58,1,Domicilio,2,CENTRO,0,50,42.0,0
cf6c3495-e189-497b-8eff-a6e3c17f3a23,2024-10-28,10,1,15.42,0,Domicilio,5,AVIACIÓN CIVIL,0,50,45.0,0
cb72ebbc-a303-4257-8fd3-586ec86e85bd,2024-10-28,10,1,18.33,0,Domicilio,5,TRES CRUCES,0,50,61.0,1
50ecbf03-7c7f-4e0f-9e3f-47afbec09d3c,2024-10-28,10,1,20.17,0,Domicilio,5,TODOS POR HIDALGO,0,50,55.0,1
bde4ae61-6414-4de0-a726-541e19cefeba,2024-10-29,10,2,19.92,0,Recoger,3,LOCAL,0,30,31.0,1
a6ee1374-cc57-43d7-a232-be48cc194418,2024-10-29,10,2,21.5,0,Mostrador,3,LOCAL,0,30,35.0,1
c64c036d-c5ed-483d-b11a-6aa6579c47f4,2024-10-30,10,3,17.75,0,Domicilio,1,PARQUE DE POBLAMIENTO,0,50,32.0,0
840083e1-782d-4fc0-a0e0-1f45e6883baf,2024-10-30,10,3,22.92,0,Recoger,8,LOCAL,0,30,42.0,1
f1af1a98-958a-439a-af54-ab71df08671c,2024-10-31,10,4,17.67,0,Domicilio,3,CENTRO,0,50,34.0,0
7f8d346a-b024-4f38-8561-cbd51ac2656a,2024-11-01,11,5,23.0,0,Domicilio,1,COLALAMBRE,0,50,38.0,0
9fd04277-b530-45aa-a966-5369c5e1a3bc,2024-11-01,11,5,23.83,0,Domicilio,3,ROJO GOMEZ,0,50,42.0,0
38be7850-88be-4f8b-a050-1dbb9b6e2ed3,2024-11-02,11,6,14.17,1,Domicilio,1,LOS CANTORES,0,50,36.0,0
ef8151ad-954b-4894-9b40-6aa97daaf1fa,2024-11-02,11,6,14.75,1,Recoger,3,LOCAL,0,30,28.0,0
89ffe13f-fac9-49fb-b207-c27c824b0323,2024-11-02,11,6,19.83,1,Recoger en tienda,3,LOCAL,0,30,41.0,1
0a3b81e4-b288-4c7c-b032-a1a1265ae081,2024-11-02,11,6,22.58,1,Domicilio,4,TRES CRUCES,0,50,52.0,1
7d307668-c5ac-45bd-912d-d71001c5bb54,2024-11-03,11,7,13.83,1,Recoger en tienda,3,LOCAL,0,30,29.0,0
e4603ca3-d0f5-4255-b967-8700a07ccd9c,2024-11-03,11,7,17.42,1,Recoger en tienda,4,LOCAL,0,30,38.0,1
f2ad8635-8ccb-425d-88bf-63695e5a5ac8,2024-11-03,11,7,20.92,1,Recoger en tienda,6,LOCAL,0,30,52.0,1
d084003c-07e8-40e8-99c5-069661be3d77,2024-11-04,11,1,21.42,0,Recoger,5,LOCAL,0,30,36.0,1
b2ceaefe-53cd-49f9-a8d3-79c2534444f7,2024-11-05,11,2,15.42,0,Domicilio,1,AVIACION,0,50,32.0,0
d3d19ae6-dace-4d3c-accb-bf178fcbcb57,2024-11-05,11,2,19.17,0,Recoger,3,LOCAL,0,30,33.0,1
20a9ec3d-b0f1-4563-83a3-00eca49bf6b9,2024-11-06,11,3,19.25,0,Domicilio,3,SANTA IRENE,0,50,41.0,0
98468113-e903-4966-8202-7795eab9f5a1,2024-11-07,11,4,17.33,0,Mostrador,9,LOCAL,0,30,44.0,1
e97511c4-c3af-4dd0-b87b-5502c644823f,2024-11-07,11,4,21.25,0,Recoger en tienda,3,LOCAL,0,30,43.0,1
057e723d-91f2-485d-aa38-e9c68414d602,2024-11-08,11,5,19.83,0,Domicilio,1,TRES CRUCES,0,50,43.0,0
e136e27d-b77c-4359-876f-b734b5bfcb3f,2024-11-09,11,6,13.25,1,Domicilio,4,SANTA IRENE,0,50,52.0,1
7c5e085c-025e-4bff-a984-352263e16cdc,2024-11-10,11,7,19.33,1,Mostrador,4,LOCAL,0,30,42.0,1
f345760c-7843-4e44-9c39-a2ef2e66b932,2024-11-11,11,1,19.58,0,Domicilio,3,TODOS POR HIDALGO,0,50,53.0,1
f1552ea3-1ae9-4e8f-a76a-dd1944d5f273,2024-11-11,11,1,20.0,0,Mostrador,4,LOCAL,1,30,40.0,1
a18d8793-46e8-4c51-a06f-cc2744886816,2024-11-12,11,2,15.42,0,Domicilio,2,AVIACIÓN CIVIL,0,50,37.0,0
96deced1-c2e4-48e1-876e-f9cad2fc95a9,2024-11-12,11,2,21.83,0,Recoger en tienda,4,LOCAL,0,30,36.0,1
d9f8f90a-1177-43f5-a93c-a134a78031a6,2024-11-13,11,3,23.17,0,Recoger,5,LOCAL,0,30,34.0,1
f921d409-4683-41d8-9e54-4d1ae2cad2da,2024-11-14,11,4,23.92,0,Recoger,2,LOCAL,0,30,23.0,0
55569c9b-732f-43ac-9f46-a3e0e9849d5f,2024-11-15,11,5,13.75,0,Domicilio,2,AVIACIÓN CIVIL,0,50,38.0,0
6ffbc690-a8b5-4990-8833-4003c2f38129,2024-11-15,11,5,17.33,0,Domicilio,2,AVIACIÓN CIVIL,0,50,32.0,0
e439d2e1-d101-4a3c-a228-06af15860ae9,2024-11-15,11,5,20.5,0,Domicilio,3,PARQUE DE POBLAMIENTO,0,50,41.0,0
be9cdfd5-dc6e-4934-969c-0cd4ea004c24,2024-11-15,11,5,20.58,0,Recoger,4,LOCAL,1,30,41.0,1
67af4dbd-cff6-4f3e-abf4-fed530e23a75,2024-11-15,11,5,23.67,0,Recoger,6,LOCAL,0,30,41.0,1
fcd78e48-75c9-4a80-a277-1d38c9c0905d,2024-11-16,11,6,15.25,1,Recoger,3,LOCAL,0,30,28.0,0
0808ff80-2f1c-4ec8-83a7-887cdd3d9d40,2024-11-16,11,6,20.0,1,Mostrador,2,LOCAL,0,30,29.0,0
40f8aac2-91e9-41f2-a262-0409e9f92ef6,2024-11-16,11,6,21.33,1,Domicilio,2,LOS CANTORES,0,50,50.0,0
b1e839fe-6a2a-4514-8ecb-5fe196f94674,2024-11-17,11,7,20.42,1,Recoger,6,LOCAL,0,30,43.0,1
1fc9f6c4-59a3-4c05-8274-0f33ad3d419e,2024-11-19,11,2,13.25,0,Domicilio,4,AVIACION,0,50,45.0,0
0b779550-ba08-4efb-bcbf-d513481b3ddc,2024-11-19,11,2,14.17,0,Recoger,2,LOCAL,0,30,29.0,0
5b4e4369-0472-45ed-ae6d-b58c6dded3f3,2024-11-20,11,3,23.5,0,Recoger en tienda,2,LOCAL,0,30,18.0,0
5f2d2e0e-2b94-4ebd-8f87-b2bc3cb1cf69,2024-11-22,11,5,18.75,0,Domicilio,3,LA LOMITA,0,50,43.0,0
ee7f308f-263c-4903-84ce-73b7042004e0,2024-11-22,11,5,22.17,0,Mostrador,2,LOCAL,0,30,22.0,0
ecbf4f38-5dc9-4e69-a0ac-5180a7119f5a,2024-11-23,11,6,18.0,1,Recoger en tienda,5,LOCAL,0,30,43.0,1
503ec299-2d56-4166-aabe-542a9af23375,2024-11-23,11,6,19.75,1,Recoger,3,LOCAL,0,30,32.0,1
54f3d6f8-91ce-495b-ba3a-8232b52f1dcb,2024-11-23,11,6,21.58,1,Mostrador,4,LOCAL,0,30,33.0,1
2d77e8d8-501c-4544-9f4a-623c4fd09f7e,2024-11-24,11,7,14.92,1,Recoger,2,LOCAL,0,30,25.0,0
3d685f12-18e8-4607-b463-10a8bf8db551,2024-11-24,11,7,19.83,1,Domicilio,4,TRES CRUCES,0,50,63.0,1
271a798a-b833-4565-8d9c-b13b4b87a1f8,2024-11-24,11,7,20.58,1,Recoger,2,LOCAL,0,30,39.0,1
1d58baea-4c01-4e68-807c-6f0f088b756a,2024-11-24,11,7,22.5,1,Domicilio,5,TODOS POR HIDALGO,0,50,57.0,1
83924e97-29d8-49f6-af35-cb7634d070fd,2024-11-26,11,2,21.67,0,Recoger en tienda,1,LOCAL,0,30,17.0,0
72a037df-125c-4592-8adf-fcffadb6ac9c,2024-11-27,11,3,15.83,0,Mostrador,2,LOCAL,0,30,15.0,0
a4e96c65-2714-4c91-a2ed-821148382203,2024-11-27,11,3,19.67,0,Recoger en tienda,1,LOCAL,0,30,27.0,0
197d43cb-e835-40f9-80d8-52123a8c348f,2024-11-28,11,4,19.92,0,Recoger en tienda,4,LOCAL,0,30,34.0,1
344feacf-945d-4282-a2c4-2c706e55dc80,2024-11-28,11,4,20.67,0,Recoger en tienda,4,LOCAL,0,30,35.0,1
44977971-d8f9-4566-bfbd-9fbcb00a73a6,2024-11-30,11,6,20.58,1,Domicilio,1,LA LOMITA,0,50,42.0,0
e8009eb0-0405-415f-b1af-97efca65420f,2024-11-30,11,6,20.67,1,Recoger en tienda,2,LOCAL,1,30,40.0,1
4dfff528-181f-457d-8b86-023ba6c91b25,2024-12-01,12,7,17.67,1,Recoger,4,LOCAL,0,30,31.0,1
f7059b08-ecc6-4c7b-99c6-80de3020e763,2024-12-02,12,1,14.0,0,Mostrador,1,LOCAL,0,30,21.0,0
e45a6913-0bce-431d-acca-caf42b0e4834,2024-12-02,12,1,18.92,0,Domicilio,5,AVIACIÓN CIVIL,0,50,47.0,0
141f0eb3-0d32-4b9d-8549-6c4b519cfe70,2024-12-02,12,1,23.58,0,Domicilio,3,CHACATITLA,0,50,41.0,0
0cd7bed2-a948-4fb0-8a77-140a4d0165f6,2024-12-02,12,1,23.58,0,Recoger,1,LOCAL,1,30,22.0,0
9fe63a6f-a2d0-4780-bacd-a1d01522cbc6,2024-12-03,12,2,17.25,0,Domicilio,2,COLALAMBRE,0,50,37.0,0
d7c11682-0580-4e48-8ee1-746ed9b09287,2024-12-04,12,3,18.83,0,Domicilio,4,TODOS POR HIDALGO,0,50,56.0,1
c26806a6-6a64-439a-ad94-0ee7ad1085b1,2024-12-04,12,3,21.83,0,Domicilio,2,TODOS POR HIDALGO,0,50,43.0,0
1d21618d-c559-48e8-b1f1-e7fe04b155a4,2024-12-05,12,4,16.25,0,Domicilio,2,COLALAMBRE,0,50,38.0,0
11acb9f2-0ab3-4eb1-858c-e0f87939f739,2024-12-05,12,4,17.17,0,Mostrador,3,LOCAL,0,30,23.0,0
c7018da0-c450-4a10-9181-5fd2aeaf1ce1,2024-12-06,12,5,20.08,0,Domicilio,5,CHACATITLA,0,50,51.0,1
6f656ea1-daaf-4efc-8bdb-8052298204bd,2024-12-06,12,5,21.5,0,Mostrador,4,LOCAL,0,30,31.0,1
055bdc1b-351d-4701-934d-b06e63306738,2024-12-07,12,6,18.08,1,Domicilio,8,CENTRO,0,50,67.0,1
2c4c5b68-9f2b-492a-a4e3-3f5c22be7fed,2024-12-07,12,6,20.0,1,Recoger en tienda,5,LOCAL,0,30,44.0,1
e90f703c-f26b-4a63-9537-fe8436378aae,2024-12-07,12,6,21.83,1,Mostrador,4,LOCAL,0,30,40.0,1
224c051a-bf5a-43f8-84e7-fa5db8f42ec4,2024-12-08,12,7,13.0,1,Mostrador,2,LOCAL,0,30,21.0,0
4d164e25-6917-4ce1-a037-2463a02db6a3,2024-12-08,12,7,15.0,1,Domicilio,1,SANTA IRENE,0,50,38.0,0
46fb8dc4-5dc5-4b32-8eea-183387b94602,2024-12-09,12,1,21.17,0,Mostrador,1,LOCAL,0,30,28.0,0
663f04f7-e34b-4352-a83c-9699cd5bce36,2024-12-10,12,2,15.67,0,Domicilio,2,COLALAMBRE,0,50,38.0,0
49117ece-5be7-4027-bbbc-c520a19ce9c4,2024-12-11,12,3,21.08,0,Recoger,8,LOCAL,0,30,57.0,1
96aadb90-2f4d-4ccb-8d4f-cd47a5b524b7,2024-12-12,12,4,19.5,0,Domicilio,1,ROJO GOMEZ,0,50,43.0,0
9192d522-3e7f-41ed-9aae-2c783799c627,2024-12-12,12,4,19.67,0,Mostrador,2,LOCAL,1,30,30.0,0
e85839ca-7db2-4c31-af16-f1803820e9fe,2024-12-13,12,5,16.25,0,Recoger en tienda,3,LOCAL,0,30,26.0,0
df666ae3-58d0-4676-b678-f601c695989e,2024-12-13,12,5,18.92,0,Recoger,1,LOCAL,0,30,29.0,0
24a495b8-760a-4310-ac72-54359b65450d,2024-12-13,12,5,21.0,0,Domicilio,3,CENTRO,0,50,40.0,0
2298a82c-3236-441c-8524-e3492d80f11d,2024-12-14,12,6,18.67,1,Recoger,1,LOCAL,0,30,18.0,0
d267e941-22b8-4285-9972-7a18b609fe4c,2024-12-14,12,6,19.0,1,Domicilio,1,CHACATITLA,1,50,48.0,0
6501a7a9-e4f0-408f-b174-92f989718a8f,2024-12-15,12,7,18.33,1,Domicilio,4,SANTA IRENE,0,50,56.0,1
eaedac1b-7c98-4154-bacb-52eb3f5b1e1e,2024-12-15,12,7,22.5,1,Domicilio,1,TODOS POR HIDALGO,0,50,39.0,0
43ef0e35-02af-4824-aff0-8658f91d8b98,2024-12-17,12,2,19.17,0,Recoger,1,LOCAL,0,30,30.0,0
b6aa0e9a-a3c8-4596-a778-569aecd58947,2024-12-17,12,2,19.42,0,Domicilio,2,CENTRO,1,50,39.0,0
e47e65db-13b7-4692-bde5-fbc6aac8832d,2024-12-17,12,2,19.75,0,Mostrador,5,LOCAL,1,30,41.0,1
0e864491-6cbf-40a7-9427-da3b1a684063,2024-12-18,12,3,20.0,0,Mostrador,3,LOCAL,0,30,29.0,0
25735286-f53d-4f60-a298-c1c28b191593,2024-12-18,12,3,21.08,0,Domicilio,4,CHACATITLA,0,50,54.0,1
64f2683e-3c58-450d-9f80-d2dfa6a943bf,2024-12-18,12,3,21.58,0,Domicilio,2,SANTA IRENE,1,50,55.0,1
c87276e5-a2f8-42f2-9ea8-8f3560d938d1,2024-12-18,12,3,22.08,0,Recoger en tienda,1,LOCAL,1,30,21.0,0
9e8c6ecd-694b-40bd-b769-cbaab64f1443,2024-12-19,12,4,19.17,0,Recoger en tienda,3,LOCAL,0,30,25.0,0
3db3edd4-3b97-4bea-9bdc-df7169e1ff65,2024-12-19,12,4,19.42,0,Recoger,3,LOCAL,1,30,39.0,1
f4768a0a-d166-47b0-bd7a-2bf4849bc833,2024-12-20,12,5,13.67,0,Recoger en tienda,4,LOCAL,0,30,28.0,0
a946ef6c-bc8f-4a02-89ec-6f13d2daebf0,2024-12-20,12,5,22.58,0,Recoger,2,LOCAL,0,30,23.0,0
81cd2c73-d799-49a0-aefd-abcd493249bc,2024-12-21,12,6,15.75,1,Recoger,2,LOCAL,0,30,19.0,0
bc3ad5cc-7ac0-46e6-b972-0afe8aa0ef55,2024-12-21,12,6,21.92,1,Domicilio,3,SANTA IRENE,0,50,52.0,1
27527859-64b8-4cfc-9a78-4a8f23def5f8,2024-12-21,12,6,23.42,1,Domicilio,4,TRES CRUCES,0,50,45.0,0
96306eef-f536-4598-97de-99e37bdcb318,2024-12-23,12,1,20.67,0,Mostrador,1,LOCAL,0,30,33.0,1
5121c3b4-89f7-49a7-9c41-52539323ae6d,2024-12-27,12,5,13.08,0,Domicilio,1,LOS CANTORES,0,50,28.0,0
ccb09c7f-70c8-4538-9e95-8d6b88659429,2024-12-27,12,5,15.5,0,Recoger,2,LOCAL,0,30,23.0,0
f5a2be49-2f46-461f-95e8-9c8ae65cc6ba,2024-12-27,12,5,21.67,0,Recoger en tienda,1,LOCAL,0,30,27.0,0
f2431b25-c2e3-4365-8351-1378c36b4f6f,2024-12-28,12,6,13.25,1,Recoger en tienda,3,LOCAL,0,30,29.0,0
28637107-ec15-4265-b823-c3b49f94768d,2024-12-28,12,6,19.17,1,Mostrador,6,LOCAL,0,30,48.0,1
a16fb771-8aac-46b8-8a75-a373a3fcda82,2024-12-28,12,6,21.92,1,Recoger en tienda,6,LOCAL,0,30,50.0,1
99e67e4d-d841-4e67-b2ae-ae1a6f9df454,2024-12-29,12,7,18.33,1,Domicilio,5,AVIACIÓN CIVIL,0,50,60.0,1
f25449b9-910e-43be-9096-9aad98dbf41c,2024-12-29,12,7,21.33,1,Mostrador,2,LOCAL,0,30,39.0,1
af97ac72-78f0-499a-aaa7-e880b3a7c0d7,2024-12-29,12,7,22.92,1,Domicilio,6,AVIACION,0,50,59.0,1
94ebc482-eaa7-48ae-8e42-6726db1b78c3,2024-12-30,12,1,18.42,0,Domicilio,4,CENTRO,0,50,42.0,0
b936199b-0e09-44a7-86da-f9d52c72688a,2024-12-30,12,1,20.33,0,Recoger,3,LOCAL,0,30,33.0,1
583f79f9-08ee-4d2b-8c07-1588d08b61e7,2024-12-31,12,2,22.0,0,Domicilio,2,AVIACIÓN CIVIL,0,50,38.0,0
07f84fa1-9ba9-4494-b95f-550ff23fa16d,2025-01-01,1,3,17.17,0,Mostrador,6,LOCAL,0,30,34.0,1
b04b8cf7-cc4e-405c-9c76-5d3ba68f9ee7,2025-01-01,1,3,22.42,0,Recoger,3,LOCAL,0,30,24.0,0
624a6352-b7b2-4d04-b005-9c47abcf6c13,2025-01-02,1,4,20.75,0,Domicilio,2,LA LOMITA,0,50,43.0,0
417eb29c-d11c-4e78-a82a-2be90985faad,2025-01-02,1,4,23.58,0,Domicilio,1,LOS CANTORES,0,50,41.0,0
aa20f884-58d0-4914-aa22-f84dba34218f,2025-01-03,1,5,13.75,0,Domicilio,6,AVIACIÓN CIVIL,0,50,53.0,1
24341773-7d3f-482b-b8bd-91f93239a970,2025-01-03,1,5,20.67,0,Recoger,2,LOCAL,0,30,22.0,0
2445a7f1-d9a2-478c-a17f-0925edf2dd4b,2025-01-04,1,6,14.33,1,Domicilio,1,SANTA IRENE,0,50,32.0,0
098b1ed1-43de-4d3d-afa7-0f9f5b9f98a3,2025-01-04,1,6,15.33,1,Recoger,3,LOCAL,0,30,33.0,1
ada93692-b30a-4ec2-8af7-ae516ae7b912,2025-01-04,1,6,19.75,1,Recoger,3,LOCAL,0,30,31.0,1
23f91f40-a7df-4d2c-a054-7e6b6e4bfc2e,2025-01-05,1,7,14.42,1,Domicilio,2,SANTA IRENE,0,50,40.0,0
7df2ac04-71f4-4f6f-b672-26ffbe0ce002,2025-01-06,1,1,19.83,0,Domicilio,5,AVIACIÓN CIVIL,0,50,46.0,0
1ce38853-5d48-4446-9ec2-c391d87838f4,2025-01-06,1,1,23.75,0,Domicilio,7,TRES CRUCES,0,50,58.0,1
f4cf4c7f-5b85-4fe6-a596-e71baf29f94f,2025-01-08,1,3,14.17,0,Domicilio,2,ROJO GOMEZ,0,50,34.0,0
b8d1601a-1019-4dd1-9ac5-e1822fa8d504,2025-01-08,1,3,17.42,0,Recoger,7,LOCAL,0,30,44.0,1
9cf9e8c3-bce7-4087-943c-08843ddb4255,2025-01-09,1,4,20.42,0,Recoger,2,LOCAL,0,30,26.0,0
6410ca73-defc-4492-96ff-dee436e353a9,2025-01-10,1,5,19.83,0,Recoger,3,LOCAL,0,30,33.0,1
0b232d35-4ef8-4a55-b2fb-e8cfc5840ebc,2025-01-11,1,6,18.08,1,Recoger,5,LOCAL,0,30,53.0,1
c832833e-712e-4598-a6b7-97e545dbe538,2025-01-11,1,6,19.17,1,Mostrador,6,LOCAL,0,30,55.0,1
c914cd2e-8ec7-4465-ace5-bed12addc803,2025-01-13,1,1,15.17,0,Domicilio,2,CENTRO,0,50,27.0,0
823d7871-de29-4996-91ae-a170ff5f5247,2025-01-14,1,2,16.08,0,Domicilio,2,AVIACION,0,50,37.0,0
80833c1a-852d-40b0-99c0-9a4cce0ef183,2025-01-15,1,3,17.58,0,Recoger,5,LOCAL,0,30,38.0,1
c4ea1aea-4f40-4c14-9d8f-bb58d50a99c5,2025-01-16,1,4,13.75,0,Domicilio,2,AVIACIÓN CIVIL,0,50,35.0,0
f8d34993-9eae-42c7-860f-06e1e7ff0b29,2025-01-16,1,4,18.92,0,Domicilio,2,TRES CRUCES,0,50,41.0,0
a1021c91-b061-4345-a940-a09a2adef726,2025-01-16,1,4,19.08,0,Domicilio,3,AVIACION,1,50,48.0,0
0a8bf9c7-2af4-4010-ba78-c184b30e2d44,2025-01-16,1,4,19.67,0,Recoger en tienda,4,LOCAL,0,30,41.0,1
1c2a0694-8c61-4425-8d6b-cb8a413606b1,2025-01-17,1,5,15.5,0,Domicilio,2,ROJO GOMEZ,0,50,43.0,0
40057d8e-b13a-40ac-94e7-15ef2c039e49,2025-01-17,1,5,18.58,0,Domicilio,2,ROJO GOMEZ,0,50,47.0,0
ce20ed49-f35a-4108-9e21-72ae031e8fc8,2025-01-18,1,6,19.17,1,Domicilio,4,ROJO GOMEZ,0,50,61.0,1
27cb4861-56cb-43ae-a5d3-a70ed10a9f3d,2025-01-19,1,7,18.25,1,Recoger,2,LOCAL,0,30,38.0,1
4df2e3ed-99db-4d9b-9310-7fa7a0f589af,2025-01-19,1,7,19.08,1,Mostrador,5,LOCAL,0,30,33.0,1
08b6ab67-c919-4c49-9eff-083a103a2e38,2025-01-20,1,1,13.0,0,Domicilio,4,COLALAMBRE,0,50,48.0,0
def522f9-d82a-4983-b32c-ff532f38c722,2025-01-20,1,1,19.5,0,Recoger en tienda,2,LOCAL,0,30,30.0,0
3a48501d-0abf-4d84-89a5-7ef1813904c6,2025-01-21,1,2,14.5,0,Domicilio,4,ROJO GOMEZ,0,50,40.0,0
e3241ae5-d97b-4cce-8dc0-d0ea3353392a,2025-01-22,1,3,13.5,0,Domicilio,1,TODOS POR HIDALGO,0,50,43.0,0
b1814f75-dd08-4406-832a-21dd68e86e0c,2025-01-22,1,3,18.08,0,Recoger en tienda,5,LOCAL,0,30,44.0,1
62d3732a-8eff-4c3f-9e66-898a4046e52c,2025-01-22,1,3,22.17,0,Domicilio,4,COLALAMBRE,0,50,47.0,0
b572198b-8b3b-4a7a-bad8-03ebdd823837,2025-01-23,1,4,16.17,0,Domicilio,1,COLALAMBRE,0,50,33.0,0
b58e3c22-3fb2-421d-9780-fc5516a52b66,2025-01-23,1,4,18.67,0,Domicilio,4,TRES CRUCES,0,50,51.0,1
56e83bb4-d8b6-41fe-8980-889e1c027443,2025-01-25,1,6,13.5,1,Domicilio,4,ROJO GOMEZ,0,50,55.0,1
e75c7a77-18ea-4edd-8a61-df3ded96bbe3,2025-01-25,1,6,21.08,1,Domicilio,3,SANTA IRENE,0,50,52.0,1
cfeb7d73-899e-4bea-92a1-237ca119ed65,2025-01-26,1,7,18.5,1,Recoger,4,LOCAL,0,30,35.0,1
ae349ba4-28eb-4239-b1c7-522ed6b99be7,2025-01-27,1,1,17.0,0,Recoger,1,LOCAL,0,30,22.0,0
10ba8736-4634-4ec8-bc4b-c399c825a345,2025-01-27,1,1,19.75,0,Mostrador,2,LOCAL,0,30,31.0,1
c13ed514-37a2-4bae-bdcd-97542c3b903c,2025-01-27,1,1,21.58,0,Mostrador,5,LOCAL,0,30,35.0,1
e39bd4fa-2ac9-4b84-a7fc-6e2e9c74fbbc,2025-01-28,1,2,22.92,0,Recoger,1,LOCAL,0,30,21.0,0
b5b0b0be-0ab9-4a85-8de7-6288f63d3b56,2025-01-28,1,2,22.92,0,Mostrador,3,LOCAL,1,30,28.0,0
224abbcb-b45f-4b1b-915f-1f1c3c7cebe4,2025-01-29,1,3,19.67,0,Recoger en tienda,2,LOCAL,0,30,22.0,0
333dd06a-1607-4439-9306-5eed56330112,2025-01-31,1,5,20.08,0,Recoger,2,LOCAL,0,30,28.0,0
35f0b49f-af63-403e-8719-5b2c90f99c63,2025-01-31,1,5,20.33,0,Recoger,2,LOCAL,1,30,34.0,1
2bc2983b-461b-46ec-af3b-670bc134d588,2025-01-31,1,5,20.5,0,Domicilio,2,COLALAMBRE,2,50,52.0,1
1cef190c-4ae7-418d-a7dc-d98c445480f6,2025-02-01,2,6,19.67,1,Recoger en tienda,2,LOCAL,0,30,42.0,1
0ed6ec48-6d0d-4378-b2f1-2045ecd8649d,2025-02-01,2,6,21.33,1,Recoger,6,LOCAL,0,30,49.0,1
21aafb89-7900-49c0-b6bc-652105f9af02,2025-02-01,2,6,21.5,1,Domicilio,4,TRES CRUCES,1,50,55.0,1
89836da1-50db-4c38-aa6f-e33e17c27182,2025-02-03,2,1,18.75,0,Recoger,3,LOCAL,0,30,28.0,0
e950c06b-1bf6-4f28-83fc-f1a29a70d75a,2025-02-03,2,1,23.33,0,Recoger en tienda,3,LOCAL,0,30,24.0,0
2f1f2d98-67e1-4013-9585-bd7fd3e33aa7,2025-02-04,2,2,18.17,0,Recoger en tienda,2,LOCAL,0,30,30.0,0
76511173-5c8a-49be-ac29-a021a860251e,2025-02-05,2,3,19.58,0,Domicilio,5,TRES CRUCES,0,50,50.0,0
ee4dcfce-05be-4d16-9a1a-fcbeee63c1a2,2025-02-06,2,4,13.67,0,Mostrador,3,LOCAL,0,30,28.0,0
baa7c1f2-e1dd-4b6a-b375-b6371995c5ec,2025-02-06,2,4,20.08,0,Recoger,4,LOCAL,0,30,34.0,1
ef3db1e4-71f3-45b6-b416-4648cdbac0a7,2025-02-06,2,4,20.83,0,Mostrador,4,LOCAL,0,30,36.0,1
a35f55b9-85d7-4ee7-a11f-beba67547bdc,2025-02-07,2,5,18.58,0,Recoger en tienda,2,LOCAL,0,30,27.0,0
f1e61de2-9b02-43af-88b8-ff6ad72626b9,2025-02-08,2,6,22.17,1,Domicilio,2,CENTRO,0,50,30.0,0
f8930a8b-4fa8-46fc-8b0d-751ca3591974,2025-02-08,2,6,23.58,1,Recoger,4,LOCAL,0,30,30.0,0
69483ba4-0b0b-4413-be8a-0af3f560e3aa,2025-02-09,2,7,13.42,1,Domicilio,4,PARQUE DE POBLAMIENTO,0,50,51.0,1
e1c0ee9c-2d78-410c-8fa8-329aebd21276,2025-02-10,2,1,13.75,0,Mostrador,2,LOCAL,0,30,19.0,0
17fcef90-60ad-4add-936b-68c968fb03bf,2025-02-11,2,2,20.5,0,Recoger,2,LOCAL,0,30,31.0,1
5eb239a3-9f92-47fb-a76c-e861ed82e4a7,2025-02-11,2,2,23.67,0,Domicilio,2,LA LOMITA,0,50,34.0,0
65227a70-33b3-484a-b670-334fe9a27726,2025-02-12,2,3,17.25,0,Recoger en tienda,1,LOCAL,0,30,20.0,0
aff3d42b-70f3-47cb-98f0-7bb95a994c24,2025-02-12,2,3,18.75,0,Mostrador,4,LOCAL,0,30,31.0,1
d5a6ce38-2a25-4e76-9c9e-667a2909d9b7,2025-02-15,2,6,18.08,1,Mostrador,3,LOCAL,0,30,32.0,1
6de76599-5af4-4345-ba1d-53c5c7f9ad35,2025-02-15,2,6,21.83,1,Recoger,2,LOCAL,0,30,35.0,1
608a814e-20b4-4cf2-b34a-c03ac525bf31,2025-02-20,2,4,22.58,0,Recoger,3,LOCAL,0,30,23.0,0
2853c854-141e-42ee-b2c9-41201b331a6f,2025-02-21,2,5,20.67,0,Recoger,5,LOCAL,0,30,47.0,1
1001fef5-2b30-4b2c-9e38-6e8ccbff068e,2025-02-22,2,6,19.17,1,Recoger en tienda,4,LOCAL,0,30,39.0,1
54f8e131-0c64-4be4-bafd-027db1e56a99,2025-02-22,2,6,23.17,1,Recoger en tienda,4,LOCAL,0,30,31.0,1
4d9bd56c-acfb-4b24-b2ad-578215dd9894,2025-02-23,2,7,16.92,1,Recoger en tienda,6,LOCAL,0,30,38.0,1
0e169941-81b8-4e17-a5c2-b9f58b96faf2,2025-02-24,2,1,19.0,0,Domicilio,3,CHACATITLA,0,50,49.0,0
5d6fe159-b290-4711-ab3a-7648893fb160,2025-02-24,2,1,21.25,0,Domicilio,4,ROJO GOMEZ,0,50,51.0,1
5e61b9af-21ae-45eb-8a5c-0efc77326de0,2025-02-24,2,1,21.83,0,Domicilio,6,LOS CANTORES,0,50,54.0,1
223dd45a-c092-476b-b182-9a0e52e88329,2025-02-25,2,2,23.17,0,Mostrador,3,LOCAL,0,30,20.0,0
3c38919c-c69a-41fa-8c0c-93162e1f57a8,2025-02-26,2,3,22.33,0,Domicilio,3,COLALAMBRE,0,50,46.0,0
c1ce81b4-b413-47ce-8d63-e29d929084a6,2025-02-26,2,3,22.58,0,Recoger,1,LOCAL,1,30,28.0,0
18ad95ab-c4ab-45e2-8444-af80c2591bda,2025-02-27,2,4,16.33,0,Domicilio,2,SANTA IRENE,0,50,37.0,0
834e4b1e-1ab1-4b23-8339-af3509193105,2025-02-28,2,5,13.0,0,Recoger en tienda,2,LOCAL,0,30,17.0,0
cfeb5d21-9419-473a-b85d-ba557b03cee0,2025-02-28,2,5,15.92,0,Recoger en tienda,1,LOCAL,0,30,15.0,0
8a739318-7b93-49a0-84c2-c3866aed4b6d,2025-02-28,2,5,17.17,0,Recoger,3,LOCAL,0,30,27.0,0
d8425a8e-f3ed-40e0-a3ce-d79910189d23,2025-02-28,2,5,20.08,0,Domicilio,2,PARQUE DE POBLAMIENTO,0,50,48.0,0
a350924c-219f-4ad6-aa0d-d9ad7de0dc06,2025-03-01,3,6,21.33,1,Domicilio,2,TRES CRUCES,0,50,51.0,1
cbba1173-5684-48d8-a202-282a537f1db3,2025-03-02,3,7,20.92,1,Domicilio,5,LA LOMITA,0,50,57.0,1
5101ed61-573a-4f7a-b8a6-eadddce8c6ab,2025-03-03,3,1,15.17,0,Mostrador,2,LOCAL,0,30,22.0,0
86d63b1a-16a0-42cc-9933-bbda29fc8124,2025-03-03,3,1,21.17,0,Recoger en tienda,1,LOCAL,0,30,27.0,0
d7bdc5db-dcd3-43e2-ae10-74ef88ee91eb,2025-03-04,3,2,19.42,0,Domicilio,7,PARQUE DE POBLAMIENTO,0,50,68.0,1
499fa4e9-5005-44c0-a677-99838bc661e6,2025-03-05,3,3,17.75,0,Domicilio,2,ROJO GOMEZ,0,50,34.0,0
65f787f7-0efd-48b1-aff8-263962406dae,2025-03-05,3,3,18.67,0,Domicilio,3,AVIACIÓN CIVIL,0,50,47.0,0
efc96f2c-6b42-443a-b678-4e4a689b639e,2025-03-05,3,3,19.5,0,Recoger en tienda,3,LOCAL,0,30,37.0,1
2ba9e129-6b2b-45c6-8174-510f8c66c4da,2025-03-05,3,3,23.0,0,Mostrador,1,LOCAL,0,30,22.0,0
b015698d-1b1f-451a-ba90-79cfe733a71b,2025-03-05,3,3,23.83,0,Recoger en tienda,2,LOCAL,0,30,27.0,0
23404bc5-2428-4704-9a73-3023f3ac76fe,2025-03-06,3,4,21.83,0,Domicilio,5,PARQUE DE POBLAMIENTO,0,50,59.0,1
472eada1-ca2b-4b0a-a25f-25837ef95ce2,2025-03-07,3,5,18.25,0,Mostrador,2,LOCAL,0,30,35.0,1
748a5af5-e081-4008-8cd9-d2081098f2b2,2025-03-07,3,5,18.33,0,Recoger en tienda,5,LOCAL,1,30,40.0,1
969e9443-a0b7-45a6-bda2-653030619ed9,2025-03-07,3,5,18.5,0,Recoger en tienda,3,LOCAL,2,30,35.0,1
5c7e7c03-1577-486a-a427-bfb8c352ab07,2025-03-07,3,5,21.92,0,Domicilio,3,ROJO GOMEZ,0,50,55.0,1
9c6e99f8-dd6b-4988-b68d-90ca14f2b59a,2025-03-08,3,6,20.25,1,Domicilio,6,PARQUE DE POBLAMIENTO,0,50,68.0,1
655d581d-2de6-4626-bc32-2711dc6b534f,2025-03-08,3,6,20.33,1,Mostrador,3,LOCAL,1,30,41.0,1
6c5b07b7-049e-423d-a85a-9cc3d2c696b6,2025-03-09,3,7,21.17,1,Domicilio,4,AVIACION,0,50,56.0,1
a70c26a5-e616-4262-b626-0197102dc745,2025-03-10,3,1,18.33,0,Recoger en tienda,2,LOCAL,0,30,30.0,0
b99ea1a9-e5b2-44e9-9d6a-ec04dcb7f1e1,2025-03-13,3,4,13.08,0,Domicilio,2,LOS CANTORES,0,50,42.0,0
ee2496cf-2418-485a-83ab-4bfc59183d33,2025-03-13,3,4,18.17,0,Domicilio,3,COLALAMBRE,0,50,44.0,0
6a37a2c9-82d0-4eb5-b99f-9ea311a3245b,2025-03-14,3,5,17.92,0,Recoger,2,LOCAL,0,30,21.0,0
1dd8b40d-ca6a-40da-8f37-1d95e25eb0e6,2025-03-14,3,5,18.67,0,Domicilio,3,CENTRO,0,50,37.0,0
04f0f14c-53ea-4ee4-bd8b-f46350d3c7a8,2025-03-16,3,7,17.75,1,Domicilio,6,TODOS POR HIDALGO,0,50,64.0,1
f07917ba-732f-48fa-8acb-4245723ff974,2025-03-16,3,7,20.42,1,Recoger,1,LOCAL,0,30,29.0,0
006b52fd-b686-4709-b387-3b19810f3707,2025-03-17,3,1,20.67,0,Recoger,3,LOCAL,0,30,35.0,1
e5e0f648-6c54-4101-a371-1aad4f45d552,2025-03-17,3,1,20.92,0,Recoger,3,LOCAL,1,30,37.0,1
d958f320-1738-420d-a0b1-c6aeb189afd6,2025-03-18,3,2,14.83,0,Recoger,5,LOCAL,0,30,35.0,1
cc8a73f0-b3b8-4295-930d-ce26db0abefd,2025-03-18,3,2,19.92,0,Domicilio,4,CENTRO,0,50,45.0,0
fdd475d6-6933-4554-893d-f816e5b652c8,2025-03-19,3,3,18.0,0,Domicilio,2,CENTRO,0,50,37.0,0
f1ca3570-d6c5-444b-8729-b4204c66655d,2025-03-20,3,4,20.17,0,Domicilio,2,LA LOMITA,0,50,40.0,0
3756e5ed-1c6f-4253-a415-65aa9748ad8a,2025-03-20,3,4,20.58,0,Recoger,2,LOCAL,1,30,33.0,1
0e6b9264-d645-47c5-9e6e-b8738ddf39d7,2025-03-21,3,5,23.33,0,Domicilio,1,TRES CRUCES,0,50,42.0,0
9692c4fe-9322-4143-909b-cea48ca2f822,2025-03-22,3,6,13.17,1,Recoger,6,LOCAL,0,30,46.0,1
affd1847-e339-4ad6-b189-67f4356186e3,2025-03-24,3,1,20.83,0,Recoger en tienda,5,LOCAL,0,30,39.0,1
fa4a112a-c34c-4fdf-963c-8627d0228176,2025-03-25,3,2,19.08,0,Domicilio,4,AVIACIÓN CIVIL,0,50,47.0,0
1d0b2513-29b9-4cfd-9b14-fb9a3fd20b49,2025-03-25,3,2,21.75,0,Domicilio,5,SANTA IRENE,0,50,54.0,1
202c5d95-02fc-45a5-b4b3-0b91944accb7,2025-03-26,3,3,13.5,0,Mostrador,2,LOCAL,0,30,26.0,0
7eae84d3-3e50-4cd0-8f6c-0c2851cb56a6,2025-03-26,3,3,17.58,0,Recoger,2,LOCAL,0,30,22.0,0
d1bd159e-b668-4b64-bed9-3576a460aba8,2025-03-26,3,3,20.42,0,Mostrador,3,LOCAL,0,30,27.0,0
c38e69f7-7633-4edf-91ff-88aae34dd37d,2025-03-26,3,3,20.58,0,Domicilio,3,SANTA IRENE,1,50,54.0,1
5fc87efc-5147-4e80-84e0-dbc54d1d56c9,2025-03-26,3,3,21.5,0,Recoger,4,LOCAL,0,30,31.0,1
a3a65309-4348-49c2-a87c-808dea398bd8,2025-03-27,3,4,19.5,0,Mostrador,4,LOCAL,0,30,45.0,1
23346585-4372-4389-98a7-a7c83a8152b7,2025-03-27,3,4,20.92,0,Recoger,3,LOCAL,0,30,31.0,1
fea79b40-5f08-4bf4-8a52-8e3f910c34ad,2025-03-28,3,5,16.83,0,Recoger,1,LOCAL,0,30,15.0,0
834aa707-8449-4277-9a7e-8d1b76e1f503,2025-03-29,3,6,13.92,1,Recoger en tienda,2,LOCAL,0,30,20.0,0
6e16945b-5ad5-4612-984a-b6c71e5f90f8,2025-03-29,3,6,18.5,1,Recoger,5,LOCAL,0,30,50.0,1
2be3fd35-a803-4a8c-890a-4bcae3646770,2025-03-29,3,6,21.58,1,Domicilio,4,AVIACIÓN CIVIL,0,50,63.0,1
7a4e9deb-e0f1-4006-84e1-76ecfd189a23,2025-03-30,3,7,14.5,1,Mostrador,8,LOCAL,0,30,49.0,1
44520c51-a14a-4427-95f0-c64f6c720df7,2025-03-30,3,7,21.42,1,Recoger en tienda,4,LOCAL,0,30,41.0,1
15be6e1c-1d34-4831-a03f-ae2051fa33a4,2025-03-31,3,1,19.92,0,Mostrador,3,LOCAL,0,30,34.0,1
6f0d1223-96cc-4d65-87df-9763fe4a63c0,2025-04-02,4,3,20.08,0,Recoger en tienda,6,LOCAL,0,30,41.0,1
617f5c90-453f-4854-adaf-5e946a9c6dcd,2025-04-02,4,3,21.33,0,Mostrador,3,LOCAL,0,30,34.0,1
dc955328-5fa9-43e4-86d8-d98f1329370b,2025-04-03,4,4,15.08,0,Recoger en tienda,1,LOCAL,0,30,26.0,0
c1c387cc-fa10-470d-994f-3439ad0721b5,2025-04-03,4,4,21.67,0,Recoger en tienda,1,LOCAL,0,30,26.0,0
46388335-f801-42cd-8e5e-2ab32cdb655e,2025-04-04,4,5,16.75,0,Recoger,1,LOCAL,0,30,20.0,0
bc7f2d11-13fa-49c0-b5a2-6c66f740dc81,2025-04-05,4,6,21.0,1,Mostrador,6,LOCAL,0,30,46.0,1
77fbc620-6f1d-44b0-8d62-4592c4abc0aa,2025-04-05,4,6,23.08,1,Domicilio,5,AVIACION,0,50,44.0,0
2bf5ae4a-9718-4b01-beb4-8b4345beef69,2025-04-06,4,7,18.08,1,Recoger en tienda,4,LOCAL,0,30,36.0,1
98830b44-d25c-438b-b3bf-3cd1e3c0e750,2025-04-06,4,7,20.0,1,Domicilio,6,CHACATITLA,0,50,66.0,1
042aef3e-c9c4-4704-84fb-c634a775da04,2025-04-06,4,7,22.17,1,Recoger,3,LOCAL,0,30,38.0,1
0d2dfbf9-0259-4e25-bbe6-7d521e2c4634,2025-04-07,4,1,18.42,0,Recoger,2,LOCAL,0,30,30.0,0
bab56207-557c-45fc-85ff-7f9a4dc2f5f8,2025-04-07,4,1,22.67,0,Recoger,2,LOCAL,0,30,18.0,0
b62a8445-27be-48c7-8aa0-fbd212fc2bef,2025-04-09,4,3,17.08,0,Recoger en tienda,2,LOCAL,0,30,20.0,0
c0a5a4a6-4a39-400c-bc9f-1bdec0c21c10,2025-04-09,4,3,20.08,0,Mostrador,1,LOCAL,0,30,26.0,0
1609f331-16c1-48da-afb3-7e1c631a70e4,2025-04-09,4,3,22.58,0,Domicilio,2,PARQUE DE POBLAMIENTO,0,50,40.0,0
040c1538-4815-4313-8e09-80d11a7fbfe7,2025-04-09,4,3,23.0,0,Recoger en tienda,1,LOCAL,1,30,20.0,0
67d4589d-c6d7-4834-a996-4da1c8e55d3d,2025-04-11,4,5,21.67,0,Mostrador,7,LOCAL,0,30,51.0,1
affae668-6f83-4d05-8a74-a7c7cc3ffb18,2025-04-12,4,6,13.67,1,Domicilio,3,PARQUE DE POBLAMIENTO,0,50,49.0,0
2b95c9bf-6bf7-40e3-b9b6-7c41353ba1b6,2025-04-12,4,6,19.75,1,Domicilio,2,TRES CRUCES,0,50,44.0,0
d0894855-b013-405e-8272-8f8d4d65339d,2025-04-12,4,6,23.67,1,Domicilio,4,TODOS POR HIDALGO,0,50,53.0,1
7f3db40c-15cd-4d4b-9710-ce3aebc42127,2025-04-13,4,7,16.33,1,Recoger en tienda,4,LOCAL,0,30,32.0,1
ef238f1d-c28a-493d-a4bd-a91973234a4b,2025-04-13,4,7,17.67,1,Recoger,4,LOCAL,0,30,34.0,1
8902771a-c9d8-4487-b0d6-770d8ef9b9c6,2025-04-13,4,7,23.92,1,Recoger,2,LOCAL,0,30,25.0,0
2b8befc1-fc9c-4cdb-9a81-582760518657,2025-04-14,4,1,18.92,0,Recoger en tienda,6,LOCAL,0,30,48.0,1
ee3bc30b-ba15-4028-a355-377fd83671a9,2025-04-14,4,1,19.5,0,Recoger en tienda,7,LOCAL,0,30,44.0,1
b0dbf88d-9210-42f2-b7b9-777966468583,2025-04-16,4,3,21.5,0,Recoger,4,LOCAL,0,30,34.0,1
b6bbd86f-2756-43cb-b9c3-f4d6a2d84422,2025-04-17,4,4,21.17,0,Recoger en tienda,3,LOCAL,0,30,30.0,0
10ec9176-4c09-430f-8052-45870cd660df,2025-04-18,4,5,20.58,0,Domicilio,2,LA LOMITA,0,50,40.0,0
ce5b19d7-2833-4499-8536-3480da64ee26,2025-04-18,4,5,21.08,0,Recoger,7,LOCAL,1,30,47.0,1
ea57ba83-f4f2-4d24-9c2d-9cd19a14505e,2025-04-20,4,7,16.0,1,Domicilio,1,LA LOMITA,0,50,39.0,0
927723cc-d4b4-4a3d-9f89-672166e5b771,2025-04-20,4,7,20.42,1,Domicilio,6,ROJO GOMEZ,0,50,70.0,1
4ede45a7-3451-4058-8de9-58c1c81a5bbb,2025-04-21,4,1,18.0,0,Recoger,4,LOCAL,0,30,40.0,1
fc006c8e-8df3-477b-9ff2-38d753744e87,2025-04-22,4,2,21.0,0,Recoger,2,LOCAL,0,30,30.0,0
ccf2d704-aad0-424f-97b7-9524eb28208b,2025-04-23,4,3,22.75,0,Recoger,1,LOCAL,0,30,28.0,0
34ec1413-4a58-4684-b678-76bc0f722bdc,2025-04-24,4,4,14.42,0,Domicilio,2,TRES CRUCES,0,50,40.0,0
24e1c8b3-5687-4f2d-8a8d-6e56162fc3ed,2025-04-24,4,4,17.17,0,Recoger en tienda,1,LOCAL,0,30,15.0,0
8c4e6bc3-533d-4e0e-bab6-ce8e87081b6c,2025-04-25,4,5,23.92,0,Domicilio,3,AVIACION,0,50,37.0,0
7372c312-24cb-4aa0-a1e8-45f235323376,2025-04-26,4,6,18.75,1,Recoger en tienda,4,LOCAL,0,30,34.0,1
3f15a699-4e6c-409f-937e-81b9b690f9b0,2025-04-26,4,6,18.75,1,Recoger,2,LOCAL,1,30,35.0,1
4c13bbb6-729e-4b7d-a43e-1775e1c4ba50,2025-04-26,4,6,21.08,1,Mostrador,4,LOCAL,0,30,44.0,1
caed4c10-acf5-4ff3-8ddc-87c374da4503,2025-04-26,4,6,22.0,1,Domicilio,2,PARQUE DE POBLAMIENTO,0,50,48.0,0
c6bd7542-c1de-494f-9960-92a8c4e3678b,2025-04-27,4,7,22.75,1,Recoger,1,LOCAL,0,30,16.0,0
edf64adc-9a59-470a-94f7-d7f86009a7d1,2025-04-28,4,1,19.75,0,Recoger,2,LOCAL,0,30,35.0,1
91d08a71-48a1-44a4-be6c-3820910ca48a,2025-04-29,4,2,21.17,0,Mostrador,2,LOCAL,0,30,26.0,0
e37c5b3a-a91f-4489-9a50-eab80b3d6401,2025-04-29,4,2,22.75,0,Domicilio,2,AVIACIÓN CIVIL,0,50,34.0,0
cc859bdf-a35e-405a-b55a-3b08b4e0e3a2,2025-04-30,4,3,20.58,0,Domicilio,2,TODOS POR HIDALGO,0,50,44.0,0
97bb6d2a-cde6-4afe-8e49-35174e12f3c6,2025-05-01,5,4,18.67,0,Recoger en tienda,2,LOCAL,0,30,31.0,1
0cfc822c-db59-407a-814f-c00cf321ec63,2025-05-02,5,5,22.0,0,Domicilio,4,LA LOMITA,0,50,51.0,1
22f66530-3be8-4ab1-aeb8-aff1d8c3d924,2025-05-03,5,6,14.42,1,Recoger en tienda,7,LOCAL,0,30,52.0,1
c2536b08-2e0f-40e4-83f0-4ee93aa4548f,2025-05-03,5,6,21.5,1,Recoger,4,LOCAL,0,30,48.0,1
8615a573-0880-44e5-9756-7996bab98192,2025-05-04,5,7,19.17,1,Recoger en tienda,4,LOCAL,0,30,41.0,1
79889839-1a0d-4953-b1ca-77c67f0834d1,2025-05-04,5,7,20.08,1,Recoger en tienda,6,LOCAL,0,30,53.0,1
3726d50f-2e1d-468b-80a7-2edc5e9e524b,2025-05-05,5,1,14.0,0,Domicilio,2,LA LOMITA,0,50,33.0,0
f9bf79b0-45ff-4d2a-b103-982c6ae2e040,2025-05-05,5,1,17.0,0,Mostrador,2,LOCAL,0,30,15.0,0
a1f31dda-1377-4989-ab06-4c7b92beeb63,2025-05-07,5,3,21.83,0,Mostrador,2,LOCAL,0,30,30.0,0
19a82305-d79a-41e7-a8bf-b8f9e83fa579,2025-05-08,5,4,20.33,0,Mostrador,2,LOCAL,0,30,30.0,0
6376c3c1-9579-45eb-8390-e37d4ba45365,2025-05-09,5,5,18.25,0,Domicilio,4,PARQUE DE POBLAMIENTO,0,50,42.0,0
38f98562-a007-48a3-88c4-133b3b9d85a1,2025-05-09,5,5,18.33,0,Mostrador,1,LOCAL,1,30,29.0,0
54cbdd0a-c70f-47d9-9a4e-a3fc756daf76,2025-05-09,5,5,23.83,0,Domicilio,2,CHACATITLA,0,50,38.0,0
2a1fc361-5973-4e38-8437-d3a5bbaae363,2025-05-10,5,6,14.83,1,Mostrador,4,LOCAL,0,30,25.0,0
81ca5aaf-b4c9-4f8b-9647-8ae86d26d897,2025-05-11,5,7,15.92,1,Recoger,2,LOCAL,0,30,25.0,0
21a2fd73-b6eb-40f5-be14-8b74857a4286,2025-05-11,5,7,15.92,1,Recoger,1,LOCAL,1,30,23.0,0
4ff9e559-632c-42cc-b252-80816cf4fb31,2025-05-11,5,7,18.83,1,Domicilio,5,CENTRO,0,50,57.0,1
d8753485-3eed-49ec-82c0-ee1d43fdc817,2025-05-11,5,7,21.0,1,Domicilio,6,PARQUE DE POBLAMIENTO,0,50,57.0,1
6ca4a78d-6c36-4a92-9f89-a220bd78e7af,2025-05-12,5,1,19.42,0,Domicilio,3,LA LOMITA,0,50,48.0,0
fbecd449-cd74-478c-b21f-985b9f68fcd7,2025-05-12,5,1,21.92,0,Recoger en tienda,2,LOCAL,0,30,29.0,0
c5c14b13-c9b3-4c80-b9a1-731fc07bed48,2025-05-14,5,3,13.17,0,Recoger en tienda,3,LOCAL,0,30,30.0,0
5551b9a3-ded8-4f3d-a0ed-d2a347c979ab,2025-05-14,5,3,15.08,0,Domicilio,3,LOS CANTORES,0,50,44.0,0
ccc80839-58d6-46c3-a146-814e66f8a3d7,2025-05-14,5,3,18.83,0,Domicilio,5,COLALAMBRE,0,50,50.0,0
fa55b869-e61e-4a18-a545-02e1ded3f2c6,2025-05-14,5,3,20.25,0,Mostrador,1,LOCAL,0,30,16.0,0
1c96463d-7cad-4e36-b67a-1e5b513ab20e,2025-05-14,5,3,21.58,0,Domicilio,1,TODOS POR HIDALGO,0,50,32.0,0
a3ca8e58-e775-463a-9de5-c9d5c88fbb8e,2025-05-15,5,4,20.92,0,Recoger en tienda,3,LOCAL,0,30,34.0,1
45695526-d68e-4cb8-a1a3-e90b7e3bfa57,2025-05-17,5,6,16.33,1,Recoger,3,LOCAL,0,30,21.0,0
f123fda1-a508-4f67-a5e6-333b2b26d162,2025-05-17,5,6,16.67,1,Recoger,3,LOCAL,1,30,35.0,1
8b709616-6cee-44e0-a53a-8acb28b7147e,2025-05-18,5,7,15.42,1,Recoger,5,LOCAL,0,30,43.0,1
41843fa8-6823-4fa0-a26d-a912882af3f9,2025-05-18,5,7,20.58,1,Domicilio,3,COLALAMBRE,0,50,52.0,1
276cb288-b90a-4c26-a0df-0bc777451393,2025-05-18,5,7,23.25,1,Domicilio,2,COLALAMBRE,0,50,48.0,0
f48a2e93-a8e9-4bb8-b3dd-037f092b787e,2025-05-20,5,2,18.0,0,Recoger en tienda,2,LOCAL,0,30,28.0,0
35e4b225-98ec-4d34-b04d-5c42a5a0d1d1,2025-05-21,5,3,23.58,0,Recoger,2,LOCAL,0,30,33.0,1
4eb10b0c-2a3a-4130-bb3a-a8b071fedba7,2025-05-22,5,4,13.42,0,Recoger,3,LOCAL,0,30,26.0,0
003f8343-46ce-4e9e-a600-1d6759040185,2025-05-22,5,4,21.33,0,Domicilio,5,LA LOMITA,0,50,46.0,0
ec02fa4b-d9e6-4b57-baf6-b2d0168811bb,2025-05-23,5,5,23.0,0,Domicilio,3,ROJO GOMEZ,0,50,41.0,0
7db379d0-66ab-41dd-a0b1-cc0b9f898362,2025-05-24,5,6,22.67,1,Recoger en tienda,1,LOCAL,0,30,15.0,0
3727a63a-423a-4715-961d-3799ac467a36,2025-05-25,5,7,21.42,1,Mostrador,5,LOCAL,0,30,42.0,1
db2787b3-0073-48cd-937c-dae0c3eee918,2025-05-25,5,7,22.83,1,Mostrador,3,LOCAL,0,30,39.0,1
88211c77-0ba0-42ed-9664-deb38ca3bc01,2025-05-26,5,1,19.92,0,Recoger,4,LOCAL,0,30,30.0,0
64be4fe8-4653-4e0f-bb93-026e4baa56ce,2025-05-28,5,3,13.58,0,Domicilio,1,AVIACIÓN CIVIL,0,50,31.0,0
b47d84ac-ca1f-4c46-841e-498670126bf9,2025-05-28,5,3,20.0,0,Mostrador,3,LOCAL,0,30,31.0,1
e303338e-c190-432e-ae6e-f22ea978f3f3,2025-05-28,5,3,20.08,0,Domicilio,3,CHACATITLA,1,50,53.0,1
3a1d5608-a54b-4307-b507-990c5dead7f6,2025-05-28,5,3,23.08,0,Mostrador,3,LOCAL,0,30,23.0,0
414bbea8-2cc3-4e40-8936-afb898380e7f,2025-05-28,5,3,23.33,0,Recoger,1,LOCAL,1,30,21.0,0
a7371337-060e-4a60-88f0-da6ea40acad6,2025-05-29,5,4,20.5,0,Recoger en tienda,3,LOCAL,0,30,35.0,1
5f909e92-2570-4bee-a3bb-a558510f701f,2025-05-30,5,5,14.42,0,Domicilio,2,AVIACION,0,50,31.0,0
b0b14f7d-e525-4c74-98f3-0372d0c52d2d,2025-05-30,5,5,14.58,0,Domicilio,4,CENTRO,1,50,43.0,0
9e6b261b-8279-44a2-8d0c-6281032b5b4d,2025-05-31,5,6,13.0,1,Domicilio,5,AVIACION,0,50,47.0,0
9f28e32a-7211-416c-bd04-a851f64e143e,2025-06-01,6,7,16.58,1,Domicilio,1,LA LOMITA,0,50,34.0,0
e255497b-32ac-4be8-a3a5-ea0c7886a474,2025-06-03,6,2,20.58,0,Domicilio,3,LOS CANTORES,0,50,48.0,0
effa35c1-8d11-41ca-9e8e-6e56b9c6e52d,2025-06-04,6,3,13.17,0,Domicilio,3,PARQUE DE POBLAMIENTO,0,50,48.0,0
22eb8c22-2d45-4f35-928c-83267d44a854,2025-06-04,6,3,18.0,0,Recoger en tienda,2,LOCAL,0,30,32.0,1
06e2ba86-2b4a-4b65-a54e-8de99ca71093,2025-06-06,6,5,17.42,0,Domicilio,2,TODOS POR HIDALGO,0,50,39.0,0
d964b9e7-1877-4a5a-8663-b9b672743958,2025-06-06,6,5,20.0,0,Recoger,6,LOCAL,0,30,42.0,1
4c144d53-e7f9-4bd3-a1dc-d5cf74447f38,2025-06-06,6,5,21.17,0,Domicilio,10,AVIACION,0,50,74.0,1
6d6041c6-2c0a-44e5-9f8f-d2829d683f59,2025-06-07,6,6,17.08,1,Mostrador,1,LOCAL,0,30,24.0,0
0bbc9007-8896-40f6-a0bc-a60cd8dffab3,2025-06-07,6,6,20.0,1,Domicilio,4,SANTA IRENE,0,50,50.0,0
689c9c33-04d5-4c81-b8fe-a6eb72a2e2d4,2025-06-07,6,6,20.92,1,Mostrador,4,LOCAL,0,30,38.0,1
8f804dd8-65e0-4d3f-8415-53504538b7aa,2025-06-07,6,6,22.08,1,Recoger,7,LOCAL,0,30,46.0,1
c4a686cc-67be-4714-8de0-d5f144c4cbd6,2025-06-07,6,6,23.42,1,Recoger,2,LOCAL,0,30,27.0,0
365cc2d1-59a4-4fbb-9649-70fbca98ce3a,2025-06-07,6,6,23.42,1,Domicilio,2,LOS CANTORES,1,50,47.0,0
43648f75-fa7e-4612-828e-df42a003238d,2025-06-08,6,7,14.5,1,Domicilio,2,CENTRO,0,50,34.0,0
13a01712-bd33-4083-aa5f-537322022aa5,2025-06-08,6,7,15.08,1,Recoger en tienda,4,LOCAL,0,30,33.0,1
3ab3a760-5c23-49e6-ae3d-b64d6b5783db,2025-06-08,6,7,21.42,1,Domicilio,5,SANTA IRENE,0,50,58.0,1
c17a4006-8e04-43a5-a892-8696a4c1aa8a,2025-06-09,6,1,13.5,0,Recoger,2,LOCAL,0,30,24.0,0
262c9c64-bb81-42aa-8e74-e39db6cefadc,2025-06-09,6,1,18.17,0,Domicilio,9,TODOS POR HIDALGO,0,50,70.0,1
917954d6-677d-4854-842a-892d46fab7b5,2025-06-09,6,1,18.33,0,Recoger en tienda,5,LOCAL,1,30,44.0,1
20319fb0-84c2-418e-a2b8-de07147cbe58,2025-06-09,6,1,23.0,0,Recoger,3,LOCAL,0,30,28.0,0
8aa9a4bc-a042-4b7f-a10d-248450fc6329,2025-06-11,6,3,21.5,0,Domicilio,5,TODOS POR HIDALGO,0,50,54.0,1
73b34402-82c7-4b68-bf2a-bf931dc1f881,2025-06-11,6,3,21.92,0,Recoger en tienda,2,LOCAL,1,30,30.0,0
1daeee00-3398-4163-920b-3c6f0f19c1dc,2025-06-12,6,4,15.58,0,Domicilio,3,CHACATITLA,0,50,50.0,0
a7b9c69a-37ed-42fa-a4ef-20420e465cee,2025-06-12,6,4,18.08,0,Mostrador,4,LOCAL,0,30,43.0,1
438d566c-9dbc-477a-9ebc-fd4310ac5441,2025-06-12,6,4,19.0,0,Domicilio,2,LA LOMITA,0,50,44.0,0
b304bf79-0caf-4ab1-a9c9-6524b0d4670d,2025-06-13,6,5,19.33,0,Recoger,5,LOCAL,0,30,47.0,1
4005831c-ce44-493a-85ac-63c82ac94e33,2025-06-14,6,6,19.67,1,Recoger,4,LOCAL,0,30,40.0,1
c31318e2-b5bd-420c-b89d-88877c87e7ff,2025-06-14,6,6,21.0,1,Recoger,5,LOCAL,0,30,51.0,1
0be9f653-103e-4ffc-a49f-1eda22601c65,2025-06-15,6,7,13.25,1,Recoger,3,LOCAL,0,30,29.0,0
5d56be51-ee3e-4bd9-bc8d-230e777a35eb,2025-06-15,6,7,19.17,1,Domicilio,2,CENTRO,0,50,44.0,0
c8623390-0637-4bcb-a058-f2c71e9747a8,2025-06-15,6,7,23.0,1,Domicilio,2,LOS CANTORES,0,50,41.0,0
fd33b98b-9f57-4940-9056-ffc644233565,2025-06-16,6,1,19.92,0,Recoger,4,LOCAL,0,30,32.0,1
48cca0dc-2d60-4f45-b426-e5c1420e7d30,2025-06-16,6,1,20.75,0,Domicilio,1,TODOS POR HIDALGO,0,50,42.0,0
9a0d261b-1d2c-41e9-b964-4109fe3ef1dc,2025-06-18,6,3,21.42,0,Mostrador,3,LOCAL,0,30,36.0,1
709abbe3-924a-4af5-9b50-4977a63063bb,2025-06-18,6,3,21.92,0,Mostrador,5,LOCAL,1,30,42.0,1
457ab6ad-f5f0-4fe1-ac20-2ae66ff568d1,2025-06-19,6,4,16.25,0,Recoger,4,LOCAL,0,30,32.0,1
83533cae-f0e8-4e89-bd00-50cd690e84f4,2025-06-19,6,4,17.42,0,Domicilio,3,LOS CANTORES,0,50,31.0,0
88233367-3152-4576-ae17-c855dea98b17,2025-06-19,6,4,18.83,0,Recoger en tienda,5,LOCAL,0,30,39.0,1
fe4be955-33ea-4841-a56c-f8f69f3d5e63,2025-06-19,6,4,19.25,0,Recoger,4,LOCAL,1,30,39.0,1
1faba178-4826-4a05-8d5d-4810633d308e,2025-06-19,6,4,19.75,0,Domicilio,4,LOS CANTORES,1,50,50.0,0
51473fe2-f241-4eee-9fb9-f67ca8ac9745,2025-06-20,6,5,18.17,0,Domicilio,2,AVIACIÓN CIVIL,0,50,47.0,0
c7636f96-e81d-43d0-9c71-998722a63f55,2025-06-20,6,5,18.42,0,Domicilio,1,ROJO GOMEZ,1,50,49.0,0
b65801c4-439d-4a43-8a97-78cbc3913e60,2025-06-22,6,7,18.33,1,Recoger,8,LOCAL,0,30,59.0,1
9790f1ff-7c89-4084-afbb-ebb5b61b93ef,2025-06-22,6,7,20.08,1,Recoger en tienda,2,LOCAL,0,30,29.0,0
85dc9e30-d459-436b-b936-ebde298d2125,2025-06-22,6,7,21.5,1,Domicilio,2,COLALAMBRE,0,50,60.0,1
0c13643e-4442-498a-b59a-bcd33a98cdce,2025-06-22,6,7,22.42,1,Domicilio,2,SANTA IRENE,0,50,39.0,0
10cf6a7f-f7a6-4a80-9155-ba4507e6a261,2025-06-23,6,1,20.0,0,Mostrador,6,LOCAL,0,30,45.0,1
7eb1bb46-78e3-4a16-bb05-f6a6f269fc48,2025-06-25,6,3,14.0,0,Domicilio,2,TRES CRUCES,0,50,41.0,0
4113e450-a170-429e-8d70-a05dbb0b239e,2025-06-25,6,3,17.83,0,Mostrador,5,LOCAL,0,30,33.0,1
1a5881e4-435d-4336-bc6d-0a62fd414ff6,2025-06-25,6,3,18.42,0,Domicilio,2,ROJO GOMEZ,0,50,50.0,0
73a5b3e8-4f29-468a-815b-527cf4e04f1d,2025-06-25,6,3,18.42,0,Domicilio,2,PARQUE DE POBLAMIENTO,1,50,53.0,1
68ce44c7-b44c-40ac-946b-740dc8514cb3,2025-06-25,6,3,19.25,0,Mostrador,4,LOCAL,0,30,36.0,1
7d21af0b-0974-43d1-8507-4214198fc329,2025-06-25,6,3,19.42,0,Domicilio,6,SANTA IRENE,1,50,56.0,1
bf3da1c1-6020-4125-b95a-27e172f6081c,2025-06-25,6,3,20.83,0,Domicilio,1,ROJO GOMEZ,0,50,41.0,0
b8789095-79fb-4ab9-8845-5e0fd1d63aa3,2025-06-26,6,4,18.42,0,Recoger en tienda,2,LOCAL,0,30,30.0,0
28e2551f-04e1-4c9f-aee6-4ac8d02d88d4,2025-06-26,6,4,18.75,0,Recoger,5,LOCAL,1,30,48.0,1
5fe2e7c6-2cb9-4700-83a2-efef7dfc7351,2025-06-28,6,6,14.58,1,Recoger,3,LOCAL,0,30,29.0,0
1de2e5cd-aa81-44a5-8833-48e25eb2a7ce,2025-06-28,6,6,20.58,1,Recoger en tienda,6,LOCAL,0,30,50.0,1
8e952612-2f54-4d45-9c4f-e3d4c9ef3f0d,2025-06-28,6,6,21.5,1,Domicilio,5,ROJO GOMEZ,0,50,67.0,1
2e04c3a5-92a6-4e94-8e0c-d1d8744eff30,2025-06-28,6,6,23.25,1,Domicilio,2,COLALAMBRE,0,50,49.0,0
88a63c02-2e0f-4f9b-b3a0-59c13c4674ec,2025-06-29,6,7,18.0,1,Mostrador,5,LOCAL,0,30,50.0,1
d8ad6690-8477-445b-ba7a-fb04a19ee04b,2025-06-29,6,7,18.33,1,Domicilio,1,CENTRO,1,50,40.0,0
23f26b28-af4d-4ed0-a0b7-221f52b1f550,2025-06-29,6,7,18.83,1,Domicilio,1,PARQUE DE POBLAMIENTO,1,50,57.0,1
2de3ae83-b952-4d75-ac8b-8c5040ec63c3,2025-06-29,6,7,21.75,1,Mostrador,5,LOCAL,0,30,45.0,1
c1b28777-1410-4bcf-82cb-6f42c319d046,2025-06-30,6,1,20.08,0,Recoger,1,LOCAL,0,30,20.0,0
6e9e43a1-df52-429c-bf3c-f622ae6ad9b2,2025-06-30,6,1,23.08,0,Domicilio,1,LA LOMITA,0,50,28.0,0
9b354d2f-7cd2-4353-9a7e-f6dc2ef64744,2025-07-01,7,2,18.92,0,Recoger en tienda,1,LOCAL,0,30,30.0,0
b082e550-f7b2-46df-8884-8cdfb4baf787,2025-07-03,7,4,23.08,0,Recoger,1,LOCAL,0,30,18.0,0
cf75cad4-49bf-42fc-a6fa-dbae76c2b700,2025-07-04,7,5,18.25,0,Recoger en tienda,5,LOCAL,0,30,39.0,1
a04e4bf2-1196-4116-8d6f-e4e4cf8a9acd,2025-07-06,7,7,15.08,1,Domicilio,1,COLALAMBRE,0,50,37.0,0
3de54f7f-eff3-455c-90f7-6f047bb06595,2025-07-07,7,1,13.75,0,Recoger en tienda,1,LOCAL,0,30,18.0,0
c2034787-ee93-4ec9-9f9a-0b910ff05e2f,2025-07-07,7,1,19.58,0,Domicilio,2,SANTA IRENE,0,50,38.0,0
5ec70ed2-9d53-445d-bd7e-ddd085261ad5,2025-07-09,7,3,14.67,0,Domicilio,2,COLALAMBRE,0,50,41.0,0
e862370a-812f-4b63-809d-bd6b05021762,2025-07-09,7,3,20.17,0,Domicilio,3,TODOS POR HIDALGO,0,50,50.0,0
ebadc41f-9943-463c-88e3-d430cde4d472,2025-07-10,7,4,13.0,0,Mostrador,4,LOCAL,0,30,27.0,0
6bd426ba-e5c6-4c63-8987-5077bfaf4ad3,2025-07-11,7,5,22.5,0,Domicilio,2,CENTRO,0,50,26.0,0
fe68b447-3bf1-4cf4-b4c3-a455130f6f94,2025-07-12,7,6,19.0,1,Mostrador,2,LOCAL,0,30,34.0,1
178a3511-65f9-491b-b3e3-cd7cb8f731ae,2025-07-12,7,6,19.75,1,Mostrador,2,LOCAL,0,30,32.0,1
23b5b737-b792-4df9-b260-4f5ef79ac443,2025-07-12,7,6,20.92,1,Domicilio,3,ROJO GOMEZ,0,50,55.0,1
4aa11601-3dff-4259-bb45-f94e486ba28b,2025-07-13,7,7,21.0,1,Domicilio,3,ROJO GOMEZ,0,50,63.0,1
7537505e-037c-45ec-bb82-6d66f623b7db,2025-07-14,7,1,15.17,0,Domicilio,4,SANTA IRENE,0,50,48.0,0
77440dbb-7968-49c7-81d9-57549b9cf26f,2025-07-14,7,1,19.92,0,Recoger en tienda,1,LOCAL,0,30,15.0,0
68e26fc4-76d4-4a14-96cb-b9077cdf17b0,2025-07-15,7,2,18.5,0,Recoger en tienda,2,LOCAL,0,30,29.0,0
08018103-d5b7-429c-bd3d-cef9eb4e3232,2025-07-16,7,3,19.92,0,Recoger,2,LOCAL,0,30,26.0,0
77fcad60-21f9-4b2a-95a6-a404613db4e7,2025-07-16,7,3,23.08,0,Mostrador,2,LOCAL,0,30,18.0,0
5feb05b3-27a6-4506-9336-7291a78cc5de,2025-07-18,7,5,13.08,0,Recoger,1,LOCAL,0,30,16.0,0
9a8a6b8e-8dd8-46c9-9817-1869b0cfbd54,2025-07-18,7,5,18.25,0,Domicilio,2,AVIACION,0,50,43.0,0
23cd42eb-20e8-4117-b7da-8d4a6df8a00c,2025-07-18,7,5,23.17,0,Domicilio,3,ROJO GOMEZ,0,50,42.0,0
fbea5663-b93b-4326-9e94-110638805365,2025-07-19,7,6,13.58,1,Recoger,4,LOCAL,0,30,39.0,1
36f9c4bc-c878-4573-9610-c0f57e0f360c,2025-07-19,7,6,19.25,1,Recoger en tienda,5,LOCAL,0,30,45.0,1
7556d833-1203-4850-b9b1-2e629bb2dfeb,2025-07-19,7,6,21.17,1,Domicilio,5,TODOS POR HIDALGO,0,50,69.0,1
5b00645e-1284-44cc-b6a5-8fb44fa4d73f,2025-07-19,7,6,21.25,1,Domicilio,1,COLALAMBRE,1,50,50.0,0
ae2629ae-64bc-4dda-ab9e-2cdd77a5d5bd,2025-07-21,7,1,19.33,0,Domicilio,2,AVIACIÓN CIVIL,0,50,35.0,0
86fa534d-ff4f-46b1-a358-14a20abd806e,2025-07-22,7,2,20.0,0,Domicilio,3,AVIACION,0,50,47.0,0
8f4be61d-0fea-4392-8d5a-9591f8f4dab1,2025-07-24,7,4,18.58,0,Domicilio,3,TRES CRUCES,0,50,48.0,0
ee6f3484-ebac-4f3b-b2bb-09814322f2c4,2025-07-24,7,4,20.58,0,Recoger,2,LOCAL,0,30,26.0,0
948500fb-4cb8-49e7-9c61-66bc61a65ce9,2025-07-24,7,4,21.0,0,Recoger,4,LOCAL,1,30,38.0,1
e6efa27d-a85c-4e83-9b1a-ab07b9f6cf3c,2025-07-25,7,5,20.67,0,Domicilio,2,TRES CRUCES,0,50,46.0,0
ed237b57-188d-43f4-95c4-6e29110c7dc3,2025-07-26,7,6,14.5,1,Domicilio,3,SANTA IRENE,0,50,42.0,0
7c543b70-bb16-4649-a291-34e59e3a41ac,2025-07-26,7,6,20.42,1,Domicilio,5,CHACATITLA,0,50,51.0,1
3ab3c7d4-3f30-4f28-8d2f-30a28fd20517,2025-07-26,7,6,21.5,1,Domicilio,3,COLALAMBRE,0,50,47.0,0
b5328c2b-6a2f-4203-bc02-44d3df83ad38,2025-07-26,7,6,22.25,1,Mostrador,3,LOCAL,0,30,29.0,0
53a634fb-9035-43e8-aac2-304673525834,2025-07-27,7,7,21.25,1,Domicilio,7,ROJO GOMEZ,0,50,72.0,1
d5eb7270-4461-4a01-ba0b-7f77959b8f21,2025-07-28,7,1,15.08,0,Recoger,2,LOCAL,0,30,26.0,0
ebcf4b02-99d4-4ff9-8ef9-9fd01278edf4,2025-07-28,7,1,16.42,0,Mostrador,2,LOCAL,0,30,25.0,0
ad67c4b5-0dc8-4809-af45-8750e52de11e,2025-07-29,7,2,20.92,0,Mostrador,3,LOCAL,0,30,31.0,1
43f7a8c6-a26a-4d18-8ab2-083ff3d032eb,2025-07-30,7,3,13.92,0,Domicilio,3,AVIACIÓN CIVIL,0,50,40.0,0
ab0f7cf7-a603-4777-a7d2-70c92e7dc3d0,2025-07-30,7,3,15.33,0,Recoger en tienda,2,LOCAL,0,30,18.0,0
6e1693fc-ede6-48a9-9088-5ffe2fd4131c,2025-07-30,7,3,16.67,0,Recoger en tienda,3,LOCAL,0,30,24.0,0
79b97a6b-568b-4354-8cc2-7fe4f16032f0,2025-07-30,7,3,20.67,0,Domicilio,3,CHACATITLA,0,50,52.0,1
f3ff9602-aac4-4dae-b95b-88b073bd650c,2025-07-31,7,4,13.92,0,Recoger,3,LOCAL,0,30,22.0,0
9cda175a-0122-4d17-be9e-79c1bc3a1220,2025-07-31,7,4,23.67,0,Domicilio,4,TODOS POR HIDALGO,0,50,54.0,1
63a430b8-50c9-44c3-ad50-8268a4b5ac2e,2025-08-01,8,5,20.0,0,Domicilio,3,CENTRO,0,50,41.0,0
04dc8a85-2c6f-4efa-982e-74c988a1ceb2,2025-08-01,8,5,21.67,0,Mostrador,6,LOCAL,0,30,44.0,1
b76bf51e-3608-4072-94ad-59f8bb5cbdd6,2025-08-02,8,6,17.08,1,Domicilio,7,PARQUE DE POBLAMIENTO,0,50,58.0,1
ca4658d6-5387-420e-9eb6-a22158c35ce9,2025-08-02,8,6,19.17,1,Recoger,6,LOCAL,0,30,50.0,1
dab0d153-5e61-47e6-9a51-53ed137c3dcc,2025-08-02,8,6,19.42,1,Recoger en tienda,3,LOCAL,1,30,39.0,1
acda8d50-06aa-4d21-8aab-01f2c1c731f4,2025-08-02,8,6,20.58,1,Recoger en tienda,2,LOCAL,0,30,33.0,1
c0f7e298-5ea5-4e94-9cfb-fb48616e32a1,2025-08-02,8,6,21.42,1,Domicilio,5,ROJO GOMEZ,0,50,64.0,1
abf9eb42-3f7e-4a9c-b385-8eb0431d059a,2025-08-03,8,7,20.92,1,Mostrador,2,LOCAL,0,30,34.0,1
0f14cd3f-51ef-41c0-abeb-8a1cc6be10b8,2025-08-04,8,1,21.83,0,Domicilio,4,ROJO GOMEZ,0,50,59.0,1
b43a0e1d-6c43-441e-9089-fa6eadbf9108,2025-08-05,8,2,18.58,0,Mostrador,2,LOCAL,0,30,25.0,0
c4aa4fea-0ada-4814-870b-1df18a9f6914,2025-08-05,8,2,23.0,0,Recoger en tienda,4,LOCAL,0,30,32.0,1
af053774-30d9-443e-8154-65edd2fbff1b,2025-08-06,8,3,15.25,0,Domicilio,5,TODOS POR HIDALGO,0,50,47.0,0
0d04f911-7b09-4b8a-adbe-18fd5f63204a,2025-08-07,8,4,23.5,0,Recoger en tienda,1,LOCAL,0,30,15.0,0
a538c538-4b50-4823-92cb-182bf84d11ac,2025-08-08,8,5,20.58,0,Recoger,6,LOCAL,0,30,46.0,1
f27ac7f9-923d-4f6f-938a-8fb9feffb9c4,2025-08-09,8,6,18.0,1,Recoger,5,LOCAL,0,30,47.0,1
e72224ee-138f-44b5-b9af-80a3dd8620e5,2025-08-09,8,6,18.58,1,Mostrador,2,LOCAL,0,30,39.0,1
cc11974d-1925-4236-9da4-d0cd295c395f,2025-08-09,8,6,21.42,1,Domicilio,1,AVIACIÓN CIVIL,0,50,31.0,0
ab51a936-17e4-4061-8401-be354a40ccde,2025-08-10,8,7,17.83,1,Recoger en tienda,3,LOCAL,0,30,24.0,0
aafb5863-6086-47af-9e3a-a5ac4b2107b0,2025-08-10,8,7,21.25,1,Domicilio,7,TODOS POR HIDALGO,0,50,75.0,1
edcfa243-e219-4b50-98cf-65c217222b5b,2025-08-13,8,3,15.83,0,Recoger,2,LOCAL,0,30,22.0,0
d892bc54-9a97-4658-bc5f-5d87381a5b81,2025-08-13,8,3,20.42,0,Domicilio,8,COLALAMBRE,0,50,72.0,1
7e65bba6-152d-4814-a31c-9c44d7090e5c,2025-08-13,8,3,23.92,0,Recoger en tienda,2,LOCAL,0,30,20.0,0
b9630354-6ad1-4822-b833-339a8931e7ff,2025-08-14,8,4,19.17,0,Domicilio,2,LA LOMITA,0,50,44.0,0
cca3eb6b-3a2d-49aa-8073-7ec8d3f9180e,2025-08-14,8,4,20.17,0,Domicilio,2,CENTRO,0,50,42.0,0
64232071-e863-43a8-b511-7d5575625484,2025-08-16,8,6,18.0,1,Domicilio,4,CENTRO,0,50,40.0,0
b582d1ec-7a78-4c39-962b-d155a6b1c2e5,2025-08-17,8,7,13.5,1,Domicilio,5,LA LOMITA,0,50,45.0,0
f0dcb284-52de-41e7-865b-0b02184de498,2025-08-18,8,1,13.75,0,Domicilio,3,CHACATITLA,0,50,38.0,0
ebf618e2-099c-4164-862f-0506b3fe670c,2025-08-18,8,1,18.42,0,Recoger,3,LOCAL,0,30,36.0,1
2b17cf24-8bff-49a4-80cb-f022d64e3051,2025-08-19,8,2,18.92,0,Mostrador,2,LOCAL,0,30,31.0,1
d081a03a-1af2-4091-8307-61d04bb4df83,2025-08-19,8,2,19.58,0,Recoger,6,LOCAL,0,30,49.0,1
5c4b665e-8465-4329-89ea-3b2b36393d57,2025-08-20,8,3,13.0,0,Domicilio,2,COLALAMBRE,0,50,36.0,0
7f979d03-ec4e-4b09-9c7e-5ed134a8454a,2025-08-20,8,3,16.83,0,Mostrador,2,LOCAL,0,30,21.0,0
555d982b-64ed-43b5-aae7-7fd75039cc94,2025-08-20,8,3,18.08,0,Recoger en tienda,3,LOCAL,0,30,33.0,1
21d425e9-1efa-47ac-a15d-0c36bd7203b3,2025-08-20,8,3,23.75,0,Mostrador,5,LOCAL,0,30,34.0,1
a51e26e2-3dd5-4b5e-91fb-805cf8bb43c0,2025-08-21,8,4,15.25,0,Recoger,6,LOCAL,0,30,35.0,1
3a578cdf-2b1e-4148-abdb-3b4398b9b584,2025-08-21,8,4,20.42,0,Domicilio,1,TODOS POR HIDALGO,0,50,40.0,0
48367802-4d4b-40bc-88ca-5089b49581e6,2025-08-23,8,6,13.17,1,Recoger,3,LOCAL,0,30,31.0,1
36788668-4eb2-4dff-92c7-0614e305dfbf,2025-08-23,8,6,16.42,1,Domicilio,1,ROJO GOMEZ,0,50,37.0,0
6581bf4c-0833-4b1c-8f78-2390ba982b49,2025-08-23,8,6,21.42,1,Mostrador,6,LOCAL,0,30,54.0,1
60f085c0-4fd5-47af-b4dd-cb59b0309688,2025-08-24,8,7,14.75,1,Recoger en tienda,2,LOCAL,0,30,29.0,0
c844584f-cf5b-4c90-84b2-7eac73f8023b,2025-08-24,8,7,19.42,1,Mostrador,5,LOCAL,0,30,41.0,1
6b7039e7-0672-4d0d-94e1-35a3776c9658,2025-08-24,8,7,19.92,1,Recoger,3,LOCAL,1,30,36.0,1
bb52ffc4-8ac7-44bb-bc8c-7802c68fdcb8,2025-08-24,8,7,20.75,1,Recoger,3,LOCAL,0,30,46.0,1
a116fc1e-dca4-41c5-957d-9e9b12d4b7bd,2025-08-24,8,7,22.17,1,Recoger en tienda,4,LOCAL,0,30,28.0,0
6b6cbb15-7cdb-4e92-bb10-95ddbc9ab861,2025-08-25,8,1,13.5,0,Domicilio,2,AVIACION,0,50,37.0,0
fd06376e-5f16-4d41-8d41-a4a413e52668,2025-08-25,8,1,19.92,0,Recoger en tienda,1,LOCAL,0,30,27.0,0
bfc466da-641a-4a97-899a-26d9cb0b6305,2025-08-25,8,1,23.08,0,Recoger en tienda,2,LOCAL,0,30,23.0,0
274c7f3e-1f5e-404b-a170-00f613f7d174,2025-08-26,8,2,16.58,0,Mostrador,4,LOCAL,0,30,36.0,1
333510eb-7a76-4317-b1de-76e69b476d38,2025-08-26,8,2,18.83,0,Recoger en tienda,3,LOCAL,0,30,24.0,0
e0dd2bf3-a04b-4b5c-a7f2-4b806e3aa378,2025-08-27,8,3,19.92,0,Recoger en tienda,6,LOCAL,0,30,41.0,1
9542f352-4c5d-499e-aafd-53c4debf145e,2025-08-28,8,4,16.5,0,Recoger en tienda,2,LOCAL,0,30,18.0,0
e1b1560a-2cb2-4031-b52c-396abb10933c,2025-08-29,8,5,18.67,0,Domicilio,1,CENTRO,0,50,37.0,0
37775393-c56b-42e9-8ecc-7ec8afbbf814,2025-08-30,8,6,18.58,1,Domicilio,2,PARQUE DE POBLAMIENTO,0,50,50.0,0
af984ae2-ea1e-48ff-9232-c13fd81321a5,2025-08-31,8,7,18.42,1,Recoger,2,LOCAL,0,30,29.0,0
5b464cfd-41d0-4f81-b73d-ba941150db33,2025-08-31,8,7,20.17,1,Recoger en tienda,4,LOCAL,0,30,37.0,1
4ec70cf1-b15a-49ad-a3eb-24772be7972c,2025-09-01,9,1,20.17,0,Recoger,2,LOCAL,0,30,30.0,0
13928ae1-3a5a-42e8-814f-757581878630,2025-09-02,9,2,21.75,0,Domicilio,5,PARQUE DE POBLAMIENTO,0,50,58.0,1
9a881d89-2349-458d-a18a-42d4ee368fe6,2025-09-02,9,2,21.92,0,Mostrador,3,LOCAL,1,30,38.0,1
42097e98-334d-4ea4-b0db-d7376925e3cc,2025-09-02,9,2,22.5,0,Domicilio,5,CENTRO,0,50,48.0,0
57e0f330-c3bf-4128-b514-746edd225e51,2025-09-05,9,5,18.08,0,Mostrador,2,LOCAL,0,30,26.0,0
ccc64db4-ae0c-4ba4-95c5-289d7c4c7aac,2025-09-05,9,5,22.08,0,Domicilio,4,LOS CANTORES,0,50,45.0,0
ba21ec67-7dd3-44d8-9340-01f4ad36f1c1,2025-09-06,9,6,18.5,1,Recoger en tienda,6,LOCAL,0,30,51.0,1
686f8b64-19b2-4afc-8ca3-766e0e928f0f,2025-09-06,9,6,21.92,1,Recoger,5,LOCAL,0,30,44.0,1
a8c91d0f-16fe-4320-ab57-c754d8a092e3,2025-09-07,9,7,18.92,1,Domicilio,4,CENTRO,0,50,46.0,0
b4afe150-dc98-420d-baed-b057e0849af6,2025-09-08,9,1,20.58,0,Mostrador,2,LOCAL,0,30,25.0,0
8eb25e6b-fe7c-453c-8074-11631c91e2c5,2025-09-09,9,2,16.08,0,Domicilio,1,ROJO GOMEZ,0,50,32.0,0
a74f1f9b-9074-4906-b093-e0463fb115bb,2025-09-09,9,2,22.5,0,Recoger en tienda,1,LOCAL,0,30,18.0,0
eade9286-b9b9-478c-aa74-ee135f9ccc43,2025-09-10,9,3,14.17,0,Recoger,6,LOCAL,0,30,34.0,1
bcedce8a-f857-427d-b47e-70c9802c32d9,2025-09-10,9,3,21.33,0,Domicilio,5,LOS CANTORES,0,50,48.0,0
ddd4c11a-8faa-4c6b-a26c-15375e3a309d,2025-09-11,9,4,23.92,0,Recoger,5,LOCAL,0,30,46.0,1
df43a849-1224-4096-ba11-05b5a7b22804,2025-09-12,9,5,16.5,0,Recoger,2,LOCAL,0,30,20.0,0
862dd090-ce79-4681-8685-92236d904874,2025-09-12,9,5,19.25,0,Domicilio,2,AVIACION,0,50,42.0,0
1bbb985f-e390-4a2c-b4bd-ffabcace8074,2025-09-12,9,5,19.42,0,Recoger,4,LOCAL,1,30,45.0,1
e9c41fea-47c6-4965-9a13-a15cb862a2aa,2025-09-12,9,5,20.17,0,Domicilio,1,SANTA IRENE,0,50,37.0,0
8ae54a01-656c-4aa2-be75-2c7658a78afa,2025-09-12,9,5,23.5,0,Domicilio,2,ROJO GOMEZ,0,50,37.0,0
d9f603f0-af73-4571-ac79-0ed0519056d4,2025-09-13,9,6,15.5,1,Domicilio,1,TODOS POR HIDALGO,0,50,42.0,0
5d8d7954-1b40-4fc8-ab3d-91e060b2e469,2025-09-13,9,6,17.5,1,Domicilio,1,AVIACIÓN CIVIL,0,50,32.0,0
9257da45-38c7-48a2-a430-e9a8d1bdf72a,2025-09-13,9,6,18.17,1,Domicilio,1,AVIACION,0,50,46.0,0
a9e72d06-bfba-4005-a13f-abd9960266e3,2025-09-14,9,7,18.83,1,Domicilio,3,PARQUE DE POBLAMIENTO,0,50,58.0,1
951de547-4a0a-4284-9a64-1d3bce7f528e,2025-09-14,9,7,18.83,1,Domicilio,5,ROJO GOMEZ,1,50,64.0,1
ee4e5bbd-51e3-4ed7-9764-5c1179ca0b3f,2025-09-14,9,7,19.67,1,Domicilio,3,CHACATITLA,0,50,49.0,0
85349c99-bbf9-468d-8161-a2534fecf87d,2025-09-14,9,7,21.83,1,Domicilio,10,LOS CANTORES,0,50,74.0,1
5c8f24a7-4685-4ad6-ba8e-2ebf6fa3f884,2025-09-14,9,7,22.25,1,Recoger,6,LOCAL,1,30,40.0,1
4428618e-3451-4f00-9711-1ff3181b151c,2025-09-16,9,2,20.5,0,Recoger,2,LOCAL,0,30,33.0,1
ff32d26a-56a7-422f-bf76-b7a651212ca5,2025-09-17,9,3,21.83,0,Recoger,5,LOCAL,0,30,37.0,1
f9932ad6-c641-4ee7-a13c-51b7ded1ec32,2025-09-18,9,4,17.0,0,Domicilio,5,TRES CRUCES,0,50,53.0,1
2e90ed88-66cf-404f-bd7c-94e885cc1811,2025-09-19,9,5,21.5,0,Domicilio,1,ROJO GOMEZ,0,50,46.0,0
a186d7fd-303a-48f6-8553-ba2be42bd2d9,2025-09-19,9,5,21.92,0,Recoger en tienda,5,LOCAL,1,30,42.0,1
cfdc4b4d-59ff-418d-bb98-22f2e4e592f0,2025-09-19,9,5,22.42,0,Recoger en tienda,1,LOCAL,1,30,25.0,0
884c9713-6d30-4dac-a0dc-ac58e8efd94b,2025-09-20,9,6,16.58,1,Domicilio,3,AVIACION,0,50,43.0,0
9fb21129-3b65-488d-a608-540289b250bb,2025-09-20,9,6,21.92,1,Recoger en tienda,4,LOCAL,0,30,46.0,1
9d6dd2b3-1399-408a-9017-cdec6bbbc77e,2025-09-20,9,6,23.5,1,Recoger,3,LOCAL,0,30,27.0,0
cc129a29-b4f7-42a7-9477-f2a7e2a6777a,2025-09-21,9,7,18.58,1,Domicilio,2,ROJO GOMEZ,0,50,50.0,0
4fc6ec41-d9ab-41e2-b86e-77b5495ce297,2025-09-22,9,1,20.17,0,Mostrador,4,LOCAL,0,30,36.0,1
25b5388f-d368-40fa-91a4-40e027c43b29,2025-09-24,9,3,23.83,0,Recoger,2,LOCAL,0,30,21.0,0
8fab2674-2772-45c7-ad2a-ad8e10233938,2025-09-25,9,4,19.42,0,Domicilio,8,SANTA IRENE,0,50,65.0,1
e8aa89b8-407e-4b18-b625-42f84ee0302d,2025-09-25,9,4,19.92,0,Domicilio,1,LA LOMITA,1,50,42.0,0
242aeb4e-b080-4930-9eae-96890c2e77bf,2025-09-26,9,5,17.25,0,Domicilio,3,LA LOMITA,0,50,41.0,0
23c66927-ece4-4b68-9076-c48e6b844620,2025-09-26,9,5,20.08,0,Recoger,1,LOCAL,0,30,28.0,0
4b651398-71fb-4faa-a550-73870f2697da,2025-09-27,9,6,20.0,1,Domicilio,4,AVIACIÓN CIVIL,0,50,56.0,1
b06f3a38-6cc0-4b6d-a396-b8e8d0757c42,2025-09-28,9,7,16.08,1,Mostrador,2,LOCAL,0,30,25.0,0
62955adb-52f4-4f87-9c12-f0261d54c463,2025-09-29,9,1,16.5,0,Mostrador,2,LOCAL,0,30,18.0,0
d18e2d88-d97f-41fb-994c-e37514bb649b,2025-09-29,9,1,18.08,0,Domicilio,3,SANTA IRENE,0,50,50.0,0
d3f592ff-70ad-4c64-a181-0259293fd4cb,2025-09-29,9,1,18.92,0,Recoger en tienda,2,LOCAL,0,30,27.0,0
d63b2893-f3fb-4c1a-9853-2fa8ff923586,2025-09-29,9,1,19.5,0,Domicilio,6,CHACATITLA,0,50,55.0,1
720ed5fb-8c11-4bce-9448-e2ddc0579e88,2025-09-29,9,1,20.92,0,Domicilio,1,CENTRO,0,50,31.0,0
e0a02f8a-8a8f-4a6f-8e2e-866eb77f72eb,2025-09-30,9,2,13.0,0,Domicilio,4,CENTRO,0,50,39.0,0
924fc77e-fffd-4560-bc34-e997da0fb631,2025-09-30,9,2,21.75,0,Domicilio,5,COLALAMBRE,0,50,60.0,1
4f0bd7ce-d891-45ce-a648-a23a7ac32694,2025-10-01,10,3,23.83,0,Recoger,4,LOCAL,0,30,32.0,1
d211cc77-51f3-499c-8c65-edf9f71c66df,2025-10-02,10,4,18.33,0,Domicilio,5,LOS CANTORES,0,50,58.0,1
efb04344-efca-49a8-9a15-8bd2e6921550,2025-10-02,10,4,19.75,0,Recoger en tienda,1,LOCAL,0,30,22.0,0
592a6a82-1290-4f57-a0e7-8ee4ee61b028,2025-10-02,10,4,21.17,0,Recoger,3,LOCAL,0,30,36.0,1
471fec33-3d88-458c-8f36-cb6f9c76dd00,2025-10-03,10,5,23.42,0,Domicilio,3,CHACATITLA,0,50,38.0,0
3f7caadf-10ae-455a-aae1-11779cea48a9,2025-10-04,10,6,18.33,1,Domicilio,1,AVIACION,0,50,45.0,0
62063eb8-f5e8-48e8-84e3-cfb8bbc4e30d,2025-10-04,10,6,22.5,1,Domicilio,6,COLALAMBRE,0,50,57.0,1
d9edf52d-7385-4d8a-8b29-aefe45a29c38,2025-10-04,10,6,23.33,1,Domicilio,5,TRES CRUCES,0,50,53.0,1
7c763042-d7a2-4924-86b8-956ac2b1a945,2025-10-04,10,6,23.67,1,Domicilio,1,LA LOMITA,1,50,37.0,0
c4be8c21-1997-4960-a9db-ef5842a97688,2025-10-05,10,7,14.42,1,Domicilio,4,ROJO GOMEZ,0,50,44.0,0
37afca9a-3eb7-422e-95cf-6bdbe499b700,2025-10-06,10,1,22.58,0,Domicilio,2,AVIACIÓN CIVIL,0,50,45.0,0
11984e72-7dfa-464e-9e15-1b5b7bcbe4b9,2025-10-07,10,2,19.33,0,Recoger,3,LOCAL,0,30,34.0,1
210ccfec-2c25-4210-b645-3a486c73ffc5,2025-10-08,10,3,17.67,0,Recoger,3,LOCAL,0,30,29.0,0
06c60427-f051-4cad-babe-6229883b597a,2025-10-09,10,4,21.0,0,Recoger en tienda,1,LOCAL,0,30,20.0,0
d123ce61-7706-4c37-b4fc-4e67eff48f54,2025-10-09,10,4,21.5,0,Recoger en tienda,2,LOCAL,1,30,34.0,1
59da128f-e8bb-4b01-9f9c-ca3f0da59b57,2025-10-09,10,4,23.58,0,Domicilio,1,TODOS POR HIDALGO,0,50,35.0,0
3ae1959e-35a9-4015-ad75-5ab6d9fbd4cc,2025-10-09,10,4,23.67,0,Domicilio,3,COLALAMBRE,1,50,44.0,0
90358ce2-bc37-485a-9234-d6f7eba0ab57,2025-10-10,10,5,19.5,0,Domicilio,1,COLALAMBRE,0,50,49.0,0
6e74ceb7-d5eb-46fd-9779-582dba28f615,2025-10-10,10,5,23.0,0,Domicilio,2,LA LOMITA,0,50,43.0,0
13f85ce7-9335-4285-bbab-833e5db70acd,2025-10-11,10,6,14.33,1,Mostrador,2,LOCAL,0,30,28.0,0
2750cd70-9f19-484b-9608-8a2caea4c94a,2025-10-11,10,6,19.0,1,Domicilio,4,AVIACIÓN CIVIL,0,50,54.0,1
75ad3b0b-ebbc-41f1-aa43-64c40ffb4593,2025-10-12,10,7,13.75,1,Domicilio,3,ROJO GOMEZ,0,50,44.0,0
032f6d1e-8c7c-4a8b-97de-8d4e5b3b6c51,2025-10-12,10,7,18.25,1,Recoger en tienda,6,LOCAL,0,30,54.0,1
64bbdb8b-20ed-4650-9e91-c05395938c9d,2025-10-15,10,3,14.25,0,Domicilio,5,TODOS POR HIDALGO,0,50,51.0,1
d9b6b343-599b-41a2-93ce-3ff860d715c9,2025-10-15,10,3,19.83,0,Domicilio,3,LOS CANTORES,0,50,46.0,0
c06dca1b-034b-4628-a240-2820fe08ca2d,2025-10-17,10,5,14.42,0,Domicilio,1,PARQUE DE POBLAMIENTO,0,50,39.0,0
93440f6b-0f65-49bb-97f7-b1c002ccd486,2025-10-17,10,5,19.33,0,Recoger en tienda,5,LOCAL,0,30,37.0,1
f77a43af-e215-401b-a3e1-7eb5091a534d,2025-10-18,10,6,15.17,1,Domicilio,2,CENTRO,0,50,35.0,0
968f04e3-6800-48bb-81dd-09b6aa65e38c,2025-10-18,10,6,16.08,1,Domicilio,2,PARQUE DE POBLAMIENTO,0,50,44.0,0
c9c95d93-7a3e-480e-b919-399990324db1,2025-10-18,10,6,17.08,1,Recoger en tienda,2,LOCAL,0,30,28.0,0
31726569-dc10-4b74-a728-cfeb6dafa974,2025-10-18,10,6,20.0,1,Recoger,1,LOCAL,0,30,35.0,1
87a750c8-6f27-4ac9-851f-f3500eed4305,2025-10-18,10,6,21.75,1,Recoger en tienda,8,LOCAL,0,30,57.0,1
5a7e63ae-aeaf-4bd4-a86f-e21b46784701,2025-10-19,10,7,19.0,1,Domicilio,3,CENTRO,0,50,49.0,0
c8bf7220-3ce2-4753-8291-005b48f448cd,2025-10-19,10,7,20.0,1,Domicilio,5,LOS CANTORES,0,50,58.0,1
135da6ad-5cca-4008-847a-948f42926f7f,2025-10-19,10,7,20.33,1,Mostrador,2,LOCAL,1,30,33.0,1
e22fde98-da3e-4079-b326-935d30965858,2025-10-19,10,7,21.25,1,Domicilio,6,CHACATITLA,0,50,53.0,1
0f9097af-e1b9-4b53-9fd0-5d307cf064d9,2025-10-19,10,7,21.42,1,Recoger en tienda,3,LOCAL,1,30,43.0,1
8e4f685a-1a65-47b0-86ef-893f8f655777,2025-10-20,10,1,16.33,0,Mostrador,2,LOCAL,0,30,19.0,0
9fe8dd40-b767-4a0b-afa2-3f99120d09b8,2025-10-20,10,1,20.92,0,Recoger,4,LOCAL,0,30,41.0,1
f27f1580-d1f4-480a-875f-f95e8ccad8c2,2025-10-20,10,1,23.42,0,Domicilio,2,AVIACION,0,50,37.0,0
c62df4a5-7a29-4434-aa65-ee028303d54a,2025-10-20,10,1,23.67,0,Domicilio,4,AVIACIÓN CIVIL,1,50,55.0,1
b99f6c3a-77af-4c9a-8d6d-49cd3d2cb01f,2025-10-21,10,2,14.58,0,Recoger en tienda,3,LOCAL,0,30,25.0,0
83195424-3e20-47c1-bc44-b8270bfb5935,2025-10-22,10,3,21.83,0,Mostrador,1,LOCAL,0,30,29.0,0
d613839d-ae5d-4251-92a4-e7cd23f5f94b,2025-10-24,10,5,13.42,0,Recoger,5,LOCAL,0,30,36.0,1
93185721-661b-4c59-93c6-5d6ca4b24976,2025-10-25,10,6,19.42,1,Domicilio,2,COLALAMBRE,0,50,47.0,0
0b63eee1-6ac9-4b68-9d7c-6b743dc40dfd,2025-10-25,10,6,19.58,1,Mostrador,3,LOCAL,1,30,45.0,1
1d93587b-edb7-48cc-800f-707a1aba084d,2025-10-25,10,6,21.33,1,Domicilio,2,TRES CRUCES,0,50,50.0,0
c037b8ea-45cc-46b0-a049-011e6b1fa34a,2025-10-26,10,7,18.25,1,Domicilio,3,LOS CANTORES,0,50,51.0,1
bd0e8ed0-dd5c-43a2-93f6-9ff30f94e470,2025-10-27,10,1,19.0,0,Recoger en tienda,3,LOCAL,0,30,33.0,1
7e21fe38-abf7-4c7c-8749-094b05fa555f,2025-10-27,10,1,23.42,0,Domicilio,1,TRES CRUCES,0,50,27.0,0
6e998eae-b187-4945-ad02-357a44f3f056,2025-10-28,10,2,21.5,0,Domicilio,2,TODOS POR HIDALGO,0,50,48.0,0
1f37bd90-bb5a-4f22-86ae-bc4f60c84866,2025-10-30,10,4,18.33,0,Recoger,1,LOCAL,0,30,33.0,1
8288ce85-e549-4014-9441-313c79c1fdeb,2025-10-30,10,4,20.25,0,Domicilio,4,LOS CANTORES,0,50,52.0,1
30633c7a-f305-46c2-afdf-8cded4e4800a,2025-10-31,10,5,14.0,0,Domicilio,2,COLALAMBRE,0,50,38.0,0
67324b4f-9f3d-4b55-bdee-2c0914b91e26,2025-10-31,10,5,22.25,0,Mostrador,4,LOCAL,0,30,36.0,1
a61a4a94-3a22-4b25-b589-0d55e053f46b,2025-10-31,10,5,23.42,0,Recoger en tienda,2,LOCAL,0,30,21.0,0
2478b7a4-f1b5-438f-8661-d7fd2c46a4f4,2025-10-31,10,5,23.75,0,Domicilio,1,ROJO GOMEZ,1,50,39.0,0
5e1cbfcb-aa24-4874-ac0e-d1427669c760,2025-11-01,11,6,15.08,1,Domicilio,7,ROJO GOMEZ,0,50,67.0,1
f27a492e-db27-446d-97e1-f25ce0173f41,2025-11-01,11,6,21.67,1,Domicilio,3,AVIACIÓN CIVIL,0,50,48.0,0
a3544f44-e32d-4c87-a07e-192b1e79e6bc,2025-11-02,11,7,19.58,1,Recoger,3,LOCAL,0,30,29.0,0
09b581e3-1877-4c02-b4e2-89784009c870,2025-11-02,11,7,20.42,1,Recoger en tienda,4,LOCAL,0,30,43.0,1
6fcefb96-7de0-44e9-b31b-f7a2fe26c0b4,2025-11-03,11,1,18.75,0,Domicilio,4,AVIACIÓN CIVIL,0,50,46.0,0
db65750b-f202-47ca-b72b-a49c87c5fa0b,2025-11-03,11,1,18.92,0,Recoger en tienda,4,LOCAL,1,30,46.0,1
2b49400f-922f-4a98-8961-0214680dee73,2025-11-07,11,5,21.42,0,Recoger,2,LOCAL,0,30,23.0,0
c8effdb5-d162-4cab-830c-75a4647ecefa,2025-11-08,11,6,19.08,1,Recoger en tienda,1,LOCAL,0,30,23.0,0
5ec3bc64-8da9-4e88-8343-78d6e570219f,2025-11-08,11,6,23.17,1,Recoger en tienda,5,LOCAL,0,30,36.0,1
9461e50c-261e-448f-a8e5-78a1dbb7040c,2025-11-09,11,7,19.33,1,Recoger en tienda,4,LOCAL,0,30,37.0,1
954fc49f-ec7b-4cab-a34c-c22a2d387bce,2025-11-09,11,7,21.92,1,Mostrador,2,LOCAL,0,30,30.0,0
b0c89a0f-bfd6-4879-9d2e-a3d7caa5291e,2025-11-10,11,1,15.42,0,Mostrador,3,LOCAL,0,30,23.0,0
a2aa4e0a-0d5d-40b4-9146-351be82d51ce,2025-11-10,11,1,19.08,0,Domicilio,3,ROJO GOMEZ,0,50,43.0,0
387ec4ee-ab4f-4f80-a154-6bc3125b2b19,2025-11-10,11,1,21.25,0,Domicilio,7,CENTRO,0,50,51.0,1
1250fdd1-41d3-4abc-8a45-a660fd5605cf,2025-11-11,11,2,19.67,0,Domicilio,3,CHACATITLA,0,50,53.0,1
2a6f0c32-a6f1-438f-96c1-86f83ca2c6ba,2025-11-12,11,3,13.5,0,Recoger,2,LOCAL,0,30,25.0,0
1c6244c0-49b7-4b95-8e97-bd00e1c0bd91,2025-11-12,11,3,21.58,0,Domicilio,2,PARQUE DE POBLAMIENTO,0,50,49.0,0
3f4feed7-2b66-4b79-8ce3-0b0240af5c50,2025-11-13,11,4,17.83,0,Recoger,2,LOCAL,0,30,19.0,0
256c8f54-8a6a-4854-8158-4ae488eeadf6,2025-11-13,11,4,19.58,0,Recoger en tienda,3,LOCAL,0,30,29.0,0
ee5725f0-0d23-49a2-925a-82650d4c086a,2025-11-14,11,5,19.67,0,Recoger,4,LOCAL,0,30,42.0,1
c118bccb-8408-4e02-a314-cf9f2dce3683,2025-11-15,11,6,13.83,1,Domicilio,2,AVIACIÓN CIVIL,0,50,38.0,0
0fdd6c1c-ecda-40b6-abf1-845ccfbd2a54,2025-11-15,11,6,16.83,1,Recoger en tienda,3,LOCAL,0,30,33.0,1
2c27508b-8ee5-4cb9-ae92-4c2fe77d1826,2025-11-15,11,6,19.25,1,Mostrador,3,LOCAL,0,30,32.0,1
98cba0b8-fcb2-4b4c-828b-51ae0224add0,2025-11-15,11,6,21.42,1,Recoger en tienda,4,LOCAL,0,30,45.0,1
204cdbfd-6d5c-472a-ba88-9ac55bb6bf0b,2025-11-15,11,6,22.67,1,Mostrador,1,LOCAL,0,30,18.0,0
e16b0c86-fcdd-4ae7-b6fc-18c2c07c66eb,2025-11-15,11,6,23.17,1,Domicilio,2,AVIACION,1,50,45.0,0
e950f4e2-572d-4984-830f-d3b6329672cc,2025-11-16,11,7,17.83,1,Recoger en tienda,2,LOCAL,0,30,27.0,0
542bfe81-9a24-4d79-8653-8dc26dfddb07,2025-11-16,11,7,22.17,1,Recoger,6,LOCAL,0,30,34.0,1
a3bd6650-9888-426d-8bf2-56727147f9b5,2025-11-17,11,1,15.75,0,Recoger en tienda,2,LOCAL,0,30,29.0,0
dd06ab59-372c-43ca-bd13-e1cb7cd0caf9,2025-11-17,11,1,18.17,0,Domicilio,3,COLALAMBRE,0,50,43.0,0
49657e6d-54b7-44c4-a01c-75b27e72821b,2025-11-18,11,2,20.75,0,Recoger en tienda,4,LOCAL,0,30,37.0,1
12902f8f-78b4-4e44-9fa3-34a0621dc4b1,2025-11-18,11,2,21.5,0,Recoger en tienda,2,LOCAL,0,30,27.0,0
ee5bc0bf-07e5-4b29-9533-332f2ae37135,2025-11-18,11,2,22.0,0,Recoger en tienda,6,LOCAL,1,30,41.0,1
3c788819-c431-4207-8b84-070af4f591d1,2025-11-20,11,4,21.17,0,Domicilio,3,CHACATITLA,0,50,46.0,0
21775fe9-a34e-42ae-904b-d88a63662879,2025-11-21,11,5,18.58,0,Recoger,3,LOCAL,0,30,31.0,1
bb743093-1efb-49c3-aa36-a30acda22528,2025-11-21,11,5,21.92,0,Recoger en tienda,2,LOCAL,0,30,35.0,1
df58b23a-00f2-4c80-8145-7969aedae193,2025-11-23,11,7,19.17,1,Domicilio,2,CENTRO,0,50,43.0,0
8848a2b2-e27d-4bb6-8609-da563b6e3559,2025-11-23,11,7,22.0,1,Domicilio,3,AVIACIÓN CIVIL,0,50,48.0,0
0f7e6eb6-b470-4438-bb68-22c153612c0e,2025-11-24,11,1,19.08,0,Domicilio,4,LOS CANTORES,0,50,50.0,0
308f445c-5853-4c82-b50b-f1ad738acd57,2025-11-24,11,1,20.67,0,Mostrador,3,LOCAL,0,30,31.0,1
b1877861-3012-467c-8f49-45583bcb731e,2025-11-24,11,1,21.17,0,Domicilio,2,CENTRO,1,50,42.0,0
a87c1ffa-6cab-42b1-9c22-19419fc09965,2025-11-24,11,1,22.42,0,Recoger en tienda,3,LOCAL,0,30,31.0,1
74d3335b-5c89-476b-81a9-c0be150abc1d,2025-11-25,11,2,16.17,0,Recoger,2,LOCAL,0,30,20.0,0
da1ecc79-c424-4ab6-b8b3-4b359829f02d,2025-11-25,11,2,18.33,0,Domicilio,5,ROJO GOMEZ,0,50,51.0,1
8dc2baec-f80b-499e-98e4-0fd6e276961d,2025-11-26,11,3,17.33,0,Domicilio,3,AVIACIÓN CIVIL,0,50,32.0,0
fddcbb61-512d-47c9-8449-760559a72881,2025-11-26,11,3,18.75,0,Domicilio,7,CENTRO,0,50,52.0,1
00413423-0212-430e-a218-d020310b097e,2025-11-26,11,3,19.0,0,Domicilio,1,ROJO GOMEZ,1,50,47.0,0
998295dc-efcb-4b21-bdc9-440100a6ac55,2025-11-27,11,4,20.25,0,Recoger,3,LOCAL,0,30,24.0,0
a87d84c7-e88e-4469-adab-c9d2b13a0861,2025-11-27,11,4,23.33,0,Recoger,2,LOCAL,0,30,20.0,0
aea13dad-5158-444d-9a2a-4ac9593e9bbe,2025-11-28,11,5,13.17,0,Recoger,1,LOCAL,0,30,22.0,0
8752fd3f-3c2f-4a25-9843-cc788b6a3053,2025-11-28,11,5,19.5,0,Domicilio,5,PARQUE DE POBLAMIENTO,0,50,59.0,1
4b6bc383-afeb-4e4e-98d8-656fd1b96438,2025-11-28,11,5,20.33,0,Domicilio,2,TODOS POR HIDALGO,0,50,53.0,1
3aafd61d-a66f-427f-8f40-42d817b93057,2025-11-29,11,6,16.33,1,Domicilio,4,CENTRO,0,50,42.0,0
2c65fd96-fadc-48ba-af6c-f5ec29d4aa8f,2025-11-29,11,6,18.0,1,Domicilio,6,TODOS POR HIDALGO,0,50,66.0,1
ff0b8a92-7c04-45ef-91e3-983484aa688f,2025-11-29,11,6,20.08,1,Domicilio,6,AVIACIÓN CIVIL,0,50,64.0,1
d145795c-7480-4222-b766-448de5e54510,2025-11-30,11,7,15.5,1,Domicilio,3,CENTRO,0,50,39.0,0
289e7768-351a-44b1-aa30-c0e3a109a67d,2025-12-02,12,2,15.67,0,Recoger,6,LOCAL,0,30,39.0,1
f704a1dc-8128-4cd4-80d1-86a52027854f,2025-12-02,12,2,22.17,0,Domicilio,2,SANTA IRENE,0,50,41.0,0
e87d3682-3262-40e1-bab8-5e2193f96dc8,2025-12-03,12,3,17.92,0,Domicilio,2,LA LOMITA,0,50,33.0,0
ef9abd13-b200-4bf1-b915-68b4612d8f9e,2025-12-03,12,3,19.25,0,Domicilio,2,LA LOMITA,0,50,40.0,0
e9ba0e4f-18be-4892-b62d-22a913f6a088,2025-12-03,12,3,23.42,0,Domicilio,3,COLALAMBRE,0,50,48.0,0
d2fc58ca-06ad-4bde-b6cb-fb064254f4ab,2025-12-05,12,5,19.92,0,Domicilio,2,COLALAMBRE,0,50,45.0,0
3f092e80-25dd-48b2-9f00-df6b70251efd,2025-12-06,12,6,14.67,1,Domicilio,1,AVIACIÓN CIVIL,0,50,41.0,0
23b880c4-21cc-412d-a15f-27ed4c8f2867,2025-12-06,12,6,15.58,1,Recoger,3,LOCAL,0,30,32.0,1
93430117-7204-49db-bad7-085b61b9e73f,2025-12-06,12,6,16.0,1,Recoger,2,LOCAL,1,30,33.0,1
7a5be670-26ea-4864-b445-d6ca69ff063e,2025-12-06,12,6,17.58,1,Domicilio,3,SANTA IRENE,0,50,46.0,0
c1f5f8c2-ebfe-46ec-90d8-7a26a635613f,2025-12-06,12,6,22.42,1,Recoger en tienda,2,LOCAL,0,30,21.0,0
38cc8267-7690-4d75-902b-e3f039e0377d,2025-12-07,12,7,13.75,1,Mostrador,2,LOCAL,0,30,29.0,0
0ef16fc0-b93e-4865-b40c-6584e7866406,2025-12-08,12,1,21.67,0,Domicilio,5,LOS CANTORES,0,50,61.0,1
182930fa-38a4-477e-ac92-7abf17fec115,2025-12-10,12,3,20.83,0,Mostrador,2,LOCAL,0,30,22.0,0
fd958c34-efa1-4fb4-adf9-0121de3bb522,2025-12-10,12,3,21.83,0,Recoger en tienda,1,LOCAL,0,30,23.0,0
4f3a4b45-2c74-4e36-ac22-1b6260e2298d,2025-12-11,12,4,20.83,0,Mostrador,1,LOCAL,0,30,30.0,0
36876473-6b78-4ace-93ea-5b8a48c4076b,2025-12-11,12,4,21.83,0,Recoger,4,LOCAL,0,30,42.0,1
f99f399a-41f6-44e5-97b0-708a0216ca27,2025-12-12,12,5,19.17,0,Domicilio,1,TODOS POR HIDALGO,0,50,43.0,0
6411731a-1e59-4ac4-bcfa-eee7514dca8b,2025-12-12,12,5,23.92,0,Domicilio,3,AVIACION,0,50,37.0,0
12cc1d50-2c4c-47e8-86b7-b45997525bfc,2025-12-13,12,6,19.33,1,Mostrador,2,LOCAL,0,30,30.0,0
605692e2-5e37-4e47-b3e7-edb0d5b29665,2025-12-13,12,6,20.67,1,Domicilio,5,TRES CRUCES,0,50,57.0,1
0c00358e-0040-490d-88f5-636f59278ba0,2025-12-13,12,6,21.67,1,Recoger,1,LOCAL,0,30,25.0,0
f259befe-b2be-417f-aac3-7977fd28582b,2025-12-14,12,7,13.58,1,Mostrador,2,LOCAL,0,30,25.0,0
73e179f2-872a-4470-bf6c-a6eb6b403bb6,2025-12-14,12,7,17.0,1,Recoger en tienda,2,LOCAL,0,30,26.0,0
7eda51c6-706b-4c41-98c4-d845c952d4ea,2025-12-14,12,7,20.0,1,Mostrador,6,LOCAL,0,30,47.0,1
429e3305-f190-4475-b944-f846c88ef4cc,2025-12-15,12,1,13.83,0,Domicilio,2,PARQUE DE POBLAMIENTO,0,50,39.0,0
fb1b1863-6020-4fbe-aaea-b519de9462ea,2025-12-15,12,1,17.58,0,Recoger,2,LOCAL,0,30,19.0,0
0714c5ff-98fa-44d6-867b-b7d3a6442bb3,2025-12-15,12,1,19.5,0,Recoger,5,LOCAL,0,30,37.0,1
5660ab71-24e9-4244-8126-bc0186e73e17,2025-12-15,12,1,21.83,0,Mostrador,2,LOCAL,0,30,28.0,0
548adaa1-b483-47d1-9979-22c11570f0a1,2025-12-16,12,2,18.75,0,Domicilio,5,ROJO GOMEZ,0,50,58.0,1
894104d1-ea0a-40ba-9f8b-4b5f89a6932c,2025-12-16,12,2,20.33,0,Recoger,6,LOCAL,0,30,40.0,1
ee321168-9a7e-47cb-8b64-af0f6e9da421,2025-12-16,12,2,20.33,0,Recoger en tienda,2,LOCAL,1,30,30.0,0
6f412159-21c3-4913-a8d7-6aa7eef90d5c,2025-12-17,12,3,18.25,0,Domicilio,1,SANTA IRENE,0,50,38.0,0
9ee48e64-2705-43db-addf-12657bded8d8,2025-12-19,12,5,16.75,0,Domicilio,5,COLALAMBRE,0,50,51.0,1
16684d13-e87c-48cf-810d-0186ceea8078,2025-12-19,12,5,18.17,0,Domicilio,1,AVIACION,0,50,33.0,0
9726f697-f633-4fd1-9969-b9da05229ff2,2025-12-19,12,5,19.75,0,Mostrador,2,LOCAL,0,30,32.0,1
c0bf3ad0-700e-4a3a-addf-9abfe2813dd3,2025-12-20,12,6,19.83,1,Mostrador,6,LOCAL,0,30,48.0,1
077668f9-1f3a-4adf-91e0-e3753494ddf3,2025-12-20,12,6,20.0,1,Recoger en tienda,5,LOCAL,1,30,53.0,1
e8e45e15-34fd-4c33-b4ea-4b7a299590e5,2025-12-20,12,6,21.33,1,Recoger en tienda,3,LOCAL,0,30,41.0,1
31485988-28be-451c-ae3c-8e22ce21be7b,2025-12-20,12,6,23.25,1,Mostrador,5,LOCAL,0,30,39.0,1
fa53015a-6b95-4c49-b4ab-8150d20bfd8e,2025-12-21,12,7,16.83,1,Recoger,5,LOCAL,0,30,39.0,1
7fed9ad2-1fa1-4694-b27b-3cd6e375942b,2025-12-21,12,7,18.83,1,Domicilio,2,LOS CANTORES,0,50,45.0,0
4b02fffd-c2a1-49f5-b4b3-3fdd4409a57b,2025-12-21,12,7,23.75,1,Domicilio,4,ROJO GOMEZ,0,50,60.0,1
0fcd05a9-dbfc-41e5-b25b-00b61b95cadc,2025-12-22,12,1,19.33,0,Recoger,1,LOCAL,0,30,29.0,0
ee8928bd-8c60-4ee6-a1ba-a69c67d6a4b1,2025-12-23,12,2,19.17,0,Recoger en tienda,1,LOCAL,0,30,20.0,0
50fb6123-1abf-49c3-b3b0-45838c18c128,2025-12-23,12,2,20.58,0,Recoger,6,LOCAL,0,30,48.0,1
5349c48b-675b-4788-a365-e2f58b521774,2025-12-24,12,3,18.0,0,Domicilio,6,TRES CRUCES,0,50,59.0,1
0a974692-0431-4d88-8c4c-13292f1a1832,2025-12-24,12,3,18.83,0,Domicilio,6,LOS CANTORES,0,50,68.0,1
f125acd3-858a-40b0-8cc4-f60cd6e2d699,2025-12-24,12,3,19.0,0,Domicilio,3,CENTRO,1,50,38.0,0
f6e5c5f5-dfcc-4521-a2a1-4dd84c164ae6,2025-12-24,12,3,19.75,0,Recoger en tienda,2,LOCAL,0,30,29.0,0
ef163b33-51ee-4b71-8e0d-f88517cdc393,2025-12-24,12,3,21.83,0,Domicilio,3,AVIACIÓN CIVIL,0,50,43.0,0
816999ee-41f7-465b-b948-2201a47fb6f3,2025-12-26,12,5,16.5,0,Recoger en tienda,1,LOCAL,0,30,20.0,0
06764042-d10f-4ee3-86dd-6e868785343b,2025-12-27,12,6,15.17,1,Recoger en tienda,1,LOCAL,0,30,18.0,0
87ff44f4-0915-41ce-a5a1-0a74d559aacf,2025-12-27,12,6,21.17,1,Domicilio,4,TODOS POR HIDALGO,0,50,64.0,1
1bd90c18-505a-4fd6-a3c9-b9b8932599fb,2025-12-27,12,6,21.67,1,Recoger,5,LOCAL,1,30,46.0,1
a6127c9c-c56f-45fa-8192-f84e58e71aca,2025-12-28,12,7,15.33,1,Mostrador,1,LOCAL,0,30,24.0,0
3666e1cc-9a4f-42ba-8209-7e9119fff298,2025-12-28,12,7,17.08,1,Domicilio,1,LA LOMITA,0,50,41.0,0
8d085fa1-0009-418d-95f2-ea2a126b0312,2025-12-30,12,2,13.17,0,Recoger en tienda,2,LOCAL,0,30,26.0,0
29e2fb2e-9c02-4b23-b942-c2c362ae730e,2025-12-30,12,2,16.58,0,Recoger,3,LOCAL,0,30,30.0,0
02f2170e-f80f-4a62-a4bb-044799cce4db,2025-12-30,12,2,19.67,0,Domicilio,2,COLALAMBRE,0,50,44.0,0
162f2ce6-b292-46e5-89ef-d26bf575a9c4,2025-12-31,12,3,14.25,0,Domicilio,3,LA LOMITA,0,50,37.0,0
9e83bfbe-36f3-4726-a39f-57198854ad94,2025-12-31,12,3,14.92,0,Recoger en tienda,1,LOCAL,0,30,21.0,0
844ad249-358f-4cb1-9fde-e79856fb8349,2025-12-31,12,3,16.83,0,Recoger,4,LOCAL,0,30,37.0,1
6ad71b99-dccf-4474-bfe5-e37af86b5683,2026-01-01,1,4,20.67,0,Recoger en tienda,2,LOCAL,0,30,33.0,1
6e9468b7-50eb-4a33-bfbf-5f26f0dd559b,2026-01-02,1,5,18.92,0,Domicilio,2,AVIACION,0,50,41.0,0
9e144dc2-5da1-46e0-bf52-073f2d6cc08f,2026-01-02,1,5,19.33,0,Mostrador,2,LOCAL,1,30,30.0,0
d638d64e-ba62-4e06-8db7-1074f5af3137,2026-01-03,1,6,15.58,1,Domicilio,5,AVIACIÓN CIVIL,0,50,59.0,1
2493f031-72ad-4e2e-9aaf-61f856882273,2026-01-03,1,6,18.08,1,Recoger,2,LOCAL,0,30,26.0,0
217c7d1a-2cef-4b3e-be6c-fe7c345ee78f,2026-01-03,1,6,18.67,1,Recoger,6,LOCAL,0,30,44.0,1
2f297e55-0afa-4042-a26a-4e431d508988,2026-01-04,1,7,14.92,1,Mostrador,4,LOCAL,0,30,39.0,1
9f071951-b226-4a1f-bb5e-bd305077d9ed,2026-01-04,1,7,18.5,1,Domicilio,3,CENTRO,0,50,44.0,0
69d57deb-a6c3-46d7-b670-6cea6fc15546,2026-01-04,1,7,19.67,1,Domicilio,3,TODOS POR HIDALGO,0,50,53.0,1
5283f6c4-8240-4379-909d-bf2292f1ddba,2026-01-05,1,1,19.58,0,Mostrador,5,LOCAL,0,30,44.0,1
ffa2fc6c-0886-43e7-949b-3cef1deb1a4d,2026-01-05,1,1,20.25,0,Recoger en tienda,3,LOCAL,0,30,27.0,0
2189854b-c3a0-4f51-b56d-298337d96d6b,2026-01-05,1,1,23.42,0,Domicilio,3,TRES CRUCES,0,50,48.0,0
c2b90b66-5e0c-4376-8e0c-d60f199f3544,2026-01-09,1,5,20.92,0,Domicilio,4,TODOS POR HIDALGO,0,50,51.0,1
669cb138-d75e-49da-ae21-03e4b221d94b,2026-01-09,1,5,21.25,0,Recoger,4,LOCAL,1,30,38.0,1
f386e1d5-b4f7-4370-92a0-159ebd7125e8,2026-01-10,1,6,14.67,1,Recoger,2,LOCAL,0,30,24.0,0
c35a9ccc-912d-45f4-8aef-5178b7b316f5,2026-01-10,1,6,19.67,1,Recoger,2,LOCAL,0,30,29.0,0
1c8e6da9-395c-48e7-bcab-8389e50bace3,2026-01-11,1,7,21.42,1,Recoger,2,LOCAL,0,30,40.0,1
591a2ed4-2f21-4acc-a9c4-90824e1974a2,2026-01-12,1,1,23.0,0,Domicilio,1,ROJO GOMEZ,0,50,42.0,0
e5e5cfe2-b4ce-4041-a1a5-c4802dfe5c7c,2026-01-13,1,2,16.83,0,Domicilio,3,TODOS POR HIDALGO,0,50,39.0,0
74471957-e254-454b-84ec-46979abfd790,2026-01-14,1,3,14.25,0,Recoger en tienda,3,LOCAL,0,30,27.0,0
0a527d8a-7bb2-4ff7-bf1e-7042865a6fd6,2026-01-14,1,3,20.75,0,Recoger,1,LOCAL,0,30,31.0,1
5b0e7150-6ba3-40f7-824c-2a4b36438e38,2026-01-15,1,4,13.58,0,Recoger,1,LOCAL,0,30,16.0,0
ac6487af-fadc-47d0-8a13-3459f9cf6b6f,2026-01-16,1,5,22.67,0,Recoger,2,LOCAL,0,30,15.0,0
23b68546-8359-4f7b-ab64-6eb9f31dd6ef,2026-01-16,1,5,23.33,0,Recoger,3,LOCAL,0,30,26.0,0
0a02e34b-c76d-417e-8824-cac5de0f8d87,2026-01-16,1,5,23.42,0,Domicilio,6,TODOS POR HIDALGO,1,50,54.0,1
27144e5c-b22c-4a3f-92e5-1a9904e1d8ba,2026-01-17,1,6,14.67,1,Recoger,2,LOCAL,0,30,21.0,0
de424925-7832-4e5e-bf5f-de330b9a798e,2026-01-17,1,6,20.58,1,Recoger en tienda,2,LOCAL,0,30,34.0,1
211f8200-bc02-4bc3-921b-a32dd05094b9,2026-01-17,1,6,21.5,1,Domicilio,5,AVIACION,0,50,58.0,1
81a7561c-9a2b-4517-836b-eb8c8e62722d,2026-01-18,1,7,18.0,1,Mostrador,2,LOCAL,0,30,27.0,0
e260326d-705f-4df5-a3f5-deaaee16aed1,2026-01-18,1,7,19.5,1,Recoger,5,LOCAL,0,30,43.0,1
207bedfe-2ccf-4054-b745-35721019c828,2026-01-18,1,7,21.75,1,Recoger en tienda,7,LOCAL,0,30,48.0,1
69c16bba-4e52-4890-b195-9d4b6ee1a8a6,2026-01-18,1,7,22.5,1,Domicilio,5,AVIACION,0,50,50.0,0
99b67317-7f17-4ae7-b9a8-ce2bf15aff68,2026-01-18,1,7,23.5,1,Recoger,3,LOCAL,0,30,26.0,0
e1db2818-6d9b-40bc-84f9-ee2dbb6301cf,2026-01-19,1,1,23.33,0,Recoger en tienda,4,LOCAL,0,30,34.0,1
c909a964-2250-4525-b1ce-72e33d33ae30,2026-01-20,1,2,14.08,0,Domicilio,3,LA LOMITA,0,50,40.0,0
6c956114-f9ea-47c7-b606-afa924639472,2026-01-20,1,2,19.33,0,Domicilio,1,LA LOMITA,0,50,40.0,0
a8d1d8fb-83d0-4833-aea2-a0f7987bb58d,2026-01-21,1,3,21.58,0,Domicilio,5,PARQUE DE POBLAMIENTO,0,50,56.0,1
9877541a-6a77-4761-81b6-1359b639697e,2026-01-23,1,5,16.17,0,Recoger,2,LOCAL,0,30,26.0,0
28bc5e6a-dc18-4d1b-8f55-ab3c6b7a2769,2026-01-24,1,6,19.5,1,Recoger,4,LOCAL,0,30,48.0,1
51291d85-9cd5-4763-b4ca-3bcd71f01eda,2026-01-24,1,6,21.0,1,Recoger en tienda,4,LOCAL,0,30,46.0,1
afe83dc3-4bb9-4c70-b821-ad6155f9b5e6,2026-01-25,1,7,18.5,1,Domicilio,3,AVIACIÓN CIVIL,0,50,55.0,1
02cc3d97-e050-4405-8276-09d1df054c2a,2026-01-26,1,1,14.5,0,Domicilio,1,TODOS POR HIDALGO,0,50,33.0,0
603780bc-17be-4ae7-9698-3f60af428da4,2026-01-26,1,1,17.92,0,Recoger en tienda,1,LOCAL,0,30,19.0,0
c9cfea25-f317-45ab-b164-d7ce5c15476a,2026-01-26,1,1,21.42,0,Mostrador,2,LOCAL,0,30,35.0,1
83546b71-83d3-4880-bfea-69fccf245f79,2026-01-27,1,2,19.08,0,Recoger en tienda,3,LOCAL,0,30,31.0,1
2b3e2100-f45d-475b-94b6-e8cd5de657b0,2026-01-27,1,2,21.83,0,Mostrador,3,LOCAL,0,30,31.0,1
3631b000-72e1-4865-8ce4-d77362b4346c,2026-01-28,1,3,16.33,0,Recoger en tienda,1,LOCAL,0,30,15.0,0
0febd4e7-a979-4e2d-abff-3fbfe9dd2dba,2026-01-30,1,5,21.5,0,Recoger en tienda,3,LOCAL,0,30,38.0,1
9c480197-364f-4040-a937-8554b341c5b4,2026-01-31,1,6,18.17,1,Recoger,4,LOCAL,0,30,51.0,1
d066659f-4a39-4a4e-937b-5a95edca6f62,2026-01-31,1,6,18.33,1,Domicilio,2,LOS CANTORES,1,50,50.0,0
46680f48-651d-46ce-b1b3-a2cc123bc1e9,2026-02-01,2,7,13.08,1,Recoger en tienda,7,LOCAL,0,30,48.0,1
1653aaa4-f394-4fb7-a7b8-47bd40c8fcd9,2026-02-01,2,7,19.08,1,Domicilio,1,PARQUE DE POBLAMIENTO,0,50,51.0,1
af416ee6-1b94-4f3f-a5cb-1d78a1de3190,2026-02-01,2,7,19.25,1,Recoger en tienda,2,LOCAL,1,30,39.0,1
d84c710e-ab08-43ad-b9ed-8051be85a818,2026-02-02,2,1,16.33,0,Recoger en tienda,5,LOCAL,0,30,35.0,1
bdcfae40-f0ba-43e0-b3f6-9a8f145729db,2026-02-02,2,1,19.92,0,Mostrador,2,LOCAL,0,30,33.0,1
d019809a-adbd-487a-81e0-d840175e2ac1,2026-02-02,2,1,20.17,0,Recoger en tienda,1,LOCAL,1,30,28.0,0
df44a05b-2eb0-4b67-8af9-6cd007b49e2a,2026-02-02,2,1,20.67,0,Recoger en tienda,7,LOCAL,1,30,50.0,1
e787d239-19a7-4ab6-8655-83da34ddc3c3,2026-02-02,2,1,20.75,0,Domicilio,2,PARQUE DE POBLAMIENTO,1,50,44.0,0
46595dda-1ac4-46df-b56b-0003fbdc1c30,2026-02-03,2,2,19.58,0,Domicilio,4,PARQUE DE POBLAMIENTO,0,50,53.0,1
6f2f9ebe-f09d-4179-9b92-546488bd1092,2026-02-03,2,2,23.08,0,Domicilio,4,SANTA IRENE,0,50,41.0,0
060c044a-7797-401a-b46b-6f7be8bf5a69,2026-02-04,2,3,19.92,0,Mostrador,2,LOCAL,0,30,30.0,0
844989b2-8167-4458-8308-2eeb4d6b200f,2026-02-05,2,4,18.25,0,Domicilio,2,LOS CANTORES,0,50,46.0,0
26044460-8478-44da-9c3a-5f72a3cf20ce,2026-02-05,2,4,19.25,0,Domicilio,6,AVIACION,0,50,63.0,1
33174903-9d0f-4190-8f0b-296c299fd15f,2026-02-05,2,4,21.92,0,Domicilio,3,ROJO GOMEZ,0,50,44.0,0
3dbae415-1306-4a56-9be3-350e98bd54bf,2026-02-07,2,6,20.0,1,Domicilio,4,AVIACION,0,50,56.0,1
2d2c7354-e509-48b3-a97a-be864477511a,2026-02-07,2,6,20.08,1,Domicilio,2,TODOS POR HIDALGO,1,50,60.0,1
0d910b68-3b64-4ad0-a8df-d1dbf573b092,2026-02-09,2,1,15.83,0,Domicilio,6,AVIACION,0,50,57.0,1
889dde7f-12f3-45c6-b90c-447905147cbd,2026-02-09,2,1,20.83,0,Domicilio,6,PARQUE DE POBLAMIENTO,0,50,60.0,1
fc5b29e4-8d3c-4ae8-9321-2ca3fe29143e,2026-02-11,2,3,17.58,0,Mostrador,6,LOCAL,0,30,37.0,1
0cc4f4fb-d980-45bd-8e04-b9499219fccb,2026-02-11,2,3,23.67,0,Domicilio,2,AVIACION,0,50,34.0,0
f25942e6-ce92-4f0e-ab25-f64e538558ff,2026-02-12,2,4,22.0,0,Domicilio,3,COLALAMBRE,0,50,42.0,0
1b96611b-9bbd-455a-90f3-b6a998596f99,2026-02-13,2,5,20.33,0,Recoger,3,LOCAL,0,30,32.0,1
95db7029-1912-4abc-a168-ed99a302c23f,2026-02-14,2,6,13.0,1,Domicilio,1,PARQUE DE POBLAMIENTO,0,50,42.0,0
76b0127f-3091-4956-8f3c-a04d657453d8,2026-02-14,2,6,19.5,1,Domicilio,6,LA LOMITA,0,50,60.0,1
8341276d-52e2-4c31-8232-8c4b8817eeeb,2026-02-14,2,6,21.08,1,Recoger,3,LOCAL,0,30,32.0,1
f6bf1207-5b30-4137-9c97-4f9d98a9518e,2026-02-15,2,7,21.08,1,Recoger,5,LOCAL,0,30,48.0,1
9e3f3f93-987e-4694-b24d-165361f49776,2026-02-16,2,1,18.25,0,Recoger,3,LOCAL,0,30,28.0,0
88d1efba-d61b-494f-b81d-e589eedf4898,2026-02-16,2,1,19.58,0,Domicilio,1,COLALAMBRE,0,50,38.0,0
3f3c91ab-1657-44c8-8698-286eb1dd298a,2026-02-17,2,2,21.83,0,Domicilio,3,LA LOMITA,0,50,44.0,0
fbf6db64-ec64-4a80-b9fc-7bac387f4352,2026-02-18,2,3,13.92,0,Domicilio,3,LA LOMITA,0,50,45.0,0
1d2adbd5-c105-409b-95aa-eeaf10e30451,2026-02-18,2,3,20.25,0,Mostrador,2,LOCAL,0,30,28.0,0
e39dcfda-1a28-476d-a80c-d4ab89a97abf,2026-02-18,2,3,21.75,0,Recoger,3,LOCAL,0,30,31.0,1
4fcb6af5-6127-4a1a-81dd-c7fedb439e68,2026-02-19,2,4,19.33,0,Recoger,4,LOCAL,0,30,40.0,1
9e038cc1-4da7-47a4-ab7e-61416b4a60a9,2026-02-19,2,4,21.92,0,Domicilio,1,TODOS POR HIDALGO,0,50,41.0,0
c1f65945-a4e6-4902-820f-d3b2665a1393,2026-02-20,2,5,13.0,0,Recoger en tienda,1,LOCAL,0,30,15.0,0
2c0fbfd7-87c2-47dd-bb70-7dbd4c84bede,2026-02-20,2,5,21.75,0,Recoger,2,LOCAL,0,30,28.0,0
ab8929d7-6688-4ff0-9a02-88b1a8ddfd3b,2026-02-21,2,6,22.0,1,Recoger en tienda,3,LOCAL,0,30,35.0,1
e4782c83-b8f5-4b0c-97ba-795c952e2063,2026-02-22,2,7,21.83,1,Domicilio,2,PARQUE DE POBLAMIENTO,0,50,44.0,0
2a1002c6-fea0-4383-bd0f-c5418135a488,2026-02-23,2,1,14.83,0,Domicilio,3,AVIACIÓN CIVIL,0,50,38.0,0
c72228d7-4020-4464-b614-0de921dd6fe5,2026-02-23,2,1,18.33,0,Domicilio,2,CENTRO,0,50,35.0,0
40046a07-c563-4d09-bb47-2782da3f5515,2026-02-23,2,1,20.0,0,Domicilio,3,CHACATITLA,0,50,44.0,0
c63c4995-a744-4a02-9f85-0994d22a9896,2026-02-24,2,2,22.0,0,Recoger,3,LOCAL,0,30,27.0,0
9807b4a0-8607-4d86-ad54-784d0d2105a7,2026-02-25,2,3,16.08,0,Domicilio,2,TRES CRUCES,0,50,42.0,0
fcb45294-122b-4842-9629-45cb4914765b,2026-02-26,2,4,17.0,0,Mostrador,1,LOCAL,0,30,21.0,0
4b5e6448-dd93-4626-a5af-13d2a2c68f8b,2026-02-27,2,5,15.83,0,Recoger,3,LOCAL,0,30,25.0,0
7d0e0572-f9ea-43e9-b679-369954a9224f,2026-02-27,2,5,20.5,0,Recoger,2,LOCAL,0,30,26.0,0
b3c79561-f4ab-4194-b457-844c5b8dae33,2026-02-27,2,5,21.92,0,Recoger en tienda,3,LOCAL,0,30,38.0,1
2315ec6b-1443-470d-b52b-8fca7b1601ba,2026-02-28,2,6,13.5,1,Domicilio,4,AVIACIÓN CIVIL,0,50,50.0,0
86acdc4b-8967-4545-b3e3-d004fbabd483,2026-03-01,3,7,20.67,1,Domicilio,8,SANTA IRENE,0,50,77.0,1
1b2caf1b-0b76-43fd-9429-56cc04d19936,2026-03-01,3,7,23.67,1,Mostrador,1,LOCAL,0,30,22.0,0
a6437d44-cd9d-4095-9b1d-2c6782c620da,2026-03-03,3,2,14.08,0,Domicilio,2,AVIACION,0,50,38.0,0
cdf3547d-2601-4a18-812f-ff29af2c0da7,2026-03-04,3,3,18.83,0,Domicilio,2,CHACATITLA,0,50,42.0,0
cfba8e58-f2fb-48c6-96b7-80fb528743ab,2026-03-06,3,5,18.42,0,Recoger,5,LOCAL,0,30,52.0,1
1fd7709d-9ac8-4071-b1f2-c9912ffacc93,2026-03-06,3,5,23.33,0,Domicilio,2,COLALAMBRE,0,50,34.0,0
f4252f88-5f7c-47f3-8584-34e7a82ef9e3,2026-03-07,3,6,14.08,1,Domicilio,3,ROJO GOMEZ,0,50,50.0,0
b5cd6115-ce1f-428a-9f64-65215047220e,2026-03-07,3,6,19.75,1,Domicilio,2,TODOS POR HIDALGO,0,50,45.0,0
2a84eea9-fc1c-46d1-9c93-622be7cf6e58,2026-03-07,3,6,21.75,1,Domicilio,5,AVIACION,0,50,61.0,1
defcd4b8-12a8-403f-b10b-3fd540f01d08,2026-03-08,3,7,15.67,1,Recoger,2,LOCAL,0,30,28.0,0
7bb1e89c-a75f-43c4-821a-3c83cd17bb45,2026-03-08,3,7,17.5,1,Domicilio,3,LOS CANTORES,0,50,42.0,0
ef52ff2b-4e7f-40a6-bd66-e0c23b9dc9af,2026-03-08,3,7,19.75,1,Domicilio,2,TRES CRUCES,0,50,51.0,1
77fb2d20-ff67-4f4c-9816-b8b6627d9c03,2026-03-08,3,7,22.42,1,Domicilio,1,AVIACIÓN CIVIL,0,50,33.0,0
5a830db7-9928-4979-ac3c-96728500a332,2026-03-09,3,1,18.17,0,Domicilio,4,TODOS POR HIDALGO,0,50,51.0,1
8be4bd89-1a09-45dd-81a6-54fc7ec83619,2026-03-09,3,1,18.58,0,Recoger en tienda,2,LOCAL,1,30,36.0,1
0a4fe392-ad26-4f12-a0a7-2d8234fe5dd3,2026-03-11,3,3,18.5,0,Domicilio,4,CHACATITLA,0,50,50.0,0
c59b30fe-7f83-4697-b823-181721af8e01,2026-03-11,3,3,20.67,0,Mostrador,2,LOCAL,0,30,34.0,1
4a75b219-9568-4158-84e3-e2f9a23520d7,2026-03-11,3,3,21.58,0,Domicilio,3,PARQUE DE POBLAMIENTO,0,50,51.0,1
71713b78-3955-4284-8f8f-2d9da0b02f23,2026-03-12,3,4,18.75,0,Domicilio,3,CENTRO,0,50,44.0,0
e3d7dab8-313b-45d8-9efd-49e080cf0a17,2026-03-13,3,5,16.92,0,Recoger en tienda,5,LOCAL,0,30,31.0,1
90edfa1a-2346-4176-affc-30bf9b532005,2026-03-13,3,5,18.17,0,Domicilio,4,CENTRO,0,50,47.0,0
2a19263f-4e37-44be-8bd2-4d71ee5f9e8a,2026-03-14,3,6,21.83,1,Mostrador,4,LOCAL,0,30,47.0,1
12d2ed77-443d-4993-8777-26e548fba863,2026-03-14,3,6,23.5,1,Recoger,3,LOCAL,0,30,31.0,1
7b706de8-8a5d-4622-9882-c7cd41f8b0cb,2026-03-16,3,1,18.08,0,Mostrador,2,LOCAL,0,30,24.0,0
a6b5fc91-3f5b-4a53-aa0b-9b7f5d226e63,2026-03-16,3,1,21.75,0,Recoger en tienda,2,LOCAL,0,30,31.0,1
2d1451dc-9b0c-4d32-8766-6088bf99ee4d,2026-03-18,3,3,22.0,0,Recoger en tienda,1,LOCAL,0,30,16.0,0
7b36ebd9-6be4-493c-83cc-3401f5e56be5,2026-03-20,3,5,20.08,0,Mostrador,4,LOCAL,0,30,36.0,1
a73515cd-0a5a-4dba-bce6-351a41bb79bb,2026-03-21,3,6,19.5,1,Recoger,5,LOCAL,0,30,44.0,1
9ffb0c63-dbe6-4206-b92f-5b31083c309d,2026-03-22,3,7,14.83,1,Recoger,2,LOCAL,0,30,24.0,0
e18fefb2-fab1-4c75-bc68-1c4773a7c085,2026-03-22,3,7,18.58,1,Recoger,2,LOCAL,0,30,33.0,1
307f360c-c3b6-4c56-8bb0-d5e1b253865c,2026-03-23,3,1,20.5,0,Domicilio,6,CHACATITLA,0,50,57.0,1
950584b9-b0dd-4fa8-9f8e-d9968e72b08d,2026-03-24,3,2,19.75,0,Domicilio,2,CENTRO,0,50,40.0,0
89c42731-30a3-4cc5-a174-d7924b352998,2026-03-25,3,3,19.42,0,Domicilio,8,LOS CANTORES,0,50,66.0,1
4c6ec72a-2566-4329-9dd4-ab989ebe6093,2026-03-25,3,3,22.75,0,Domicilio,1,CENTRO,0,50,27.0,0
34635b81-9794-4c95-abda-366fc07b62f2,2026-03-26,3,4,15.67,0,Domicilio,1,LOS CANTORES,0,50,33.0,0
a4ec27d8-3a52-4b50-be2d-c258f019a7ea,2026-03-26,3,4,19.83,0,Domicilio,2,ROJO GOMEZ,0,50,49.0,0
f2464313-c912-4a2c-be77-76bd9d1d9c14,2026-03-27,3,5,17.42,0,Recoger en tienda,2,LOCAL,0,30,24.0,0
e9b55718-943b-44bb-b2eb-1f50babc97d8,2026-03-27,3,5,19.67,0,Domicilio,3,PARQUE DE POBLAMIENTO,0,50,54.0,1
17226d37-99ca-47e0-b399-120b0309d8fc,2026-03-28,3,6,15.75,1,Recoger,2,LOCAL,0,30,32.0,1
5c457cec-d4ed-4075-9013-b9d4660ad2a1,2026-03-28,3,6,16.33,1,Mostrador,5,LOCAL,0,30,36.0,1
c040bfdd-ca4b-40de-a89b-34a74bb382b4,2026-03-28,3,6,19.08,1,Mostrador,2,LOCAL,0,30,26.0,0
7b1b869e-87d5-4582-9c99-b181c2cd04fa,2026-03-28,3,6,19.67,1,Mostrador,3,LOCAL,0,30,44.0,1
61cdfefb-836f-40de-b499-c9c2ca5f7eb6,2026-03-28,3,6,21.5,1,Recoger,5,LOCAL,0,30,48.0,1
b24fa390-0a32-4fe7-9f08-91f3ed747360,2026-03-29,3,7,16.42,1,Recoger en tienda,2,LOCAL,0,30,21.0,0
a1375edf-7dd9-4261-8012-94d23495034d,2026-03-29,3,7,18.33,1,Recoger en tienda,2,LOCAL,0,30,33.0,1
7ed54d23-7949-4e6a-a27c-e326898fcbf8,2026-03-29,3,7,19.17,1,Domicilio,2,SANTA IRENE,0,50,45.0,0
860c94dc-59f2-4d96-a274-e0f052751722,2026-03-29,3,7,20.75,1,Domicilio,7,AVIACIÓN CIVIL,0,50,71.0,1
14753bc3-9b88-4874-ad61-687fd94b3e97,2026-03-29,3,7,22.17,1,Domicilio,4,CENTRO,0,50,41.0,0
1540a382-e8ab-4d40-bd88-c18b4af5931e,2026-03-30,3,1,18.5,0,Recoger,3,LOCAL,0,30,37.0,1
5893630a-f22c-419b-b4c5-8b933180deb3,2026-03-30,3,1,18.75,0,Domicilio,2,AVIACION,1,50,47.0,0
01cbcfa8-5179-44f1-925a-3c16b84613b6,2026-03-30,3,1,20.67,0,Recoger,2,LOCAL,0,30,26.0,0
96303a59-b7af-4c57-b6b2-032ebd165bb0,2026-03-30,3,1,20.75,0,Domicilio,3,AVIACIÓN CIVIL,1,50,49.0,0
0b909dd4-b04d-4c98-a8e6-66e4e61f05af,2026-03-31,3,2,14.5,0,Recoger en tienda,1,LOCAL,0,30,24.0,0
3d7f3395-4d2b-4711-b52c-e8934c83bf53,2026-03-31,3,2,22.92,0,Recoger,2,LOCAL,0,30,25.0,0
16a37abc-d7a6-4fe3-a884-c93c7f390e1e,2026-04-01,4,3,18.58,0,Recoger,2,LOCAL,0,30,25.0,0
af20477b-1b7c-49fe-a5b5-61cf050df494,2026-04-01,4,3,20.92,0,Domicilio,2,ROJO GOMEZ,0,50,55.0,1
4f59bfeb-76ef-4cc5-9f0d-ccf10a7f24f6,2026-04-02,4,4,20.33,0,Recoger,3,LOCAL,0,30,34.0,1
10a192f2-1048-4a9c-a98a-6dd49e0ed547,2026-04-03,4,5,19.0,0,Recoger,3,LOCAL,0,30,27.0,0
6b47897c-f290-43c3-94ac-53087be56850,2026-04-03,4,5,21.25,0,Recoger,4,LOCAL,0,30,42.0,1
6debda32-93b7-4641-96b5-6fa9d45985ec,2026-04-03,4,5,21.67,0,Recoger,2,LOCAL,1,30,29.0,0
ee0890bc-a640-4376-99f1-dc1cc65ab2a8,2026-04-03,4,5,21.92,0,Recoger en tienda,3,LOCAL,1,30,30.0,0
8d1f8780-7b62-4d76-ae84-93172125a50e,2026-04-04,4,6,20.5,1,Recoger,3,LOCAL,0,30,36.0,1
ad25647b-a702-44ae-bf9c-afd263110af0,2026-04-05,4,7,13.75,1,Domicilio,5,ROJO GOMEZ,0,50,52.0,1
cf6a9866-ef9e-4c95-978e-8418a6a09c0c,2026-04-05,4,7,15.75,1,Mostrador,3,LOCAL,0,30,37.0,1
c135bf8d-c1db-4655-8923-49e992d68a27,2026-04-06,4,1,20.5,0,Domicilio,3,COLALAMBRE,0,50,49.0,0
9e33fd51-86ac-43f7-83e9-6d9a66a6ec4b,2026-04-06,4,1,20.92,0,Mostrador,4,LOCAL,1,30,40.0,1
71dd4f13-a0eb-4a1f-a37a-0f023d09c08d,2026-04-06,4,1,22.83,0,Domicilio,3,ROJO GOMEZ,0,50,42.0,0
7a05e3f1-5ce5-476f-a54f-071b4d1f78b1,2026-04-08,4,3,21.92,0,Recoger,2,LOCAL,0,30,27.0,0
f31e39ee-7203-43f6-a34e-29ebff211a94,2026-04-09,4,4,18.58,0,Domicilio,4,TRES CRUCES,0,50,61.0,1
0dc62770-4e2e-42c7-8a70-0a49bdb71f15,2026-04-09,4,4,20.75,0,Domicilio,3,SANTA IRENE,0,50,48.0,0
4ad82d27-cc50-47a0-b7de-778bf4ecbca6,2026-04-09,4,4,23.5,0,Domicilio,4,TODOS POR HIDALGO,0,50,52.0,1
d14f1c46-6969-4592-b08f-623708911800,2026-04-10,4,5,15.75,0,Domicilio,2,TODOS POR HIDALGO,0,50,33.0,0
9d996367-33b1-4371-9b15-8c66e0533014,2026-04-11,4,6,19.0,1,Recoger en tienda,6,LOCAL,0,30,48.0,1
d04f6eaa-ec7c-4507-a02b-2006c5e75a01,2026-04-11,4,6,19.58,1,Recoger en tienda,2,LOCAL,0,30,28.0,0
c59c0cf6-a9b3-456e-a4d5-7f199bddd5e1,2026-04-12,4,7,19.58,1,Recoger en tienda,3,LOCAL,0,30,32.0,1
6acf3a30-ea80-483e-8b4c-118e055e4934,2026-04-12,4,7,22.33,1,Domicilio,1,COLALAMBRE,0,50,37.0,0
a53ef154-040b-4e1d-a5a3-f1d930f0a64d,2026-04-12,4,7,22.75,1,Recoger,2,LOCAL,1,30,40.0,1
bea8e18f-ac8d-4957-8f3b-948738210f2d,2026-04-12,4,7,22.92,1,Domicilio,5,LA LOMITA,1,50,57.0,1
01f0f2fe-6b9f-450e-a2b8-35c9be870b35,2026-04-13,4,1,18.33,0,Recoger,2,LOCAL,0,30,28.0,0
fa91f6b8-205e-49f3-a540-5ce8873200a5,2026-04-13,4,1,19.67,0,Recoger,6,LOCAL,0,30,52.0,1
c57b3c99-ee7a-49c3-9e57-2d0957647279,2026-04-13,4,1,20.67,0,Mostrador,2,LOCAL,0,30,32.0,1
6d1f62b3-ad91-4d61-bebf-c1e3a090fb2f,2026-04-14,4,2,21.83,0,Mostrador,4,LOCAL,0,30,40.0,1
89c34a36-14f8-4a5e-88e0-b010d5567709,2026-04-18,4,6,19.75,1,Domicilio,2,SANTA IRENE,0,50,50.0,0
c3954558-af93-428b-bddf-1e23e90e6655,2026-04-19,4,7,14.42,1,Domicilio,5,CENTRO,0,50,55.0,1
16cd576b-0420-4a73-bef7-ef82dab90c77,2026-04-19,4,7,18.75,1,Domicilio,2,PARQUE DE POBLAMIENTO,0,50,43.0,0
f86cd413-9175-4815-87a2-3566754621ef,2026-04-20,4,1,19.42,0,Domicilio,3,TRES CRUCES,0,50,47.0,0
b2f75114-ead0-4be4-90c2-a8bfd8f8a856,2026-04-20,4,1,20.42,0,Mostrador,2,LOCAL,0,30,28.0,0
c79b7e81-1113-47e6-84f2-538612366ce1,2026-04-22,4,3,15.33,0,Recoger,4,LOCAL,0,30,31.0,1
0c083277-315c-42a1-a330-4bd59ddd9bb2,2026-04-22,4,3,20.58,0,Recoger,1,LOCAL,0,30,20.0,0
959daa9f-3abe-4204-b67a-6848f2221c26,2026-04-23,4,4,20.5,0,Domicilio,3,CHACATITLA,0,50,39.0,0
46d1ef89-a204-4a6a-951b-7bbf39f5dd32,2026-04-24,4,5,13.08,0,Recoger en tienda,2,LOCAL,0,30,26.0,0
70e3900c-738c-44f8-81cf-0970ab6f8db6,2026-04-24,4,5,13.5,0,Recoger en tienda,2,LOCAL,1,30,29.0,0
074e9217-27dc-48ae-8201-f8211e7418ec,2026-04-24,4,5,20.0,0,Domicilio,1,AVIACION,0,50,34.0,0
76857291-9db9-4275-97e1-142acee6af6f,2026-04-25,4,6,15.08,1,Mostrador,1,LOCAL,0,30,21.0,0
8540dc82-0dbb-4291-86da-616bc7470774,2026-04-25,4,6,18.42,1,Recoger,4,LOCAL,0,30,33.0,1
0fffc913-c65c-4a07-8910-ff5658e6daba,2026-04-25,4,6,20.58,1,Mostrador,5,LOCAL,0,30,41.0,1
44003869-df91-4b5a-97e8-d55bab7439d8,2026-04-25,4,6,21.75,1,Mostrador,1,LOCAL,0,30,27.0,0
9fe87a8e-bab4-4880-8c1c-15214947974e,2026-04-25,4,6,22.75,1,Mostrador,4,LOCAL,0,30,34.0,1
9c9b06a0-9471-4a1e-bf09-7b9b271cf14b,2026-04-25,4,6,23.33,1,Recoger,1,LOCAL,0,30,20.0,0
e633f330-b1ed-422e-869c-6134cf3363f4,2026-04-26,4,7,18.92,1,Recoger,5,LOCAL,0,30,46.0,1
2521b5dd-6510-40dc-85f7-8efbb75b0d30,2026-04-26,4,7,23.67,1,Mostrador,1,LOCAL,0,30,25.0,0
e90d231e-b0de-4dc9-a0b9-279f1beaa0fa,2026-04-29,4,3,13.25,0,Recoger,3,LOCAL,0,30,25.0,0
5684e732-c79b-497a-993d-a67d463029a2,2026-04-29,4,3,15.58,0,Domicilio,1,AVIACIÓN CIVIL,0,50,31.0,0
c58dccdc-15f7-4cc5-864c-66bfa995b33f,2026-04-29,4,3,20.58,0,Recoger en tienda,2,LOCAL,0,30,22.0,0
c848cccb-19a7-4f4b-a345-96f87bac60f7,2026-04-29,4,3,20.67,0,Mostrador,3,LOCAL,1,30,33.0,1
225bbc9c-c4dd-4ed0-8986-e9dba0e26b19,2026-04-29,4,3,23.25,0,Recoger,2,LOCAL,0,30,26.0,0
28390558-9fe1-4b64-ae12-666448719abd,2026-05-01,5,5,14.25,0,Domicilio,3,PARQUE DE POBLAMIENTO,0,50,39.0,0
55057c95-d769-4048-ab36-fc895afd611c,2026-05-01,5,5,22.92,0,Recoger en tienda,3,LOCAL,0,30,24.0,0
7e0ce7f8-3035-4088-a110-350292e755fa,2026-05-03,5,7,18.25,1,Recoger,4,LOCAL,0,30,39.0,1
107c355c-a1f6-40f5-820c-1017e5cedaf2,2026-05-03,5,7,18.83,1,Domicilio,5,TRES CRUCES,0,50,60.0,1
0ce40b7e-ef6b-4cca-b4ba-ab696813cca1,2026-05-04,5,1,14.83,0,Recoger,3,LOCAL,0,30,26.0,0
93299476-9b4a-4b21-8163-c8e25116783d,2026-05-04,5,1,20.67,0,Recoger,2,LOCAL,0,30,24.0,0
ea03fa79-f64c-46ea-9f83-4333fad59322,2026-05-05,5,2,20.67,0,Domicilio,2,CENTRO,0,50,40.0,0
281fa009-f004-49da-8345-1e9d265faa1c,2026-05-06,5,3,15.58,0,Recoger,2,LOCAL,0,30,26.0,0
44f15342-c9be-4f1b-ab54-e2896710335c,2026-05-06,5,3,21.75,0,Recoger en tienda,5,LOCAL,0,30,40.0,1
c05efe86-1d27-4b46-bbfc-79e78f2bd345,2026-05-07,5,4,15.17,0,Recoger,5,LOCAL,0,30,35.0,1
ddfe9260-5170-4109-b7b7-e8af6b03f954,2026-05-08,5,5,21.5,0,Recoger en tienda,4,LOCAL,0,30,37.0,1
b94caceb-2542-4636-9995-c90ac3535683,2026-05-08,5,5,23.33,0,Domicilio,1,AVIACIÓN CIVIL,0,50,33.0,0
a713a9a9-a14a-4fe9-81d7-ed4b003f942c,2026-05-09,5,6,16.0,1,Mostrador,4,LOCAL,0,30,33.0,1
1d1edf92-9c53-403f-82ca-8139bde16c6e,2026-05-09,5,6,16.17,1,Mostrador,2,LOCAL,1,30,37.0,1
11b79f3f-260e-42e6-abbe-9508b20f8a1b,2026-05-09,5,6,20.5,1,Recoger,2,LOCAL,0,30,37.0,1
9349e0e8-5a44-4986-87df-c865b87afba1,2026-05-10,5,7,20.0,1,Mostrador,5,LOCAL,0,30,43.0,1
cc266dbc-0728-4f77-90a6-3bbecb7e125c,2026-05-10,5,7,21.17,1,Recoger en tienda,3,LOCAL,0,30,32.0,1
d9f4a53a-d7ad-4c51-bc00-695bab7440b7,2026-05-10,5,7,23.17,1,Recoger,2,LOCAL,0,30,31.0,1
33c7843e-4389-4acb-a349-ed2d38691b3f,2026-05-11,5,1,21.25,0,Mostrador,5,LOCAL,0,30,39.0,1
9d523076-24c1-4d34-af52-631e5036f5f7,2026-05-12,5,2,20.92,0,Recoger,4,LOCAL,0,30,31.0,1
e565d9bb-1749-49ca-ada9-e4304f64480c,2026-05-13,5,3,19.58,0,Domicilio,2,CHACATITLA,0,50,48.0,0
1a193b8a-0254-4b9f-ad8d-9216fe322224,2026-05-13,5,3,20.67,0,Domicilio,2,LOS CANTORES,0,50,39.0,0
97d97cb8-f350-496f-a2b2-64df66d12fed,2026-05-13,5,3,21.83,0,Mostrador,1,LOCAL,0,30,23.0,0
b0d3093b-bd2b-4ef2-95cf-d57b6f49eced,2026-05-13,5,3,22.67,0,Recoger,2,LOCAL,0,30,17.0,0
ba752ed3-ab4e-401a-baee-904ac1d05aba,2026-05-13,5,3,23.5,0,Domicilio,2,TODOS POR HIDALGO,0,50,39.0,0
006a09e3-eb32-4288-99fe-eeb0d5061ece,2026-05-16,5,6,13.0,1,Recoger,4,LOCAL,0,30,35.0,1
756c238d-a5a1-4ba5-b3e0-019ae31260ff,2026-05-16,5,6,15.33,1,Mostrador,2,LOCAL,0,30,25.0,0
a4194665-2c65-4be6-b9b8-0188acfdc430,2026-05-16,5,6,18.75,1,Domicilio,4,TRES CRUCES,0,50,54.0,1
4958189f-185d-43d3-af5b-60657cdd70aa,2026-05-16,5,6,18.83,1,Domicilio,2,AVIACION,1,50,50.0,0
b8a98200-d22c-4a6d-90fd-360ed8a678f5,2026-05-16,5,6,21.58,1,Domicilio,3,AVIACION,0,50,53.0,1
5e83e598-f8ab-4351-83c5-17ec8b3d6efd,2026-05-16,5,6,22.67,1,Recoger en tienda,5,LOCAL,0,30,43.0,1
6bfbfd91-7f27-4bd4-b140-ae35edd38007,2026-05-17,5,7,14.5,1,Domicilio,3,PARQUE DE POBLAMIENTO,0,50,48.0,0
300434be-8d5e-4484-97ea-27158f56c038,2026-05-17,5,7,20.17,1,Recoger en tienda,3,LOCAL,0,30,30.0,0
62f057c5-59a5-433c-b6a6-a643b32df5fe,2026-05-18,5,1,18.0,0,Recoger,2,LOCAL,0,30,32.0,1
891d0a42-e1cf-42e1-8d76-edda7ec91506,2026-05-18,5,1,18.42,0,Recoger en tienda,5,LOCAL,1,30,46.0,1
161d440e-24a5-4dff-9197-159e75ef08db,2026-05-18,5,1,20.17,0,Recoger en tienda,7,LOCAL,0,30,49.0,1
05aa7f27-1f24-4eef-a86b-7f00792bcdf2,2026-05-18,5,1,21.5,0,Domicilio,4,LOS CANTORES,0,50,50.0,0
81545d94-0a43-4f41-a421-f2388710532c,2026-05-19,5,2,18.67,0,Domicilio,1,ROJO GOMEZ,0,50,41.0,0
e6fa9f7f-5b85-4af5-83f5-c5b0d0bd2326,2026-05-19,5,2,20.17,0,Domicilio,4,TRES CRUCES,0,50,57.0,1
43e30acb-aee8-4a70-abef-1e2fd40fc4e5,2026-05-20,5,3,13.08,0,Domicilio,1,AVIACION,0,50,33.0,0
3589ab7c-edb7-4717-b3dc-45bbc5e2c320,2026-05-21,5,4,14.33,0,Domicilio,1,LA LOMITA,0,50,28.0,0
0c7448a2-c073-4913-9e49-138c86467ea7,2026-05-21,5,4,23.33,0,Recoger en tienda,5,LOCAL,0,30,29.0,0
c83e93c9-9b24-43be-b3c4-c67c57613293,2026-05-22,5,5,13.33,0,Recoger en tienda,1,LOCAL,0,30,22.0,0
39da7fc6-390c-4ff9-9c43-504162288328,2026-05-23,5,6,16.75,1,Mostrador,5,LOCAL,0,30,34.0,1
e00da98f-1b4e-4d5b-b377-406b3d2c1135,2026-05-23,5,6,18.92,1,Recoger,3,LOCAL,0,30,41.0,1
545443c9-73e3-495f-84e4-b6ceee13d565,2026-05-24,5,7,13.92,1,Mostrador,6,LOCAL,0,30,40.0,1
eb9dfcb8-fb84-49ef-9a85-3d48f82e9a9c,2026-05-24,5,7,20.0,1,Domicilio,5,AVIACION,0,50,56.0,1
42b5e2ab-f68f-41ee-91ac-1a91ff6d50a2,2026-05-25,5,1,19.42,0,Recoger,3,LOCAL,0,30,36.0,1
00d37f06-7c68-4653-8d99-5937d8bf9392,2026-05-26,5,2,18.5,0,Mostrador,3,LOCAL,0,30,32.0,1
f74d8bc6-3436-4707-8116-79f316eaa137,2026-05-26,5,2,19.42,0,Domicilio,4,TRES CRUCES,0,50,51.0,1
9ecd1173-395b-4cc9-ab0c-fc155c06bc86,2026-05-26,5,2,23.92,0,Domicilio,2,CHACATITLA,0,50,39.0,0
9c63fbb5-1af8-4c7e-9125-b8c003dd3e95,2026-05-27,5,3,22.75,0,Mostrador,1,LOCAL,0,30,16.0,0
3de5ab04-06d7-4e76-882e-575f1226a71c,2026-05-28,5,4,13.58,0,Recoger,1,LOCAL,0,30,15.0,0
3a3adad7-c056-4ab7-8e47-0d71c695602e,2026-05-28,5,4,20.5,0,Recoger en tienda,3,LOCAL,0,30,36.0,1
bb3db752-319e-480d-91fd-b906f9fdf7ca,2026-05-28,5,4,23.25,0,Domicilio,2,AVIACIÓN CIVIL,0,50,36.0,0
9b443bb1-ece8-4c81-a6ae-7c71b21e3011,2026-05-29,5,5,18.42,0,Recoger,1,LOCAL,0,30,21.0,0
a3412c22-6238-4297-bf82-29c12e433a13,2026-05-30,5,6,18.58,1,Recoger en tienda,5,LOCAL,0,30,41.0,1
29f42478-1f24-4dd8-92d6-a1023d8c98c2,2026-05-30,5,6,21.58,1,Recoger,3,LOCAL,0,30,32.0,1
2fb04aff-6d47-4857-9ca4-aed9b1b2104c,2026-05-31,5,7,18.75,1,Mostrador,3,LOCAL,0,30,36.0,1
a6879af3-74fc-4448-ad9d-94851f57facb,2026-05-31,5,7,20.25,1,Domicilio,3,TRES CRUCES,0,50,54.0,1
9d07d395-f666-48b5-879e-d94d64efc11f,2026-05-31,5,7,21.17,1,Mostrador,3,LOCAL,0,30,43.0,1
e4c1486c-e794-425d-8e43-bf08008f8ddf,2026-05-31,5,7,22.67,1,Domicilio,2,TRES CRUCES,0,50,46.0,0
a720564e-40a7-4c98-9b8d-34865e417307,2026-05-31,5,7,23.42,1,Recoger en tienda,5,LOCAL,0,30,48.0,1
30a143bf-7bb4-4fb0-b0dc-0f0a2e2865c3,2026-06-01,6,1,18.92,0,Recoger en tienda,3,LOCAL,0,30,30.0,0
9620fe14-0d97-462c-8699-e92e03ea1917,2026-06-03,6,3,23.83,0,Recoger,1,LOCAL,0,30,20.0,0
befbcf2a-d47e-4511-a29a-a04462c447d7,2026-06-04,6,4,18.25,0,Recoger,3,LOCAL,0,30,37.0,1
207e6eff-2794-4134-8221-8bd6962dc792,2026-06-05,6,5,13.25,0,Domicilio,4,TRES CRUCES,0,50,43.0,0
4679d6cf-c0d1-4c63-9f0a-852d98671db8,2026-06-05,6,5,14.25,0,Domicilio,2,ROJO GOMEZ,0,50,40.0,0
59bbdc75-b66e-4e75-8709-c75d724a5b6c,2026-06-05,6,5,20.33,0,Recoger,2,LOCAL,0,30,31.0,1
1075992c-d3e1-42ee-82c1-d6a21718667a,2026-06-05,6,5,22.33,0,Mostrador,2,LOCAL,0,30,23.0,0
b5e3a8de-af0c-460b-998f-0111efd4819d,2026-06-06,6,6,21.42,1,Domicilio,5,TRES CRUCES,0,50,51.0,1
043edd1a-8575-42e5-9ed1-44c9e4159527,2026-06-06,6,6,22.5,1,Domicilio,7,TODOS POR HIDALGO,0,50,64.0,1
98e8eee2-4c76-4535-ba22-c10cff2a1a2f,2026-06-07,6,7,20.0,1,Mostrador,5,LOCAL,0,30,38.0,1
cfaf10b6-37d5-4ee0-83d9-351cbf2d94f7,2026-06-07,6,7,21.83,1,Domicilio,3,CENTRO,0,50,43.0,0
0257a574-284c-4a45-972c-a5ece2af3f50,2026-06-08,6,1,18.75,0,Mostrador,2,LOCAL,0,30,30.0,0
eaff0790-3487-46a0-a3d1-0e0523c091d2,2026-06-08,6,1,21.75,0,Recoger en tienda,5,LOCAL,0,30,39.0,1
7c28e88d-78e2-406a-aabe-ec642e0a6517,2026-06-09,6,2,21.0,0,Recoger,2,LOCAL,0,30,34.0,1
4c4f51d9-bdda-4748-83b5-981594a836b2,2026-06-10,6,3,17.83,0,Recoger,2,LOCAL,0,30,21.0,0
e6a8b6ab-5b29-49d9-8d2d-a1b63cba4868,2026-06-11,6,4,13.25,0,Recoger en tienda,3,LOCAL,0,30,30.0,0
5cebe886-5f98-4d3e-9d79-8cae19247fe5,2026-06-11,6,4,17.83,0,Mostrador,1,LOCAL,0,30,18.0,0
bef2433b-e3e1-497e-860e-8882a70cd26a,2026-06-12,6,5,15.42,0,Domicilio,2,TODOS POR HIDALGO,0,50,40.0,0
8a01076a-63f6-42a8-94b3-4ae5b6813957,2026-06-12,6,5,19.17,0,Mostrador,4,LOCAL,0,30,35.0,1
cedfbac5-22c0-4788-baba-c2b9d65e313c,2026-06-13,6,6,19.25,1,Domicilio,3,CENTRO,0,50,51.0,1
9eac1cf0-1386-4389-9292-e4572276b186,2026-06-13,6,6,19.75,1,Domicilio,4,COLALAMBRE,1,50,60.0,1
587f080d-15b7-4217-8453-d7a874dbe153,2026-06-14,6,7,20.92,1,Recoger,3,LOCAL,0,30,45.0,1
e1ca9337-1b64-4665-b800-a3c6b0821d0f,2026-06-14,6,7,21.33,1,Domicilio,3,LOS CANTORES,1,50,62.0,1
0fd19225-0120-42c4-b102-4a482a07437b,2026-06-15,6,1,23.67,0,Domicilio,2,LOS CANTORES,0,50,41.0,0
7e018d07-7af5-4fa2-b21c-87f9628ba558,2026-06-16,6,2,13.33,0,Domicilio,2,COLALAMBRE,0,50,43.0,0
fe07a20c-e3cf-4f87-b8ca-bad8b0e1dd2e,2026-06-16,6,2,22.25,0,Mostrador,5,LOCAL,0,30,29.0,0
6819b0f2-e363-4161-9a87-7784d6dc2c0c,2026-06-17,6,3,17.33,0,Mostrador,3,LOCAL,0,30,25.0,0
1a609b5f-22d1-4f74-8850-9328402f768a,2026-06-17,6,3,19.75,0,Mostrador,3,LOCAL,0,30,29.0,0
46d1c000-629d-4220-8ef6-9ce2fb86b8a5,2026-06-17,6,3,20.33,0,Domicilio,2,TRES CRUCES,0,50,46.0,0
57d20df7-690f-4432-af27-91f17f7bf0de,2026-06-17,6,3,21.33,0,Domicilio,2,PARQUE DE POBLAMIENTO,0,50,46.0,0
0fb7a134-d8cf-4edf-a196-70770a4faa5f,2026-06-18,6,4,21.5,0,Domicilio,4,TRES CRUCES,0,50,48.0,0
9a0f46f6-840d-41fd-9f5f-a0d5af0f5c34,2026-06-19,6,5,16.92,0,Mostrador,1,LOCAL,0,30,20.0,0
aa978b0d-2881-437b-9e97-c098a1131fb0,2026-06-19,6,5,20.92,0,Domicilio,4,LOS CANTORES,0,50,55.0,1
1578a134-bfec-42b2-996e-84a0c4a6e792,2026-06-20,6,6,21.5,1,Recoger en tienda,3,LOCAL,0,30,40.0,1
bed1e12f-ed8c-4154-8bad-94b3f918849a,2026-06-20,6,6,22.25,1,Recoger,3,LOCAL,0,30,26.0,0
0787c219-9b6b-4d87-97f1-caef6ae15930,2026-06-21,6,7,13.75,1,Recoger en tienda,6,LOCAL,0,30,39.0,1
c6cb6b59-943d-4c6b-a15c-660dbb9019aa,2026-06-21,6,7,18.5,1,Mostrador,4,LOCAL,0,30,41.0,1
a7cdba08-9fc7-48a9-b37a-fb7e9a2ed21d,2026-06-21,6,7,20.08,1,Mostrador,1,LOCAL,0,30,34.0,1
3b3d8b43-a541-4e95-92cc-c8b8b257eb93,2026-06-21,6,7,20.58,1,Mostrador,2,LOCAL,1,30,42.0,1
be5a2c5b-309a-4bcd-93d0-74f5e19bbca1,2026-06-21,6,7,23.0,1,Recoger en tienda,5,LOCAL,0,30,43.0,1
06048ddd-2273-4b04-b1ee-a5d26834b3a9,2026-06-22,6,1,21.25,0,Domicilio,2,LOS CANTORES,0,50,46.0,0
0ee42502-e7d1-43c4-be84-d27e40350604,2026-06-23,6,2,19.08,0,Domicilio,2,ROJO GOMEZ,0,50,50.0,0
b9d7e435-cb8b-44a5-94e9-8961c37b514e,2026-06-23,6,2,22.08,0,Recoger en tienda,3,LOCAL,0,30,35.0,1
634312f8-32ba-4697-9a14-21cae99e53d4,2026-06-24,6,3,15.5,0,Mostrador,3,LOCAL,0,30,29.0,0
80676113-f027-4a7e-b6b7-ffc62bd3252d,2026-06-24,6,3,23.83,0,Domicilio,1,PARQUE DE POBLAMIENTO,0,50,32.0,0
c06e3030-6663-48ae-ba63-a81957dd325f,2026-06-26,6,5,16.42,0,Domicilio,1,COLALAMBRE,0,50,35.0,0
b500a12d-d6a7-4d61-8edb-500e027627d7,2026-06-26,6,5,18.83,0,Domicilio,7,AVIACIÓN CIVIL,0,50,66.0,1
9b762d66-516c-4c1a-b476-e0a67a73d46b,2026-06-26,6,5,21.83,0,Mostrador,4,LOCAL,0,30,33.0,1
c878ec19-3ef5-43c2-8112-949e1673ebe4,2026-06-28,6,7,13.42,1,Domicilio,3,SANTA IRENE,0,50,50.0,0
ca56bb27-05d6-404a-9190-140ad6d3c880,2026-06-28,6,7,17.92,1,Domicilio,2,TRES CRUCES,0,50,44.0,0
8a8dba09-3901-40eb-be30-9cb55d98b624,2026-06-28,6,7,19.17,1,Recoger,3,LOCAL,0,30,33.0,1
bcf5d35d-5c79-4047-83b5-f726dafac7a4,2026-06-29,6,1,18.0,0,Domicilio,5,CHACATITLA,0,50,54.0,1
de744f55-0821-4303-b26d-e4ad60b6db62,2026-06-30,6,2,21.17,0,Recoger en tienda,5,LOCAL,0,30,38.0,1
8db7d8f6-8abd-4def-85cf-f797d1a1fcd0,2026-07-04,7,6,16.33,1,Domicilio,5,LA LOMITA,0,50,52.0,1
cb78d820-b961-406a-b319-bdc4856c69a9,2026-07-05,7,7,18.08,1,Mostrador,4,LOCAL,0,30,52.0,1
172e0a16-d4aa-40c3-ada6-fc816e18843d,2026-07-05,7,7,20.0,1,Domicilio,1,CENTRO,0,50,36.0,0
f984294b-0231-4700-8991-3c2ff3ac0e31,2026-07-05,7,7,20.42,1,Recoger,3,LOCAL,1,30,45.0,1
13bfe737-6b29-4dd3-9597-44c048056553,2026-07-05,7,7,22.0,1,Domicilio,4,AVIACION,0,50,40.0,0
ad749752-4687-46eb-9549-d38c3baef6dd,2026-07-07,7,2,16.83,0,Domicilio,4,CHACATITLA,0,50,41.0,0
277b7437-82a8-46ab-927d-f3a6dd945d72,2026-07-07,7,2,20.33,0,Domicilio,5,LOS CANTORES,0,50,59.0,1
6f1f6e12-7564-4478-9d4d-2b6e3921a869,2026-07-09,7,4,16.0,0,Domicilio,2,LA LOMITA,0,50,37.0,0
c599bbe9-5cd5-4738-a566-183d8b975a55,2026-07-09,7,4,19.0,0,Domicilio,4,CENTRO,0,50,46.0,0
29545987-50c0-4a86-9f1c-ce1e24f560ef,2026-07-09,7,4,20.0,0,Recoger,2,LOCAL,0,30,29.0,0
bb79d479-6705-4259-a684-9752f1728bc5,2026-07-09,7,4,21.25,0,Domicilio,2,AVIACION,0,50,41.0,0
cb60a259-b316-45bc-8ccb-1c2606aa9f1f,2026-07-10,7,5,13.83,0,Recoger,3,LOCAL,0,30,28.0,0
c34ab739-2160-40ff-ad8d-f63fa2173995,2026-07-10,7,5,15.92,0,Recoger en tienda,5,LOCAL,0,30,44.0,1
f9d15bba-3299-4ffa-b4ed-e5a0d1841cab,2026-07-10,7,5,21.83,0,Recoger,2,LOCAL,0,30,32.0,1
9e3e4022-6c07-40e9-9e52-dc4ffc4b291d,2026-07-11,7,6,16.08,1,Recoger,5,LOCAL,0,30,41.0,1
668af272-75bc-4b76-994a-f0a56f23900c,2026-07-12,7,7,14.83,1,Domicilio,7,ROJO GOMEZ,0,50,66.0,1
c99abcda-bb4a-426b-9561-9a06ad9a09e1,2026-07-12,7,7,20.25,1,Recoger,2,LOCAL,0,30,27.0,0
70d48e32-a9f9-4b6c-b76b-fc1a358e137a,2026-07-12,7,7,23.17,1,Recoger en tienda,5,LOCAL,0,30,36.0,1
9edf02c2-6809-4850-b868-8a3840c3eb2f,2026-07-14,7,2,19.92,0,Mostrador,6,LOCAL,0,30,54.0,1
4a1c93f7-1b4d-4417-a69c-901de6578269,2026-07-15,7,3,16.33,0,Recoger en tienda,4,LOCAL,0,30,23.0,0
e950bc5b-bb23-45dc-ad04-a5161ee5f2ac,2026-07-16,7,4,18.33,0,Recoger en tienda,3,LOCAL,0,30,39.0,1
15b419d4-a5b5-45a7-8f3f-8df3834fa24a,2026-07-17,7,5,22.17,0,Domicilio,3,COLALAMBRE,0,50,41.0,0
51c3c011-8fc6-434a-8d18-9d9ff010994d,2026-07-18,7,6,18.92,1,Recoger en tienda,1,LOCAL,0,30,29.0,0
5b10d9b3-a4a1-4a62-b663-598720332936,2026-07-19,7,7,15.92,1,Domicilio,4,LA LOMITA,0,50,54.0,1
0927231d-b3a9-4d6f-a4e6-7b88f5bf424a,2026-07-19,7,7,18.92,1,Recoger,3,LOCAL,0,30,35.0,1
ff98d3c7-4d98-4f85-8e7d-13c48c42b044,2026-07-19,7,7,19.42,1,Domicilio,4,COLALAMBRE,1,50,57.0,1
01389359-6027-44fc-879b-ebbfbc5f0616,2026-07-19,7,7,20.83,1,Recoger en tienda,2,LOCAL,0,30,36.0,1
6b95c0ae-61dd-412c-8f79-bac11ae2b98b,2026-07-19,7,7,21.17,1,Recoger en tienda,3,LOCAL,1,30,44.0,1
0857fff1-5497-4938-b7e0-d8f8970a56ed,2026-07-20,7,1,18.08,0,Domicilio,3,AVIACION,0,50,50.0,0
486402cf-c145-4b00-aff1-81f32a8d8761,2026-07-20,7,1,18.25,0,Mostrador,1,LOCAL,1,30,32.0,1
7d68dc23-2abc-463e-873d-a17c2f14f44a,2026-07-21,7,2,20.33,0,Recoger,3,LOCAL,0,30,32.0,1
14a0023f-ff7c-40c8-859d-eeaf0e4b2a16,2026-07-22,7,3,20.75,0,Recoger en tienda,2,LOCAL,0,30,29.0,0
b2f6add8-420d-43ed-9039-f9d3be254046,2026-07-23,7,4,16.25,0,Domicilio,4,ROJO GOMEZ,0,50,48.0,0
77cc4ea3-d9b9-4aac-aa44-30861722b614,2026-07-23,7,4,21.83,0,Recoger,1,LOCAL,0,30,26.0,0
8db7bc88-0eb9-49b7-a98a-72857e44af15,2026-07-23,7,4,22.5,0,Mostrador,2,LOCAL,0,30,20.0,0
7c2b173b-f6bb-47d2-a302-18c61aff8fab,2026-07-25,7,6,22.42,1,Domicilio,2,LOS CANTORES,0,50,37.0,0
0079136f-c6e2-42eb-9007-acae01717b4c,2026-07-25,7,6,23.5,1,Recoger,5,LOCAL,0,30,38.0,1
4d34a531-2c97-44d7-a664-39e5a87ffb29,2026-07-26,7,7,22.67,1,Domicilio,2,CHACATITLA,0,50,42.0,0
255798b5-05e6-48a5-ad56-211684113e6b,2026-07-27,7,1,21.58,0,Domicilio,4,SANTA IRENE,0,50,55.0,1
a8709785-7d9e-48ff-bb1b-bd876f8bfe35,2026-07-28,7,2,17.5,0,Mostrador,1,LOCAL,0,30,20.0,0
3afea346-810c-4c99-bb95-0c7b65713747,2026-07-28,7,2,18.33,0,Recoger,3,LOCAL,0,30,39.0,1
e46e3956-bd1c-4c2b-9cf5-b6c055aa96a6,2026-07-29,7,3,13.83,0,Recoger,4,LOCAL,0,30,32.0,1
60b68675-b6ae-4ca7-b6ed-006661ace1ba,2026-07-29,7,3,15.33,0,Domicilio,3,SANTA IRENE,0,50,43.0,0
1dec20ac-1dac-4eaf-ba23-25fd837ba739,2026-07-29,7,3,20.08,0,Recoger,4,LOCAL,0,30,36.0,1
e8fb2a81-1476-4e96-a139-9c09938732eb,2026-07-29,7,3,20.42,0,Recoger en tienda,3,LOCAL,1,30,37.0,1
