pedido_id,fecha_pedido,mes_num,dia_semana_num,hora_decimal,es_fin_semana,tipo_pedido,cantidad_items,zona_entrega,carga_trabajo,tiempo_prometido_min,tiempo_total_min,entrega_tarde
51442b23-3e45-4072-adc9-c0fef8cee375,2023-10-27,10,5,18.75,0,Domicilio,7,AVIACIÓN CIVIL,0,50,64.0,1
2cf16ffe-5450-4c81-aa13-9e75a8a0a7e2,2023-10-28,10,6,19.33,1,Mostrador,2,LOCAL,0,30,24.0,0
a9986407-e774-44c7-8890-3ae6ce2d546b,2023-10-28,10,6,20.42,1,Domicilio,2,AVIACION,0,50,51.0,1
a6ba0aff-0925-4f51-b06a-de37c88eec51,2023-10-28,10,6,21.75,1,Domicilio,4,SANTA IRENE,0,50,52.0,1
591b33fd-e868-41f5-a76b-3b0a4cb69d6d,2023-10-29,10,7,15.83,1,Mostrador,4,LOCAL,0,30,36.0,1
7aadfde5-14d4-40b1-8e8f-58b695b59fa6,2023-10-29,10,7,19.83,1,Mostrador,4,LOCAL,0,30,44.0,1
9ab4ef5e-e1f7-4ae4-b03f-fa8fb5a33e11,2023-10-29,10,7,20.92,1,Domicilio,6,COLALAMBRE,0,50,59.0,1
1ba9b054-fa15-4b43-94ca-1d14ad5b2f62,2023-10-29,10,7,22.0,1,Domicilio,3,COLALAMBRE,0,50,45.0,0
f5cb5f67-f0ff-4d2e-85e8-a04b558c8ca7,2023-10-29,10,7,23.92,1,Domicilio,3,SANTA IRENE,0,50,49.0,0
5f1dd6d8-2caa-4a35-8e1c-05a331cebffa,2023-10-30,10,1,17.83,0,Recoger en tienda,2,LOCAL,0,30,19.0,0
27d924c0-a066-46d1-99e5-522c827e5574,2023-10-31,10,2,18.67,0,Recoger en tienda,2,LOCAL,0,30,34.0,1
84768ab4-f2fe-4297-982a-edbadcbd2d08,2023-11-02,11,4,22.17,0,Domicilio,8,TODOS POR HIDALGO,0,50,63.0,1
089e85dd-3568-4ba9-81b6-c7b4aa8825a8,2023-11-03,11,5,17.08,0,Recoger en tienda,2,LOCAL,0,30,21.0,0
c4dc80a9-75fb-4d7a-a472-e86713e81f6e,2023-11-03,11,5,18.17,0,Recoger,3,LOCAL,0,30,33.0,1
b7449a7d-1e3b-4638-8f26-db5b3296366c,2023-11-03,11,5,20.75,0,Domicilio,3,LOS CANTORES,0,50,46.0,0
28f126b4-adba-4cc4-8674-d2627b1b12d3,2023-11-03,11,5,21.67,0,Recoger en tienda,6,LOCAL,0,30,47.0,1
fbddd811-4302-4555-9d8d-cac6d5134f29,2023-11-03,11,5,23.67,0,Mostrador,8,LOCAL,0,30,38.0,1
6aa554f5-e96f-4099-a4bd-0979b53463f5,2023-11-04,11,6,13.08,1,Mostrador,1,LOCAL,0,30,19.0,0
61799150-f2d8-4fdd-b993-18959768d843,2023-11-04,11,6,15.08,1,Mostrador,3,LOCAL,0,30,28.0,0
27f4fca0-b4d8-4063-a8c9-2604d386b007,2023-11-04,11,6,19.25,1,Mostrador,1,LOCAL,0,30,30.0,0
5fb31fbb-b121-4f22-b0ca-0e93259833bd,2023-11-04,11,6,19.42,1,Domicilio,6,SANTA IRENE,1,50,61.0,1
627216b5-f67f-4c6a-b12d-40864b8f3fdb,2023-11-05,11,7,18.25,1,Recoger,1,LOCAL,0,30,31.0,1
31d48f8d-e60f-43a4-bc51-ae43b1a887d6,2023-11-05,11,7,19.5,1,Domicilio,1,AVIACION,0,50,43.0,0
2f58abcb-7947-4f2b-a461-b07c6283c2ec,2023-11-05,11,7,19.67,1,Domicilio,3,LA LOMITA,1,50,50.0,0
143ad7b1-7728-4a2a-b08d-7eeec680c09b,2023-11-05,11,7,19.75,1,Mostrador,2,LOCAL,2,30,40.0,1
9dacb1f8-4f7a-4379-b97f-6c5f209fb04f,2023-11-05,11,7,22.92,1,Mostrador,6,LOCAL,0,30,41.0,1
79a51cce-b3d9-4d26-96f7-65a764f78772,2023-11-05,11,7,23.33,1,Domicilio,6,ROJO GOMEZ,1,50,67.0,1
7ea06514-5b65-4615-ad52-82342efa08d8,2023-11-06,11,1,17.42,0,Recoger,1,LOCAL,0,30,16.0,0
fdd9bbab-a972-4512-911a-07d595a77b0b,2023-11-07,11,2,19.5,0,Recoger en tienda,7,LOCAL,0,30,46.0,1
a2c21576-324e-4dff-804d-0c74da764138,2023-11-08,11,3,17.75,0,Recoger,4,LOCAL,0,30,29.0,0
e897d74a-ecac-4c09-a8b2-beb16d501346,2023-11-08,11,3,21.58,0,Recoger,3,LOCAL,0,30,36.0,1
98ed37ec-74e2-441c-870b-3bf87d82dbd0,2023-11-08,11,3,22.83,0,Recoger en tienda,2,LOCAL,0,30,24.0,0
ae8c210f-a1a8-459d-ab83-0babc475fb34,2023-11-09,11,4,19.0,0,Recoger,9,LOCAL,0,30,58.0,1
5fd0185e-2a4f-4f8b-b1cb-e3367312ca07,2023-11-09,11,4,19.83,0,Recoger,2,LOCAL,0,30,25.0,0
ac516b33-28d0-4415-b90c-a4092301e6c3,2023-11-09,11,4,22.25,0,Mostrador,7,LOCAL,0,30,31.0,1
8a7c1fc6-f5d4-4c76-952d-364769d93034,2023-11-10,11,5,19.17,0,Recoger en tienda,3,LOCAL,0,30,29.0,0
c07e181e-e3fd-4cff-9f54-4ae585bd992f,2023-11-10,11,5,21.08,0,Domicilio,5,AVIACIÓN CIVIL,0,50,58.0,1
8311ab12-d29a-4671-aa50-ed59f8935d1c,2023-11-11,11,6,14.42,1,Domicilio,2,AVIACION,0,50,39.0,0
839eb700-324d-439c-9559-b737600aadff,2023-11-11,11,6,14.5,1,Recoger,2,LOCAL,1,30,27.0,0
1bb9db3d-659d-425c-bc86-ae675882eb3a,2023-11-11,11,6,18.75,1,Recoger,4,LOCAL,0,30,36.0,1
a42de407-784e-4d3f-a728-7a28749a6e0c,2023-11-11,11,6,20.67,1,Recoger en tienda,4,LOCAL,0,30,42.0,1
7e65024d-505a-4d20-999a-197afd74c13a,2023-11-11,11,6,23.33,1,Domicilio,3,TODOS POR HIDALGO,0,50,48.0,0
a4693dd9-ef35-4420-b9be-38b297a553d8,2023-11-11,11,6,23.58,1,Domicilio,1,SANTA IRENE,1,50,43.0,0
8344176a-f535-47b1-b633-84b68183a16e,2023-11-12,11,7,14.25,1,Domicilio,5,CHACATITLA,0,50,59.0,1
3091b69d-501f-4097-95b2-f42eb80f7042,2023-11-12,11,7,18.17,1,Mostrador,5,LOCAL,0,30,52.0,1
51e9d1d1-ea6c-42be-8389-94e7814abb36,2023-11-12,11,7,18.67,1,Domicilio,5,CENTRO,1,50,48.0,0
9c40696b-a571-4d81-bf29-0c1a3e8239b5,2023-11-12,11,7,20.42,1,Mostrador,3,LOCAL,0,30,43.0,1
91259b80-900b-4c96-8926-917ed32dda7d,2023-11-13,11,1,21.83,0,Domicilio,8,CHACATITLA,0,50,67.0,1
d6c69022-3888-4d98-95eb-8dfb994a0527,2023-11-13,11,1,22.0,0,Mostrador,1,LOCAL,1,30,25.0,0
ef48a086-23ee-48c1-89d8-eba7fa543ea5,2023-11-14,11,2,20.0,0,Mostrador,5,LOCAL,0,30,45.0,1
eb4603cc-f282-4f3d-933a-fcac6ec05a28,2023-11-15,11,3,16.58,0,Recoger,3,LOCAL,0,30,30.0,0
a7f3494c-3a1d-4e3c-a280-68597d876c7f,2023-11-16,11,4,19.75,0,Domicilio,5,COLALAMBRE,0,50,60.0,1
93ac87b1-d90f-451c-bc1b-68e1a48a0822,2023-11-17,11,5,18.83,0,Recoger en tienda,3,LOCAL,0,30,33.0,1
3c8c3ece-2120-4d1e-ac74-a22696c57a42,2023-11-17,11,5,19.17,0,Mostrador,4,LOCAL,1,30,36.0,1
4a116f78-f4b0-4b5b-a4b9-2a60ba5b6a96,2023-11-17,11,5,21.25,0,Domicilio,3,TODOS POR HIDALGO,0,50,43.0,0
fbdb8cca-4c5e-4fa6-b1f4-54787a358f72,2023-11-18,11,6,15.17,1,Mostrador,2,LOCAL,0,30,25.0,0
53799779-d5f3-45ba-b357-ce644b92c50c,2023-11-18,11,6,20.33,1,Recoger,3,LOCAL,0,30,36.0,1
3cbfe77b-46a8-4882-ba10-4cafa469a026,2023-11-18,11,6,21.17,1,Domicilio,2,CENTRO,0,50,40.0,0
8bb1fa0d-8934-41c8-82ae-71035cd4b5a7,2023-11-18,11,6,21.33,1,Mostrador,7,LOCAL,1,30,58.0,1
b6a54e4e-fae6-410e-b639-3fb0551cb36c,2023-11-18,11,6,21.5,1,Recoger en tienda,5,LOCAL,2,30,50.0,1
baac97b8-8d52-461e-82d1-66fa644bb8df,2023-11-18,11,6,21.5,1,Domicilio,1,TRES CRUCES,3,50,57.0,1
f7e3b292-8a09-401f-b43d-894fff42ec29,2023-11-19,11,7,16.67,1,Mostrador,6,LOCAL,0,30,38.0,1
b43d6aa0-e239-45b6-bf26-b9251950858a,2023-11-19,11,7,18.08,1,Mostrador,3,LOCAL,0,30,40.0,1
736663aa-3d24-4c38-8954-70b023158236,2023-11-19,11,7,19.58,1,Domicilio,2,LOS CANTORES,0,50,49.0,0
ef435789-dc06-4e1f-a132-621b1cfcd9ec,2023-11-19,11,7,19.92,1,Domicilio,2,LA LOMITA,1,50,43.0,0
7952ddc6-6bde-4805-810e-57985fcfb9e2,2023-11-19,11,7,22.5,1,Domicilio,1,TRES CRUCES,0,50,35.0,0
4305464e-817e-4c7a-b6da-ef4509d6d984,2023-11-19,11,7,22.75,1,Domicilio,1,TRES CRUCES,1,50,40.0,0
6ec13ec5-0263-4809-8854-17ce447a6f07,2023-11-20,11,1,20.58,0,Domicilio,5,TODOS POR HIDALGO,0,50,59.0,1
58915ba8-d45e-4890-8eb5-701ec79072a2,2023-11-20,11,1,21.17,0,Domicilio,3,COLALAMBRE,0,50,49.0,0
1b971f8c-fb16-4c35-bf91-9b0a6b0eacf5,2023-11-20,11,1,23.42,0,Domicilio,4,TRES CRUCES,0,50,50.0,0
9f60df7b-7baa-4f66-87a5-6098175b2135,2023-11-20,11,1,23.5,0,Domicilio,2,LOS CANTORES,1,50,46.0,0
632e0434-7b0a-4432-b088-656a0330ef26,2023-11-21,11,2,14.75,0,Recoger,3,LOCAL,0,30,22.0,0
b6667e34-985e-4b0c-bfa4-2f24204567d5,2023-11-21,11,2,18.0,0,Recoger en tienda,1,LOCAL,0,30,31.0,1
d700ba30-0095-4530-93c3-703d0e42c63d,2023-11-21,11,2,18.83,0,Domicilio,5,COLALAMBRE,0,50,55.0,1
5d006800-a7f6-4133-b367-9fd9cb605bb5,2023-11-21,11,2,18.92,0,Recoger,1,LOCAL,1,30,23.0,0
0252a480-b1cd-46d2-a1fd-af6a70a2e43c,2023-11-21,11,2,23.67,0,Domicilio,4,AVIACIÓN CIVIL,0,50,37.0,0
c3a69d65-e35a-4cd3-a70d-28809e33a2cf,2023-11-22,11,3,16.33,0,Domicilio,4,CHACATITLA,0,50,45.0,0
0129e9a8-5e22-43ca-b553-8d1ecdc7bdd4,2023-11-22,11,3,19.08,0,Recoger en tienda,2,LOCAL,0,30,34.0,1
4a3822e3-d4b8-4d93-ad1d-ad6d5400e7a9,2023-11-22,11,3,23.5,0,Recoger,2,LOCAL,0,30,18.0,0
6a6adb1b-daee-44b9-821f-e8ca839464fa,2023-11-24,11,5,14.67,0,Domicilio,2,LOS CANTORES,0,50,40.0,0
408d3880-f99a-47e1-bc7d-bdebff9179dc,2023-11-24,11,5,20.42,0,Recoger,3,LOCAL,0,30,28.0,0
83c3b67e-96c6-4c8d-b95d-9c34630d1e2d,2023-11-25,11,6,18.25,1,Mostrador,10,LOCAL,0,30,67.0,1
59b52212-6cda-4a7c-a871-c83e6530b4ab,2023-11-25,11,6,18.83,1,Domicilio,1,ROJO GOMEZ,0,50,43.0,0
9e80b18c-62b5-4aa1-b9a0-dcd6eb6d3193,2023-11-25,11,6,19.75,1,Domicilio,1,SANTA IRENE,0,50,54.0,1
9963aacd-b6c2-4788-bb6a-f223abd68fb1,2023-11-25,11,6,20.33,1,Recoger,2,LOCAL,0,30,37.0,1
7279f447-98fb-4fed-9611-973b47ebf1d1,2023-11-25,11,6,21.5,1,Recoger,3,LOCAL,0,30,40.0,1
22098b9b-4c0f-4bd7-ab31-77565150cfbb,2023-11-25,11,6,22.33,1,Recoger en tienda,2,LOCAL,0,30,28.0,0
9a585fd4-d503-4ebb-b9f0-85689b1276ef,2023-11-25,11,6,22.58,1,Mostrador,1,LOCAL,1,30,31.0,1
f241a111-8b12-468e-a971-0b254510d67a,2023-11-26,11,7,17.08,1,Domicilio,2,LA LOMITA,0,50,34.0,0
3996a5f8-abe7-4cd2-b810-d37f13162b31,2023-11-26,11,7,19.92,1,Mostrador,4,LOCAL,0,30,43.0,1
82f02614-dc3f-4c15-84c9-3b24ed771c2f,2023-11-26,11,7,20.75,1,Recoger,9,LOCAL,0,30,56.0,1
10d0cd6e-5d1a-4807-9845-a39a38717d41,2023-11-26,11,7,21.42,1,Recoger,3,LOCAL,0,30,34.0,1
13986a14-6ec6-4dc6-af81-64e937256f5e,2023-11-26,11,7,23.0,1,Domicilio,1,COLALAMBRE,0,50,33.0,0
19c90395-eb7e-4bea-ad8a-8f40dd5aa773,2023-11-27,11,1,18.08,0,Domicilio,2,CHACATITLA,0,50,51.0,1
8ad47b5c-d205-4937-a9d2-9ec00378ac75,2023-11-28,11,2,18.67,0,Recoger,2,LOCAL,0,30,29.0,0
6136eb2b-e397-4715-af3d-c896f620981b,2023-11-28,11,2,19.42,0,Recoger en tienda,2,LOCAL,0,30,29.0,0
8d1dd164-8828-4df3-88cc-7892a3766662,2023-11-29,11,3,19.58,0,Recoger en tienda,4,LOCAL,0,30,35.0,1
9530ca12-9bc6-4d85-be9a-ecb0146aead3,2023-11-29,11,3,23.17,0,Recoger en tienda,4,LOCAL,0,30,23.0,0
6ca8410f-d5a8-4b32-8d6d-87c0235e781d,2023-11-30,11,4,14.25,0,Domicilio,1,PARQUE DE POBLAMIENTO,0,50,39.0,0
7b3eb13c-b572-4fb7-ba01-c48405d17014,2023-11-30,11,4,18.92,0,Domicilio,3,LA LOMITA,0,50,44.0,0
0098d0e8-90d3-4c9b-bc92-be68a513cbec,2023-12-01,12,5,19.58,0,Mostrador,4,LOCAL,0,30,37.0,1
a72ad452-9d61-4796-8c59-cf8327425628,2023-12-01,12,5,19.75,0,Recoger,5,LOCAL,1,30,51.0,1
03ce8376-4845-48c5-a78a-a464c4f17689,2023-12-01,12,5,22.92,0,Recoger en tienda,2,LOCAL,0,30,23.0,0
c14a83e8-a073-4edd-938a-e6a6f90f8c5e,2023-12-02,12,6,18.42,1,Domicilio,3,ROJO GOMEZ,0,50,51.0,1
5d60c883-bb7d-43bf-9855-90000d931d4b,2023-12-03,12,7,16.33,1,Domicilio,3,LA LOMITA,0,50,39.0,0
12cb1f74-23dc-43e2-a798-45c0f045a265,2023-12-03,12,7,19.58,1,Domicilio,4,AVIACION,0,50,55.0,1
5a7e4d8b-3b5f-4318-b97a-554574d4bed6,2023-12-03,12,7,19.83,1,Recoger,3,LOCAL,1,30,40.0,1
90d31e66-c629-4739-99c1-c63217e7254f,2023-12-03,12,7,21.0,1,Mostrador,4,LOCAL,0,30,44.0,1
8ef1e676-8b5a-48e7-91a8-259d15ebc2fa,2023-12-06,12,3,21.33,0,Recoger,5,LOCAL,0,30,41.0,1
15f5eb2e-93b7-422f-a4ee-196915351417,2023-12-06,12,3,23.17,0,Recoger,2,LOCAL,0,30,26.0,0
24152dbb-879a-4ebb-a594-1a0950e9d4dd,2023-12-07,12,4,13.67,0,Domicilio,2,CHACATITLA,0,50,40.0,0
5fe0ddcb-b4ff-4f1e-9a11-f872513b608b,2023-12-08,12,5,13.58,0,Mostrador,2,LOCAL,0,30,23.0,0
6b0475ed-86bb-4a3c-b053-46050ded7c93,2023-12-08,12,5,17.58,0,Recoger,6,LOCAL,0,30,40.0,1
2e0fd3d7-8414-49f4-b588-5f0eec22dbcd,2023-12-08,12,5,18.42,0,Mostrador,1,LOCAL,0,30,24.0,0
c3073494-88c7-4860-af01-97969903478e,2023-12-09,12,6,15.33,1,Domicilio,6,LA LOMITA,0,50,55.0,1
4c789fe5-1f97-479d-b601-d96026cd5643,2023-12-09,12,6,17.17,1,Recoger,5,LOCAL,0,30,45.0,1
bfcfe78a-f2ea-49e3-9374-965850138e2b,2023-12-09,12,6,20.25,1,Domicilio,5,AVIACION,0,50,57.0,1
56e5efd0-edfc-4ce5-8f3b-7a9da2b5f1d6,2023-12-09,12,6,23.08,1,Domicilio,5,SANTA IRENE,0,50,48.0,0
1866c441-93a2-438a-85fa-1683ba824e37,2023-12-09,12,6,23.42,1,Recoger en tienda,2,LOCAL,1,30,29.0,0
728bdf14-a040-4fef-8c49-2609ad8641ac,2023-12-10,12,7,19.0,1,Domicilio,5,SANTA IRENE,0,50,61.0,1
981a2a4c-d9fd-40a9-b69d-2178c697146c,2023-12-10,12,7,19.5,1,Mostrador,6,LOCAL,1,30,50.0,1
8a99414a-1adf-4f0a-b929-e7d9ad7887d1,2023-12-10,12,7,20.0,1,Domicilio,4,TODOS POR HIDALGO,1,50,51.0,1
f5914e10-df1e-460e-b95e-a79252d5ab33,2023-12-11,12,1,19.25,0,Recoger en tienda,1,LOCAL,0,30,22.0,0
c209b3dd-6dc5-41aa-888f-3bf88aac9de9,2023-12-12,12,2,18.17,0,Mostrador,7,LOCAL,0,30,49.0,1
f6321fdf-918d-46d4-a442-a35c61fd746d,2023-12-12,12,2,19.25,0,Mostrador,5,LOCAL,0,30,40.0,1
0d1f2610-9bfe-44bd-9870-156e5d4514e3,2023-12-12,12,2,20.33,0,Recoger en tienda,2,LOCAL,0,30,26.0,0
21790c9b-2406-4ad3-8e61-d9e87c8c02f8,2023-12-12,12,2,21.0,0,Domicilio,2,AVIACIÓN CIVIL,0,50,39.0,0
eb7274bf-99e5-4bb7-89cf-8a4888a98415,2023-12-12,12,2,22.67,0,Mostrador,2,LOCAL,0,30,27.0,0
d07c1276-41be-44a7-8e30-15deed347662,2023-12-13,12,3,16.67,0,Domicilio,4,TODOS POR HIDALGO,0,50,46.0,0
146e7137-1a7f-43e6-8d54-0c406fd42160,2023-12-13,12,3,19.58,0,Domicilio,2,COLALAMBRE,0,50,45.0,0
6ec02376-4548-40f9-b68b-2cc1ac5aba45,2023-12-13,12,3,21.67,0,Recoger en tienda,5,LOCAL,0,30,42.0,1
faa1de18-08ad-432e-9635-083ef76258c2,2023-12-14,12,4,20.75,0,Domicilio,4,AVIACIÓN CIVIL,0,50,52.0,1
baff404e-73de-4a18-8006-62e44702a120,2023-12-15,12,5,13.58,0,Recoger en tienda,3,LOCAL,0,30,25.0,0
17676cee-31dc-41cc-9948-b5b9e22b103a,2023-12-15,12,5,17.67,0,Domicilio,3,LOS CANTORES,0,50,37.0,0
140da709-44c4-4e4f-8169-e8ec0608f567,2023-12-15,12,5,18.08,0,Mostrador,1,LOCAL,1,30,35.0,1
7669bb40-bd7f-478b-8a93-5871b6d504ce,2023-12-15,12,5,19.08,0,Domicilio,3,LOS CANTORES,0,50,42.0,0
36943d63-1fa5-4f82-b103-de2966c31d3f,2023-12-15,12,5,20.33,0,Domicilio,3,LA LOMITA,0,50,52.0,1
e47233ea-66b5-4052-9965-2582847c115c,2023-12-15,12,5,23.83,0,Domicilio,5,LA LOMITA,0,50,51.0,1
d1503f02-9806-4610-98da-ab732ac39f87,2023-12-15,12,5,23.83,0,Recoger en tienda,4,LOCAL,1,30,26.0,0
4b99c04e-61c0-4e3d-b013-4365f527bcf1,2023-12-16,12,6,18.67,1,Domicilio,5,AVIACION,0,50,62.0,1
a0a36252-f8ea-47b2-94ee-8592a2cc0dbe,2023-12-17,12,7,16.0,1,Recoger,4,LOCAL,0,30,29.0,0
d6ca0df8-db73-4bfe-8a69-ec6cb498a543,2023-12-17,12,7,20.08,1,Recoger,6,LOCAL,0,30,55.0,1
8ee724c6-acac-4362-9ed0-6e7a5b32112b,2023-12-17,12,7,22.5,1,Recoger en tienda,4,LOCAL,0,30,31.0,1
5292d78e-a758-4d1f-9943-7e78370de071,2023-12-18,12,1,18.58,0,Recoger,1,LOCAL,0,30,25.0,0
90044e87-dae5-4035-a734-b15dfc9683f9,2023-12-18,12,1,20.42,0,Mostrador,1,LOCAL,0,30,21.0,0
fee7bbbe-d136-4b56-b027-bc3f3b641688,2023-12-18,12,1,21.0,0,Recoger en tienda,3,LOCAL,0,30,31.0,1
5fc8ee8d-3487-4fd4-b764-ccc3bda0b053,2023-12-18,12,1,21.08,0,Domicilio,3,CHACATITLA,1,50,47.0,0
c0c9332f-6b1e-40f8-b9d7-3aa4f2b54b08,2023-12-18,12,1,22.42,0,Recoger en tienda,3,LOCAL,0,30,31.0,1
487c07f4-f4d3-4ac6-8731-c4f65f0c8eba,2023-12-18,12,1,23.5,0,Recoger,2,LOCAL,0,30,25.0,0
f57820ec-eb9e-4cc7-a2fa-cad314cea66b,2023-12-19,12,2,17.33,0,Domicilio,1,AVIACIÓN CIVIL,0,50,30.0,0
8e00205b-3d23-44df-85dd-06a4eded8485,2023-12-19,12,2,18.0,0,Recoger,5,LOCAL,0,30,47.0,1
c6e12a72-e3bf-45d6-adfe-0902c904d3a6,2023-12-19,12,2,18.58,0,Domicilio,2,CHACATITLA,0,50,43.0,0
1ec80b70-8d21-4402-a10c-69691d85338f,2023-12-19,12,2,20.42,0,Domicilio,4,ROJO GOMEZ,0,50,54.0,1
5d4be950-532d-4c32-a929-1ff59742c330,2023-12-19,12,2,21.75,0,Domicilio,3,TODOS POR HIDALGO,0,50,45.0,0
2d2982f0-cde2-4d3c-8be5-165fb400e3ff,2023-12-20,12,3,15.08,0,Domicilio,2,SANTA IRENE,0,50,37.0,0
45610072-9032-4300-896f-bae2725170ae,2023-12-21,12,4,17.42,0,Recoger en tienda,1,LOCAL,0,30,18.0,0
2804363d-3706-44bb-ae37-0cd2c2d724dc,2023-12-21,12,4,18.75,0,Domicilio,4,LOS CANTORES,0,50,56.0,1
dcfae0f0-4881-431b-9c36-78a70c49a2ba,2023-12-21,12,4,22.92,0,Recoger en tienda,4,LOCAL,0,30,24.0,0
ad89af2d-ad3c-4f37-8455-e05f62edf386,2023-12-22,12,5,15.42,0,Recoger,3,LOCAL,0,30,30.0,0
69240ef1-02df-4f86-a40f-3dd805681833,2023-12-22,12,5,16.58,0,Recoger,2,LOCAL,0,30,15.0,0
064f2862-75b7-4ffa-9f4a-42b4b66253ec,2023-12-22,12,5,17.75,0,Mostrador,2,LOCAL,0,30,26.0,0
6d38e112-6acc-4e1f-a386-72c58e2c6b26,2023-12-22,12,5,19.67,0,Domicilio,1,SANTA IRENE,0,50,43.0,0
147c7e60-c9ee-4be5-aa04-8a807669e9b8,2023-12-23,12,6,19.08,1,Recoger en tienda,1,LOCAL,0,30,38.0,1
f31020a2-4790-411c-b66e-6ce3890781d6,2023-12-23,12,6,20.5,1,Recoger,4,LOCAL,0,30,38.0,1
197c1ec5-0397-41f9-9a60-b8ae6636a1f4,2023-12-24,12,7,13.25,1,Domicilio,3,ROJO GOMEZ,0,50,53.0,1
40b829de-c75d-489d-bf25-59c683cd1e0d,2023-12-24,12,7,14.25,1,Domicilio,2,AVIACIÓN CIVIL,0,50,49.0,0
d6d6c7f0-05a2-482b-9178-72926f57e3f9,2023-12-24,12,7,18.5,1,Domicilio,4,AVIACIÓN CIVIL,0,50,56.0,1
63ad99e2-6b77-424c-acf6-cc13d652ef89,2023-12-24,12,7,18.58,1,Recoger,5,LOCAL,1,30,49.0,1
13bec30f-e01e-4707-98a3-b78c4fd3639b,2023-12-24,12,7,18.92,1,Recoger en tienda,1,LOCAL,2,30,29.0,0
3a73364c-bcb6-4d86-b40b-dc0034327cee,2023-12-24,12,7,19.0,1,Recoger en tienda,6,LOCAL,3,30,57.0,1
04fbd28f-e11f-4cb2-af99-334fa2595b74,2023-12-24,12,7,21.58,1,Mostrador,5,LOCAL,0,30,43.0,1
b2e160a1-b53e-4850-9e47-0ac16e5ae221,2023-12-25,12,1,17.25,0,Recoger en tienda,3,LOCAL,0,30,25.0,0
838298e9-ece8-4dd4-a50e-d8e608070a71,2023-12-25,12,1,18.33,0,Domicilio,2,AVIACIÓN CIVIL,0,50,43.0,0
142636c6-a38b-43e5-9f56-369eb661d5ca,2023-12-25,12,1,20.92,0,Domicilio,2,ROJO GOMEZ,0,50,49.0,0
809ee8b7-3e7f-4ce9-bfd9-03a1baef37ab,2023-12-26,12,2,14.92,0,Recoger en tienda,1,LOCAL,0,30,18.0,0
14992465-e959-43ec-8976-5a36d75b0127,2023-12-26,12,2,18.08,0,Mostrador,2,LOCAL,0,30,27.0,0
e3419240-2abd-425c-873f-d6377604e7c7,2023-12-26,12,2,19.42,0,Mostrador,6,LOCAL,0,30,42.0,1
574599c1-8493-4157-a524-29ad0bf3943a,2023-12-26,12,2,20.42,0,Domicilio,3,ROJO GOMEZ,0,50,57.0,1
f276f428-d6c2-44f9-9ce9-b0ac2499f376,2023-12-27,12,3,20.42,0,Domicilio,2,TRES CRUCES,0,50,53.0,1
c7fe5f87-ebd3-4d4e-897a-1989fe695a09,2023-12-27,12,3,21.5,0,Domicilio,4,TRES CRUCES,0,50,49.0,0
5bf1b4d7-fc03-464d-9a49-d280ed3835ce,2023-12-27,12,3,21.83,0,Domicilio,2,CHACATITLA,1,50,56.0,1
c46daa12-981b-4215-92c0-100728607e8c,2023-12-29,12,5,18.33,0,Recoger en tienda,2,LOCAL,0,30,23.0,0
4359416a-a551-4ca9-8d7b-817eef3c92eb,2023-12-29,12,5,18.5,0,Domicilio,4,TRES CRUCES,1,50,56.0,1
8f2284d9-cca0-4447-9a8e-f18e7d5d21b8,2023-12-29,12,5,21.0,0,Recoger,4,LOCAL,0,30,33.0,1
41f72c87-b61f-4fbb-b0f5-f6bdccadd72d,2023-12-29,12,5,22.67,0,Recoger,2,LOCAL,0,30,16.0,0
0d840448-dbd9-4c0c-8f16-9e294cb85d49,2023-12-29,12,5,23.67,0,Mostrador,2,LOCAL,0,30,24.0,0
6d585e30-b055-4b69-81ad-84d57343cf15,2023-12-30,12,6,16.5,1,Recoger en tienda,2,LOCAL,0,30,30.0,0
963fce35-9304-4e13-84f9-411fbe966fd0,2023-12-30,12,6,18.83,1,Recoger en tienda,4,LOCAL,0,30,37.0,1
86756a90-5000-49ea-aec7-9254339cb0df,2023-12-30,12,6,19.08,1,Domicilio,3,TRES CRUCES,1,50,58.0,1
435070f2-5221-4642-bc42-9b6c703d87d2,2023-12-30,12,6,23.58,1,Recoger,2,LOCAL,0,30,26.0,0
2f93d264-3f3d-41bd-9e6a-a9e21bd95d68,2023-12-31,12,7,16.25,1,Recoger en tienda,5,LOCAL,0,30,41.0,1
9ca1f9eb-be6c-4180-9ac6-69a6e824a0d2,2023-12-31,12,7,17.83,1,Mostrador,5,LOCAL,0,30,40.0,1
efa617c9-4845-4c99-8e14-5281d0f90019,2023-12-31,12,7,18.58,1,Domicilio,4,PARQUE DE POBLAMIENTO,0,50,60.0,1
77c33936-8b50-40cf-8d82-2b47d54f743b,2023-12-31,12,7,21.92,1,Domicilio,7,CENTRO,0,50,69.0,1
14a04f5e-7f38-4ee5-b5b1-278ced1e6374,2024-01-01,1,1,19.58,0,Mostrador,1,LOCAL,0,30,20.0,0
685d1649-34d5-4f50-9c08-00c967a9be84,2024-01-02,1,2,15.75,0,Recoger,3,LOCAL,0,30,29.0,0
95eed4c9-360c-4256-a772-cc39fe0e6241,2024-01-02,1,2,20.67,0,Recoger,2,LOCAL,0,30,26.0,0
9fef50e6-2fe0-4208-8dad-a6672c36fa51,2024-01-02,1,2,23.17,0,Mostrador,4,LOCAL,0,30,32.0,1
acd6e3ac-c5a2-41c0-9de4-eee7cdcf7ed8,2024-01-03,1,3,13.0,0,Recoger en tienda,5,LOCAL,0,30,36.0,1
5c471526-f89e-48bf-8a8f-9a739b6eb536,2024-01-04,1,4,20.17,0,Domicilio,5,ROJO GOMEZ,0,50,57.0,1
35338ce4-1581-45f4-a0cf-b34da0d1e5cf,2024-01-05,1,5,13.25,0,Domicilio,2,ROJO GOMEZ,0,50,39.0,0
2ee57a5b-ca73-4192-b3d3-57eee0c143e1,2024-01-05,1,5,19.17,0,Recoger,2,LOCAL,0,30,37.0,1
451f004c-090a-48af-a613-ec574a280c2d,2024-01-05,1,5,20.5,0,Recoger,5,LOCAL,0,30,43.0,1
750eacd9-a036-4092-800f-57b24b541e15,2024-01-05,1,5,20.83,0,Domicilio,4,CENTRO,1,50,46.0,0
2518f989-1fac-48ff-bc81-4d9071e38148,2024-01-05,1,5,21.33,0,Recoger,1,LOCAL,1,30,30.0,0
43920f4d-ffd2-425d-acc7-51231c02ecf5,2024-01-06,1,6,16.17,1,Domicilio,2,PARQUE DE POBLAMIENTO,0,50,44.0,0
d29be2fa-7465-4c35-b768-b7783819b87f,2024-01-06,1,6,20.67,1,Mostrador,4,LOCAL,0,30,52.0,1
adf77645-acc9-418e-88e5-a1bfb722a44b,2024-01-06,1,6,21.17,1,Mostrador,5,LOCAL,1,30,52.0,1
f3679e8d-b37f-40fd-9ffd-220e3454ce84,2024-01-06,1,6,23.83,1,Recoger en tienda,6,LOCAL,0,30,42.0,1
128f8d80-cc44-45e1-b476-1bc5656d8949,2024-01-07,1,7,13.42,1,Recoger,3,LOCAL,0,30,26.0,0
46ab83bc-c7d9-45ba-9422-b48a77399122,2024-01-07,1,7,21.75,1,Domicilio,6,TODOS POR HIDALGO,0,50,64.0,1
bf2144d2-29b8-42d7-a2b5-dc2c503877bc,2024-01-08,1,1,18.0,0,Domicilio,2,TODOS POR HIDALGO,0,50,42.0,0
f847dc3e-f82a-4c32-aab7-22c6003e26cc,2024-01-08,1,1,19.33,0,Recoger en tienda,5,LOCAL,0,30,38.0,1
fe670a73-5c2b-4058-9536-436e0f2046e3,2024-01-08,1,1,20.33,0,Recoger en tienda,2,LOCAL,0,30,22.0,0
7d232c88-5df7-4232-9152-85e0cbe6fe53,2024-01-09,1,2,13.75,0,Recoger en tienda,1,LOCAL,0,30,17.0,0
19263d94-2dde-4e5f-acee-527fc4bc3373,2024-01-09,1,2,14.25,0,Recoger,2,LOCAL,1,30,16.0,0
8cb2dec9-c9c5-485c-af9a-4ef0719757e4,2024-01-09,1,2,14.58,0,Recoger,3,LOCAL,1,30,28.0,0
3396f42f-88d2-4893-b331-abe10792a006,2024-01-09,1,2,16.0,0,Domicilio,2,AVIACION,0,50,32.0,0
8b1f8556-d691-4a1d-a068-727ff5ff9cd7,2024-01-09,1,2,20.33,0,Recoger,2,LOCAL,0,30,39.0,1
1c18fc9a-e325-4734-b7fc-2608fe24ec58,2024-01-10,1,3,19.83,0,Domicilio,4,SANTA IRENE,0,50,52.0,1
a9957bfa-8884-4d1d-9ea8-c36f23e8a95a,2024-01-10,1,3,21.83,0,Recoger en tienda,6,LOCAL,0,30,44.0,1
37833c00-95e5-4863-888e-09eac8502ba3,2024-01-10,1,3,23.5,0,Recoger en tienda,2,LOCAL,0,30,24.0,0
085c737a-0116-45db-9a06-4eb6056e4a77,2024-01-11,1,4,22.92,0,Domicilio,5,ROJO GOMEZ,0,50,45.0,0
8bda4b63-10bb-4387-8c7c-31bfbbe301b7,2024-01-11,1,4,23.25,0,Domicilio,4,SANTA IRENE,1,50,47.0,0
a62ac734-6186-40ce-b020-578b1bfb09e9,2024-01-11,1,4,23.5,0,Domicilio,2,LA LOMITA,1,50,38.0,0
e3185be6-9cad-4c1b-aeb0-f1c9cce5ee75,2024-01-12,1,5,13.75,0,Domicilio,1,CHACATITLA,0,50,25.0,0
09a85769-34d1-44a8-b42c-0fa56cf88816,2024-01-12,1,5,14.67,0,Mostrador,3,LOCAL,0,30,27.0,0
a22aeb70-1383-4c1c-939b-b841d981cab3,2024-01-12,1,5,19.42,0,Recoger,4,LOCAL,0,30,31.0,1
2f2ccca0-a718-424e-8e2a-6cc59462ab75,2024-01-13,1,6,16.25,1,Recoger en tienda,5,LOCAL,0,30,38.0,1
cabd4e4a-1c9c-4dee-89ad-b6c2c7446fa8,2024-01-13,1,6,17.08,1,Mostrador,1,LOCAL,0,30,16.0,0
d874be30-0d8b-422b-9f3c-a9045e910d3d,2024-01-13,1,6,20.0,1,Recoger,3,LOCAL,0,30,40.0,1
437ab6ae-e051-4b96-a838-7cd7bc3df0cb,2024-01-13,1,6,20.17,1,Recoger,1,LOCAL,1,30,30.0,0
d1eedebb-258f-4047-9310-4f4af6009400,2024-01-13,1,6,21.17,1,Recoger,5,LOCAL,0,30,33.0,1
9ff1d486-0e5e-418b-b560-1d16289aa2a4,2024-01-14,1,7,13.67,1,Domicilio,1,PARQUE DE POBLAMIENTO,0,50,43.0,0
1b139be5-aac4-49fb-b1c2-bbaf6341a0b8,2024-01-14,1,7,13.67,1,Domicilio,6,CHACATITLA,1,50,61.0,1
e26eca8e-08fe-4a22-b173-49635a6a117e,2024-01-14,1,7,18.08,1,Recoger en tienda,3,LOCAL,0,30,35.0,1
4929f080-45a0-41d8-b5ff-bb0fead36bc8,2024-01-14,1,7,19.42,1,Domicilio,2,COLALAMBRE,0,50,45.0,0
7b205ebb-5cd3-48a5-9a1f-9ca6c66c9f00,2024-01-14,1,7,20.42,1,Domicilio,2,CHACATITLA,0,50,41.0,0
1a20ee4b-963e-482e-a40a-f1242d9ac939,2024-01-14,1,7,20.67,1,Domicilio,5,COLALAMBRE,1,50,64.0,1
8295d9f0-ad21-447a-b028-35bfeef3ba4c,2024-01-15,1,1,13.83,0,Mostrador,2,LOCAL,0,30,16.0,0
61d7269c-5ed1-4c2b-9057-2095cb4389f8,2024-01-15,1,1,14.08,0,Recoger,1,LOCAL,1,30,19.0,0
ffcdfc7a-5d86-4b01-abd8-59ae6d52387e,2024-01-15,1,1,19.0,0,Recoger en tienda,2,LOCAL,0,30,33.0,1
bfcc09b6-da17-410d-b115-8ea1f36f2e2b,2024-01-15,1,1,21.67,0,Domicilio,7,TODOS POR HIDALGO,0,50,61.0,1
008d3545-9d2e-48c7-bfba-f98a84a0f270,2024-01-16,1,2,19.75,0,Domicilio,2,TODOS POR HIDALGO,0,50,43.0,0
3c72d2b2-1365-4f39-a517-bc05827fee6f,2024-01-16,1,2,21.58,0,Recoger,9,LOCAL,0,30,52.0,1
0f99d20a-3f46-42d9-9fa8-6adcf529480e,2024-01-16,1,2,22.92,0,Mostrador,3,LOCAL,0,30,21.0,0
882f7636-78cb-47b8-857b-6197315cbd51,2024-01-16,1,2,23.17,0,Recoger en tienda,3,LOCAL,1,30,43.0,1
f44bc0fd-1d86-4861-ad2c-07e46d486336,2024-01-17,1,3,15.75,0,Mostrador,5,LOCAL,0,30,38.0,1
0c71df23-58c9-439d-8aef-ab93cb5d9ca7,2024-01-17,1,3,22.67,0,Domicilio,2,TRES CRUCES,0,50,34.0,0
37d7a110-ca8a-420d-b63f-c4c51c4fcc06,2024-01-18,1,4,17.17,0,Recoger,2,LOCAL,0,30,20.0,0
ff5b0397-44bc-4e94-b19b-0f5874251e1d,2024-01-19,1,5,19.08,0,Mostrador,2,LOCAL,0,30,29.0,0
0e32b336-9414-49d5-8fab-4dfca8a95e18,2024-01-19,1,5,19.92,0,Domicilio,4,CENTRO,0,50,53.0,1
0dc08698-524b-4b9f-a677-2d1ad1548e77,2024-01-19,1,5,23.25,0,Mostrador,4,LOCAL,0,30,31.0,1
ea58676b-996a-4c0f-bd21-0edd35c0e246,2024-01-20,1,6,17.33,1,Domicilio,3,TODOS POR HIDALGO,0,50,44.0,0
5ca78ee7-6059-4fd1-bf74-05ea6e162f56,2024-01-20,1,6,18.17,1,Domicilio,5,TRES CRUCES,0,50,62.0,1
a24225d2-1b13-475a-bf71-9c76c7d5dde9,2024-01-20,1,6,18.5,1,Domicilio,2,SANTA IRENE,1,50,51.0,1
0c8186e5-9e8a-4b23-adf4-b9337ce5b875,2024-01-20,1,6,18.92,1,Recoger en tienda,3,LOCAL,1,30,45.0,1
c5b29edd-5a87-4b9e-a97f-5664d0179886,2024-01-20,1,6,19.42,1,Mostrador,3,LOCAL,1,30,35.0,1
401303a6-c266-431c-a6d2-ee65e92d783c,2024-01-20,1,6,19.42,1,Recoger en tienda,2,LOCAL,2,30,40.0,1
47ffd4a7-3a27-4b97-9230-88130abb8397,2024-01-20,1,6,19.83,1,Recoger en tienda,4,LOCAL,2,30,50.0,1
a171b2a2-7c06-4f40-bf16-6ec57bd8fbfc,2024-01-20,1,6,21.17,1,Recoger en tienda,2,LOCAL,0,30,45.0,1
4d569a25-a51f-4bf5-929b-ae445fa95795,2024-01-20,1,6,22.5,1,Mostrador,1,LOCAL,0,30,17.0,0
a470da63-c182-4ceb-ae5f-7131c7f1e3b2,2024-01-21,1,7,19.0,1,Domicilio,7,AVIACION,0,50,62.0,1
4e9eea4e-068c-4a5c-80c6-ad82c5d130df,2024-01-21,1,7,20.83,1,Mostrador,4,LOCAL,0,30,37.0,1
40dce9ef-b7a7-4d79-af17-bd409a149cd2,2024-01-21,1,7,21.5,1,Recoger,2,LOCAL,0,30,31.0,1
0b7579ab-e1fd-43aa-b3ed-f866857fd27a,2024-01-23,1,2,15.08,0,Domicilio,5,AVIACIÓN CIVIL,0,50,44.0,0
47f38374-46a2-4476-ae1c-e4e33b36953d,2024-01-23,1,2,15.25,0,Recoger,1,LOCAL,1,30,19.0,0
82af891d-39ba-497c-b55c-8b6ab665c6ec,2024-01-23,1,2,18.08,0,Recoger,1,LOCAL,0,30,20.0,0
48ee5118-35f7-43dc-a92b-83356fdf2071,2024-01-23,1,2,18.83,0,Domicilio,2,TRES CRUCES,0,50,44.0,0
60a9a41f-fcac-4d45-8c69-25eaf91d417e,2024-01-23,1,2,20.75,0,Domicilio,3,AVIACIÓN CIVIL,0,50,50.0,0
da041e2a-a577-4660-9614-c730fdf17a72,2024-01-24,1,3,18.25,0,Recoger en tienda,2,LOCAL,0,30,38.0,1
e090eac5-6505-4a1e-84f1-afc4b4f3f9ae,2024-01-24,1,3,18.83,0,Recoger en tienda,1,LOCAL,0,30,28.0,0
ca73a829-6332-4ae3-aa00-e369c3d3c409,2024-01-24,1,3,19.83,0,Domicilio,2,AVIACIÓN CIVIL,0,50,39.0,0
d824ae0c-9411-4e9f-b872-b90f64d1c779,2024-01-25,1,4,15.42,0,Recoger en tienda,3,LOCAL,0,30,28.0,0
0e4cf4ca-7271-4631-a2bf-929dcb911038,2024-01-25,1,4,19.33,0,Recoger en tienda,2,LOCAL,0,30,33.0,1
f0034cd8-3383-419d-8d66-8e6ed4786d27,2024-01-25,1,4,20.58,0,Recoger en tienda,3,LOCAL,0,30,32.0,1
76fd73c9-2ff6-4bec-b05e-8b9aa2324b36,2024-01-25,1,4,22.17,0,Recoger en tienda,3,LOCAL,0,30,15.0,0
81e1f70c-cf50-4161-a178-84e08dfbf501,2024-01-25,1,4,23.25,0,Mostrador,1,LOCAL,0,30,18.0,0
815f7a5b-0f10-434b-a377-7a55fa78998c,2024-01-26,1,5,18.42,0,Recoger,2,LOCAL,0,30,31.0,1
fca92b75-5463-4d57-992e-06e53d37b685,2024-01-26,1,5,21.17,0,Domicilio,10,CHACATITLA,0,50,68.0,1
917c2887-492f-4a78-a4e6-1ff1eec2db85,2024-01-26,1,5,22.67,0,Recoger en tienda,2,LOCAL,0,30,22.0,0
43195a47-b7fc-4878-bac9-b6492d9cf0c7,2024-01-27,1,6,18.33,1,Recoger en tienda,2,LOCAL,0,30,31.0,1
f948bd59-312b-4194-8a1a-57f378873e9d,2024-01-27,1,6,18.83,1,Recoger en tienda,5,LOCAL,1,30,44.0,1
3b584e38-be48-4c2c-8a95-4ebab7c248d4,2024-01-27,1,6,22.83,1,Recoger en tienda,2,LOCAL,0,30,27.0,0
5607ce26-59fd-412f-9f8e-6add7c527b56,2024-01-28,1,7,19.0,1,Domicilio,5,CHACATITLA,0,50,60.0,1
d3c5b1a9-2c89-40a3-bd12-72f5e5437b99,2024-01-28,1,7,19.75,1,Recoger,1,LOCAL,0,30,29.0,0
6d7d9329-b809-4ab9-9163-f89bd4c3efc4,2024-01-29,1,1,16.33,0,Recoger en tienda,4,LOCAL,0,30,33.0,1
27ca1032-7f5a-49f4-818e-38d8c103d25b,2024-01-29,1,1,16.58,0,Recoger en tienda,1,LOCAL,1,30,28.0,0
e6068818-0b46-406a-b236-ec5552bd2d5f,2024-01-29,1,1,23.92,0,Recoger,5,LOCAL,0,30,28.0,0
ec78120e-8dda-4084-b56e-e8c2a2871299,2024-01-30,1,2,16.42,0,Domicilio,3,LOS CANTORES,0,50,38.0,0
f10c978c-d935-4245-9da9-313ea61735d6,2024-01-30,1,2,22.67,0,Mostrador,2,LOCAL,0,30,24.0,0
ad9302a0-ecd3-47fc-943e-53459e7a7693,2024-01-31,1,3,18.83,0,Domicilio,3,TODOS POR HIDALGO,0,50,59.0,1
0dd8569c-d115-43bd-a6c6-eeb646265f20,2024-02-02,2,5,21.83,0,Recoger,2,LOCAL,0,30,29.0,0
09166a72-ca81-4064-ac60-c602b8eecf30,2024-02-03,2,6,13.42,1,Mostrador,4,LOCAL,0,30,31.0,1
4203928f-f994-4521-b5b2-65adc40bff38,2024-02-03,2,6,15.33,1,Mostrador,7,LOCAL,0,30,48.0,1
50c4ab3a-c809-404f-b1f2-a35f3707438a,2024-02-03,2,6,19.5,1,Recoger en tienda,5,LOCAL,0,30,46.0,1
2af28aa8-c05c-4670-a1ef-fc8f6ba1f797,2024-02-03,2,6,20.83,1,Recoger en tienda,6,LOCAL,0,30,44.0,1
71003433-30f8-4f2c-9472-34a3eb3b0671,2024-02-04,2,7,19.08,1,Domicilio,3,CHACATITLA,0,50,55.0,1
45805712-9cf8-493f-9468-e32bcee57881,2024-02-04,2,7,20.0,1,Domicilio,4,AVIACION,0,50,56.0,1
4b0f35c1-5233-4847-a23b-316748523e06,2024-02-04,2,7,20.25,1,Domicilio,4,AVIACIÓN CIVIL,1,50,56.0,1
fc3d9239-e866-4334-94c1-7182343fe097,2024-02-04,2,7,20.33,1,Mostrador,2,LOCAL,2,30,39.0,1
127d29e8-972d-4d36-99c3-4b958d7c6b64,2024-02-04,2,7,21.75,1,Recoger en tienda,5,LOCAL,0,30,45.0,1
c44e5bdf-30f6-4080-b739-2212c175d183,2024-02-04,2,7,22.17,1,Recoger,5,LOCAL,1,30,38.0,1
fa013f6f-fa2c-4448-9ac6-d4b9cb60b980,2024-02-04,2,7,23.17,1,Domicilio,1,AVIACION,0,50,34.0,0
51f9aced-8544-41bc-941e-77c2d30861db,2024-02-05,2,1,23.17,0,Recoger,3,LOCAL,0,30,19.0,0
f83c62b6-297e-4163-a5e2-ea8fc243ee60,2024-02-06,2,2,20.92,0,Recoger,3,LOCAL,0,30,38.0,1
b24b0766-4b9a-4863-86ca-63677c2cd240,2024-02-07,2,3,19.08,0,Domicilio,1,COLALAMBRE,0,50,47.0,0
f5b6640f-184e-4c25-bdbb-09770368d3b2,2024-02-08,2,4,19.58,0,Domicilio,2,CHACATITLA,0,50,49.0,0
fabc5fdd-1ad8-4f6a-bbe5-966907917eb8,2024-02-08,2,4,20.75,0,Recoger,3,LOCAL,0,30,36.0,1
786eda71-72d0-4cb0-8afb-a2f691a0720d,2024-02-08,2,4,21.08,0,Recoger,4,LOCAL,1,30,42.0,1
fed2c349-c75d-4d00-bbde-6e29dc6a7fa9,2024-02-09,2,5,14.83,0,Recoger en tienda,1,LOCAL,0,30,15.0,0
822377b9-f3ba-4bc0-9f91-91e275c20166,2024-02-09,2,5,19.58,0,Recoger,3,LOCAL,0,30,35.0,1
b30ec8c8-b156-4b14-82f0-1cf70f9dadaf,2024-02-10,2,6,15.08,1,Mostrador,3,LOCAL,0,30,24.0,0
ab3c4aa8-8423-4823-837d-23a5f9544e0c,2024-02-10,2,6,17.25,1,Recoger,1,LOCAL,0,30,23.0,0
460ca6a5-09ed-4e86-9be0-9ec174a0fbc6,2024-02-10,2,6,18.58,1,Recoger en tienda,2,LOCAL,0,30,27.0,0
139d9ce7-452a-47e1-927c-2a43d4bdd442,2024-02-10,2,6,20.33,1,Recoger,4,LOCAL,0,30,34.0,1
85d34d79-4cbd-401d-bca2-94ce46ac7848,2024-02-10,2,6,21.33,1,Mostrador,3,LOCAL,0,30,33.0,1
8cea39eb-7468-4a24-be00-b20118f39ee2,2024-02-11,2,7,20.0,1,Domicilio,2,AVIACION,0,50,47.0,0
68240a66-82ec-418c-926a-6738d47b9704,2024-02-11,2,7,20.67,1,Recoger en tienda,2,LOCAL,0,30,30.0,0
61d11e99-24a0-4b96-93d3-67b23ddf5a40,2024-02-11,2,7,20.83,1,Domicilio,2,TODOS POR HIDALGO,1,50,42.0,0
106daff0-ffd1-4550-8992-5c378074dbcd,2024-02-11,2,7,20.92,1,Recoger en tienda,4,LOCAL,2,30,47.0,1
447a58af-ca75-4ee4-8198-995a9e59166b,2024-02-11,2,7,21.83,1,Recoger,3,LOCAL,0,30,41.0,1
9f78c2cf-17f9-4660-8a41-759f9d8f5c52,2024-02-12,2,1,16.33,0,Mostrador,4,LOCAL,0,30,31.0,1
e454234e-f4c3-48fe-b60a-e9c78ed797c9,2024-02-12,2,1,16.83,0,Domicilio,2,COLALAMBRE,1,50,38.0,0
e6a14279-a3db-4f79-8317-bb144164ade0,2024-02-13,2,2,14.67,0,Domicilio,1,ROJO GOMEZ,0,50,42.0,0
60f944e2-8e18-4955-afdf-bd7975e6817c,2024-02-13,2,2,16.75,0,Recoger en tienda,2,LOCAL,0,30,24.0,0
cdf62e8f-c2e5-4f87-bf52-8fc4097b85eb,2024-02-14,2,3,18.0,0,Mostrador,5,LOCAL,0,30,44.0,1
0698c34f-b8ba-4df9-8637-a0b8c6a39771,2024-02-15,2,4,14.67,0,Recoger en tienda,1,LOCAL,0,30,18.0,0
5eff0c6d-61b1-4b8d-b752-aae1b971f168,2024-02-15,2,4,21.58,0,Domicilio,2,LOS CANTORES,0,50,46.0,0
33f18330-81f5-4189-a1b2-a47a2d90a2a3,2024-02-16,2,5,18.33,0,Mostrador,1,LOCAL,0,30,26.0,0
76e5dd96-db14-470c-b6be-321ca249b724,2024-02-17,2,6,15.5,1,Recoger,1,LOCAL,0,30,23.0,0
ee1e097b-b275-4f4e-8318-707d766aac88,2024-02-17,2,6,19.67,1,Domicilio,5,PARQUE DE POBLAMIENTO,0,50,62.0,1
4fdd164b-947f-429f-8563-f67b8f4d33e6,2024-02-17,2,6,20.5,1,Mostrador,3,LOCAL,0,30,35.0,1
e266b4c0-b7a4-4945-afec-98862574ccdf,2024-02-17,2,6,21.83,1,Mostrador,4,LOCAL,0,30,44.0,1
c7dcd63e-a781-462e-bafc-5143ef1e6898,2024-02-18,2,7,14.67,1,Recoger,1,LOCAL,0,30,18.0,0
2b6cd559-b578-480c-81f7-547665eaf2ba,2024-02-18,2,7,18.67,1,Recoger,3,LOCAL,0,30,42.0,1
70c7decd-20a4-4cfe-ab4e-d02db6cdf570,2024-02-18,2,7,18.83,1,Recoger,5,LOCAL,1,30,52.0,1
73bb4f16-25af-4952-b0c4-af1c32bcafe4,2024-02-18,2,7,18.92,1,Mostrador,4,LOCAL,2,30,47.0,1
94afcdff-7e75-4c6c-b45a-cdac10afcd2f,2024-02-18,2,7,19.08,1,Domicilio,3,ROJO GOMEZ,3,50,63.0,1
739500b2-a635-4a76-8cca-7acb8300a71e,2024-02-18,2,7,19.5,1,Recoger en tienda,3,LOCAL,1,30,44.0,1
10580019-10bd-4ab6-8309-b9da44720537,2024-02-19,2,1,18.42,0,Domicilio,3,CHACATITLA,0,50,57.0,1
00e85b74-61c6-4c5e-8c71-4c853bdfad65,2024-02-19,2,1,19.08,0,Domicilio,6,LOS CANTORES,0,50,65.0,1
595d9b69-d86f-4dd9-a287-9feb376f6803,2024-02-19,2,1,20.0,0,Mostrador,5,LOCAL,0,30,45.0,1
977b60e9-fda7-410d-9e11-5fe6f251890d,2024-02-19,2,1,20.17,0,Domicilio,4,LA LOMITA,1,50,54.0,1
4d5cf887-04ab-4585-a77e-e809f1f332d7,2024-02-19,2,1,20.42,0,Recoger en tienda,2,LOCAL,2,30,30.0,0
3587033d-1ac6-435f-8438-ad499a3c06fe,2024-02-20,2,2,17.5,0,Recoger,3,LOCAL,0,30,27.0,0
1df3b9f2-e580-44b8-9ccf-2b4c0a8516e5,2024-02-21,2,3,19.83,0,Domicilio,4,LA LOMITA,0,50,50.0,0
6d453510-cba9-4f22-873f-20d00b4c0c23,2024-02-21,2,3,23.33,0,Recoger,2,LOCAL,0,30,20.0,0
d0b0ad92-908d-4930-b318-ce8a82280cb3,2024-02-22,2,4,17.17,0,Recoger en tienda,1,LOCAL,0,30,23.0,0
bd227865-e817-4c0e-a9d7-afcaba56dee2,2024-02-22,2,4,22.08,0,Domicilio,1,TRES CRUCES,0,50,40.0,0
a8c4f9d1-2226-4ab4-bf56-c95d311071bd,2024-02-23,2,5,23.17,0,Mostrador,1,LOCAL,0,30,16.0,0
8d5cb82d-a698-4f9a-a36a-805ece3a64af,2024-02-24,2,6,13.0,1,Mostrador,4,LOCAL,0,30,39.0,1
be0a8dae-3500-4412-85b5-198a03941ff7,2024-02-24,2,6,13.92,1,Recoger en tienda,4,LOCAL,0,30,41.0,1
fe2f54c5-b9ed-4835-9100-7c5d4d906ac7,2024-02-24,2,6,20.08,1,Domicilio,2,CHACATITLA,0,50,47.0,0
01b4d172-1f73-4c28-a10b-788e6a7baf09,2024-02-24,2,6,21.0,1,Recoger,6,LOCAL,0,30,43.0,1
fe61d274-32e4-47f7-b3c8-4b8976b8b38c,2024-02-25,2,7,15.0,1,Recoger en tienda,3,LOCAL,0,30,25.0,0
e571ce21-6653-41fd-940d-e1db3aa578f7,2024-02-26,2,1,16.08,0,Domicilio,5,SANTA IRENE,0,50,41.0,0
fb2a89e2-6a57-414b-8db6-06321b81d87a,2024-02-26,2,1,18.33,0,Domicilio,8,TODOS POR HIDALGO,0,50,64.0,1
0d64e73d-77c2-4116-861f-170dbc1cce74,2024-02-26,2,1,20.67,0,Recoger,3,LOCAL,0,30,36.0,1
505e948b-5c8c-4af5-aa86-6a83ac929b8e,2024-02-27,2,2,21.83,0,Mostrador,1,LOCAL,0,30,27.0,0
11b3c612-a3fc-4481-ac86-73aad2f2cf33,2024-02-28,2,3,18.33,0,Domicilio,2,PARQUE DE POBLAMIENTO,0,50,45.0,0
c1ef61a7-a906-4f51-89ac-3c0a48570866,2024-02-28,2,3,18.42,0,Domicilio,2,AVIACION,1,50,46.0,0
6e932bb7-e1b8-43ce-95ea-e295a61cc3b0,2024-02-29,2,4,16.83,0,Domicilio,4,SANTA IRENE,0,50,41.0,0
8838099f-1e04-4396-a3ce-530d68381c13,2024-02-29,2,4,18.58,0,Recoger en tienda,3,LOCAL,0,30,34.0,1
4cb980ec-3a86-4363-8634-0b8d51e5ae75,2024-02-29,2,4,19.67,0,Recoger,1,LOCAL,0,30,24.0,0
2a9113df-2cfe-467e-8f27-840d74f52862,2024-02-29,2,4,21.42,0,Domicilio,2,PARQUE DE POBLAMIENTO,0,50,42.0,0
4036343d-b472-4df5-89ab-aa8bf942d147,2024-03-01,3,5,14.83,0,Recoger,7,LOCAL,0,30,36.0,1
a06708bd-5555-4cdd-9f55-7404dea15449,2024-03-01,3,5,17.25,0,Domicilio,3,LA LOMITA,0,50,39.0,0
0656563e-884f-4f8d-a9c8-a25348e62df3,2024-03-01,3,5,17.25,0,Recoger,4,LOCAL,1,30,38.0,1
d6c903b4-747e-4f39-a80a-d64589099c42,2024-03-01,3,5,18.5,0,Recoger,6,LOCAL,0,30,49.0,1
a311456b-b9ed-48ea-bdd3-78d5e5a41336,2024-03-01,3,5,19.08,0,Domicilio,3,AVIACION,0,50,47.0,0
d4c11ccd-7245-4abb-ae33-b5250a36f1f8,2024-03-01,3,5,20.0,0,Mostrador,4,LOCAL,0,30,32.0,1
fecf74fa-eace-4b72-a8ce-aa3c04a251b5,2024-03-01,3,5,20.08,0,Recoger,2,LOCAL,1,30,28.0,0
33e36462-4af9-4e94-a358-08e33af1640d,2024-03-02,3,6,13.33,1,Domicilio,1,AVIACIÓN CIVIL,0,50,41.0,0
1fbcfe73-2a65-41c7-ae94-69fecd3b1e52,2024-03-02,3,6,16.33,1,Domicilio,6,AVIACIÓN CIVIL,0,50,54.0,1
a1387702-7d9c-4358-bfae-6d5be26b5ee1,2024-03-03,3,7,18.0,1,Domicilio,2,TODOS POR HIDALGO,0,50,50.0,0
a86473e1-f232-4c55-9952-763e2d3ddd0d,2024-03-03,3,7,19.42,1,Mostrador,7,LOCAL,0,30,49.0,1
8aca0612-e481-4285-baa0-af63633e5387,2024-03-05,3,2,15.75,0,Mostrador,3,LOCAL,0,30,30.0,0
6df60965-d12b-4b35-bddf-62feeca8fd0d,2024-03-05,3,2,16.92,0,Recoger en tienda,2,LOCAL,0,30,23.0,0
25da194a-b396-4ea6-b13e-6f196912d9db,2024-03-05,3,2,20.08,0,Recoger,2,LOCAL,0,30,29.0,0
a7604def-4413-4cf4-856b-be49d6a7b5c1,2024-03-06,3,3,13.17,0,Recoger en tienda,2,LOCAL,0,30,27.0,0
eb4f311f-ceda-4579-aa12-20c3c7088e31,2024-03-06,3,3,14.08,0,Domicilio,2,PARQUE DE POBLAMIENTO,0,50,39.0,0
853789c6-8b1a-4bb5-8734-4fb68cc9bdc6,2024-03-06,3,3,19.33,0,Domicilio,2,AVIACIÓN CIVIL,0,50,39.0,0
61df43b9-98a1-4a1f-b189-59e73fd2f7de,2024-03-06,3,3,19.83,0,Recoger en tienda,3,LOCAL,1,30,35.0,1
cc88817c-d011-4653-9019-94456aaca3ec,2024-03-07,3,4,18.42,0,Domicilio,5,PARQUE DE POBLAMIENTO,0,50,67.0,1
8f847a0f-153d-44bc-9265-c1b130e48f4f,2024-03-07,3,4,22.08,0,Domicilio,5,TRES CRUCES,0,50,51.0,1
d92492d2-e1e4-4fac-a5fa-84d9fd2b9cec,2024-03-07,3,4,23.17,0,Recoger en tienda,3,LOCAL,0,30,26.0,0
1e4880b5-e3db-400f-9b8a-aee05255ce39,2024-03-08,3,5,14.25,0,Recoger,5,LOCAL,0,30,34.0,1
ecceddd7-9efc-4b92-b7e1-5d4027a69d6e,2024-03-08,3,5,15.08,0,Mostrador,3,LOCAL,0,30,15.0,0
2ef70b5e-08ea-4059-bdb7-f28adea41e11,2024-03-09,3,6,14.08,1,Domicilio,3,CHACATITLA,0,50,42.0,0
0174e714-ab09-4a81-b14e-568f26b24a97,2024-03-09,3,6,19.25,1,Mostrador,4,LOCAL,0,30,41.0,1
acb85947-6a89-4751-8ac6-94841d03cea5,2024-03-09,3,6,21.33,1,Recoger,3,LOCAL,0,30,41.0,1
bcef7a9e-7508-4f35-95cb-5568ec1f02b5,2024-03-09,3,6,23.92,1,Recoger,5,LOCAL,0,30,31.0,1
f4383001-3555-4187-a6b1-9bb663633aff,2024-03-10,3,7,18.5,1,Mostrador,3,LOCAL,0,30,40.0,1
3ceadd10-d50b-4b42-a76d-b2c572382203,2024-03-10,3,7,22.92,1,Recoger en tienda,3,LOCAL,0,30,30.0,0
c3f05951-004d-49fb-b412-7fd40583c2ff,2024-03-10,3,7,23.92,1,Domicilio,2,SANTA IRENE,0,50,40.0,0
761bc859-18d6-45be-92fa-932b74c5d4cb,2024-03-11,3,1,15.75,0,Recoger en tienda,2,LOCAL,0,30,26.0,0
9efdc791-0b7a-4994-974f-cb01b522ea7a,2024-03-11,3,1,19.33,0,Domicilio,6,CHACATITLA,0,50,67.0,1
25fd1de1-3c4d-46d7-83f0-410ff5592713,2024-03-12,3,2,20.08,0,Mostrador,5,LOCAL,0,30,44.0,1
0e509218-e4d0-4bb3-bdbb-09dc7ca12375,2024-03-12,3,2,21.33,0,Recoger,1,LOCAL,0,30,29.0,0
162772a3-d9c7-41cd-b734-f1bd0f439fb3,2024-03-13,3,3,15.5,0,Mostrador,2,LOCAL,0,30,21.0,0
57364e23-925b-4657-acf9-6a92d8841d21,2024-03-13,3,3,21.67,0,Domicilio,2,TRES CRUCES,0,50,47.0,0
8f3596df-c68f-4b0a-8b84-854f50c574d6,2024-03-14,3,4,18.17,0,Recoger,2,LOCAL,0,30,28.0,0
41b292d2-46cc-4f5d-9f7d-cfa66ea2a4ae,2024-03-14,3,4,19.67,0,Domicilio,2,TRES CRUCES,0,50,36.0,0
46d00e74-1fd9-4bc0-b640-236e0d90089a,2024-03-15,3,5,13.08,0,Domicilio,3,COLALAMBRE,0,50,43.0,0
cc997703-ea41-4dcf-8db9-65e37bfb2aa6,2024-03-15,3,5,19.17,0,Mostrador,6,LOCAL,0,30,47.0,1
ab26e155-583d-4fcc-9c4e-4a73393d54f2,2024-03-16,3,6,14.33,1,Recoger en tienda,2,LOCAL,0,30,38.0,1
63bf2dcf-880d-4d4d-9359-f0684a8810a3,2024-03-16,3,6,18.83,1,Recoger en tienda,3,LOCAL,0,30,34.0,1
92aa7e1a-e096-4a4c-9399-9673db686ddb,2024-03-16,3,6,20.33,1,Domicilio,1,PARQUE DE POBLAMIENTO,0,50,51.0,1
eee6a903-1b4d-4131-8dcc-073d29d26bf9,2024-03-16,3,6,20.83,1,Domicilio,3,AVIACIÓN CIVIL,1,50,53.0,1
fa19d5ab-1285-4d5b-bb4a-e4c5acfb3f3a,2024-03-17,3,7,17.08,1,Recoger en tienda,3,LOCAL,0,30,36.0,1
f2477a19-96f7-4c30-80dc-04133cb1471f,2024-03-17,3,7,23.25,1,Domicilio,6,CHACATITLA,0,50,52.0,1
944fb75d-2aa6-4196-9b25-d2681c8bcb1a,2024-03-17,3,7,23.5,1,Recoger,2,LOCAL,1,30,34.0,1
f8181a98-8a1d-426e-96d5-73c3aa247b04,2024-03-18,3,1,13.0,0,Mostrador,2,LOCAL,0,30,21.0,0
4f6f43c4-cb13-46a2-b087-5b4bf65b5d81,2024-03-19,3,2,14.58,0,Domicilio,4,PARQUE DE POBLAMIENTO,0,50,47.0,0
556065f2-e1e6-43be-aa5b-fd0a8f4bf825,2024-03-19,3,2,18.33,0,Recoger en tienda,3,LOCAL,0,30,34.0,1
8fe24b9b-653a-4107-bd82-988ab300d840,2024-03-19,3,2,20.75,0,Mostrador,3,LOCAL,0,30,42.0,1
6ca259de-b590-4cde-ab55-06804a82099d,2024-03-20,3,3,18.08,0,Domicilio,2,CHACATITLA,0,50,37.0,0
c508b6a3-c72a-437d-9ae7-fbbe3d310148,2024-03-20,3,3,18.25,0,Recoger en tienda,2,LOCAL,1,30,25.0,0
39da0777-567d-4c65-9e78-870a4357682a,2024-03-20,3,3,18.33,0,Domicilio,3,LOS CANTORES,2,50,58.0,1
6283dada-c4f3-400c-a3d8-efc873e028f5,2024-03-21,3,4,17.0,0,Recoger,1,LOCAL,0,30,22.0,0
02b5cb61-ff53-45ef-be36-cdfd31e7807b,2024-03-21,3,4,17.08,0,Domicilio,4,TODOS POR HIDALGO,1,50,50.0,0
3279ffe6-2e4f-49f0-aa7a-e9a5a4723e12,2024-03-21,3,4,18.33,0,Recoger en tienda,4,LOCAL,0,30,40.0,1
8d8e238e-48df-4493-81d1-978a4aa93a6b,2024-03-21,3,4,19.0,0,Mostrador,1,LOCAL,0,30,19.0,0
acf910ac-57f3-4e05-b5df-8d75f5a222c8,2024-03-21,3,4,19.33,0,Domicilio,5,AVIACION,1,50,52.0,1
8923d2c7-38a3-4707-8579-a0a02f7da0f7,2024-03-21,3,4,20.5,0,Recoger,1,LOCAL,0,30,29.0,0
e479df35-32bb-4beb-be10-55a733ab3329,2024-03-21,3,4,21.17,0,Mostrador,2,LOCAL,0,30,21.0,0
ba5ee212-4841-4ae8-8f25-1748c347dc90,2024-03-21,3,4,21.92,0,Domicilio,7,TRES CRUCES,0,50,60.0,1
e60f35ae-f7de-4b7a-b31d-a6cabc7d3599,2024-03-22,3,5,14.17,0,Recoger,3,LOCAL,0,30,25.0,0
fdcbb1e7-b530-4d8f-91f6-e520cff76bf2,2024-03-22,3,5,18.08,0,Domicilio,3,AVIACION,0,50,51.0,1
0c7b8fd0-79ec-4b2b-a80c-71f4f3035141,2024-03-22,3,5,22.75,0,Recoger,1,LOCAL,0,30,15.0,0
fe7224b6-cc14-496f-9e4e-16bee6848478,2024-03-23,3,6,17.42,1,Domicilio,2,LOS CANTORES,0,50,37.0,0
c3b4ad81-b1fe-4ad9-bdad-0900dba4f82c,2024-03-23,3,6,19.33,1,Recoger,5,LOCAL,0,30,42.0,1
b23da970-f84f-489b-bdf2-b6ba0ff17beb,2024-03-23,3,6,21.08,1,Domicilio,3,AVIACION,0,50,52.0,1
01e42915-c712-433d-bd9f-138cca74ae47,2024-03-23,3,6,22.5,1,Domicilio,3,AVIACION,0,50,31.0,0
a92fe317-2a80-4e1f-afd3-d14603861107,2024-03-24,3,7,18.67,1,Recoger en tienda,4,LOCAL,0,30,37.0,1
62ced05a-a339-4d3d-b9e0-cbe93c241bfc,2024-03-25,3,1,19.08,0,Domicilio,6,AVIACION,0,50,54.0,1
abbcdf20-9407-4a92-a19f-d95e87735e93,2024-03-26,3,2,14.75,0,Domicilio,2,LOS CANTORES,0,50,43.0,0
2edea245-9584-49e3-9916-dad7fe276956,2024-03-26,3,2,15.58,0,Domicilio,4,ROJO GOMEZ,0,50,49.0,0
f1411df5-450f-4f11-b1b4-67f6630d5336,2024-03-26,3,2,18.75,0,Domicilio,1,LOS CANTORES,0,50,41.0,0
e6c45c59-0644-4234-b1b7-ae583f9f7fe4,2024-03-27,3,3,19.25,0,Domicilio,1,TODOS POR HIDALGO,0,50,36.0,0
4f01e996-020d-4459-a6ec-04ae83ef809a,2024-03-27,3,3,21.25,0,Recoger,6,LOCAL,0,30,46.0,1
1dc637c3-ed70-4a19-9f07-737b93b34676,2024-03-27,3,3,23.25,0,Domicilio,2,AVIACIÓN CIVIL,0,50,31.0,0
13b4d3a0-e775-4c38-a22a-521f49392fd6,2024-03-28,3,4,13.25,0,Recoger,1,LOCAL,0,30,17.0,0
67facc1d-df1b-40e0-8eaa-db341e9d58bb,2024-03-28,3,4,19.42,0,Domicilio,4,TRES CRUCES,0,50,50.0,0
e45c6c28-c7b3-4320-9651-28418e603614,2024-03-28,3,4,19.5,0,Recoger,3,LOCAL,1,30,35.0,1
d11b539e-8336-43a9-a7ce-c51a582574a2,2024-03-28,3,4,20.17,0,Mostrador,2,LOCAL,0,30,31.0,1
f1890169-0443-460f-a3e2-9666ecbc10ea,2024-03-28,3,4,21.75,0,Domicilio,4,LOS CANTORES,0,50,51.0,1
5964372c-17b4-431b-9402-b42507d5add6,2024-03-29,3,5,14.33,0,Domicilio,6,LOS CANTORES,0,50,53.0,1
c3e9c694-476d-46d0-8825-10648d44873c,2024-03-29,3,5,19.67,0,Recoger,2,LOCAL,0,30,29.0,0
033acefe-460b-4708-b4c7-55f2349967b2,2024-03-29,3,5,20.92,0,Mostrador,6,LOCAL,0,30,49.0,1
a34bc407-1885-40c9-91ad-aa428baeb79e,2024-03-29,3,5,21.5,0,Recoger en tienda,2,LOCAL,0,30,35.0,1
f146497d-eeda-4577-9f4a-acdc5cb0c1e5,2024-03-30,3,6,18.5,1,Domicilio,4,SANTA IRENE,0,50,51.0,1
a271a958-85e0-4773-99b5-9c1746f88e3f,2024-03-31,3,7,19.58,1,Domicilio,2,CHACATITLA,0,50,50.0,0
ebf9cdf0-531e-49a1-b6cc-1526ee6056f9,2024-04-01,4,1,16.5,0,Recoger,3,LOCAL,0,30,20.0,0
91da7e55-0255-4f60-a860-7a8196dd5dfd,2024-04-01,4,1,20.83,0,Domicilio,4,LOS CANTORES,0,50,58.0,1
a376aef0-547a-4f1c-b29e-bb6183469e31,2024-04-02,4,2,17.5,0,Mostrador,2,LOCAL,0,30,24.0,0
4cf43308-2dc7-4b26-af1b-2d9a5d4f3cbd,2024-04-02,4,2,18.0,0,Recoger,3,LOCAL,1,30,35.0,1
7c751ddc-6746-4f8d-9a70-b2476a373099,2024-04-03,4,3,18.75,0,Domicilio,3,LA LOMITA,0,50,52.0,1
c83a0046-c74c-4f03-86e5-79ba1b08764e,2024-04-03,4,3,21.83,0,Domicilio,5,PARQUE DE POBLAMIENTO,0,50,63.0,1
31db57d9-4d91-4325-bd6a-5d06e1e039dd,2024-04-04,4,4,18.5,0,Recoger en tienda,5,LOCAL,0,30,35.0,1
55107e2a-7c9c-4404-ad4f-1fefbedd75b0,2024-04-04,4,4,18.58,0,Recoger,5,LOCAL,1,30,44.0,1
3d88f248-e785-4057-91bf-c8f64f6adf77,2024-04-04,4,4,20.25,0,Domicilio,2,TODOS POR HIDALGO,0,50,50.0,0
14d3e783-a757-46c1-996b-6a0a3637f7e4,2024-04-04,4,4,21.25,0,Recoger,4,LOCAL,0,30,37.0,1
120f56e1-d82f-432c-8f08-e680ce5e2980,2024-04-04,4,4,21.42,0,Domicilio,2,PARQUE DE POBLAMIENTO,1,50,55.0,1
d4cd1b6b-721b-491b-a48a-bb35ba7ae8a5,2024-04-05,4,5,15.0,0,Domicilio,1,TODOS POR HIDALGO,0,50,35.0,0
e1775c24-f84e-4bd8-ac7d-b65d39396ea0,2024-04-05,4,5,17.17,0,Domicilio,3,LOS CANTORES,0,50,53.0,1
cd15283a-22ea-4051-880c-c2f1d47e2111,2024-04-05,4,5,18.42,0,Domicilio,1,LA LOMITA,0,50,34.0,0
32ed0461-73cb-49d0-88ed-323b22113752,2024-04-05,4,5,18.92,0,Domicilio,2,PARQUE DE POBLAMIENTO,1,50,47.0,0
385c2fbf-c61d-4d4e-83aa-84de1021b625,2024-04-05,4,5,19.5,0,Mostrador,3,LOCAL,0,30,39.0,1
1198155f-6951-4d31-8ad0-a20e9484a4d3,2024-04-05,4,5,21.42,0,Domicilio,5,TODOS POR HIDALGO,0,50,54.0,1
7c424f53-5f6f-45a7-8895-c1176305c3db,2024-04-05,4,5,23.17,0,Domicilio,1,CHACATITLA,0,50,34.0,0
d535ab6f-b6a1-431d-92d3-cf5d84af4bf8,2024-04-06,4,6,13.42,1,Recoger,3,LOCAL,0,30,27.0,0
4211f2d1-eb92-4b75-885e-55aff7e0cd17,2024-04-06,4,6,13.58,1,Domicilio,3,PARQUE DE POBLAMIENTO,1,50,43.0,0
f8a82bc5-83e4-4288-a6b5-8d9091121bfa,2024-04-06,4,6,21.42,1,Domicilio,7,ROJO GOMEZ,0,50,68.0,1
46583241-8281-4f97-bde3-df505d3d2b78,2024-04-07,4,7,19.25,1,Domicilio,1,CENTRO,0,50,33.0,0
c341dfdb-a745-4716-8250-d04fc8568f77,2024-04-08,4,1,13.5,0,Mostrador,3,LOCAL,0,30,27.0,0
f1d1a6af-c1b3-440a-98b1-89236995ed84,2024-04-08,4,1,20.67,0,Recoger en tienda,2,LOCAL,0,30,31.0,1
6684d8e6-9bec-4407-b2b0-24c3aff29ef7,2024-04-08,4,1,22.17,0,Recoger,2,LOCAL,0,30,22.0,0
a13b8002-a9f7-463f-bf6b-aff7f8441cc3,2024-04-09,4,2,13.92,0,Mostrador,6,LOCAL,0,30,40.0,1
98e632d2-a55b-472d-b4e2-467b098ba596,2024-04-09,4,2,19.58,0,Domicilio,2,CHACATITLA,0,50,47.0,0
1d02072f-2aab-4974-a3ee-16ed039e5a5a,2024-04-10,4,3,17.83,0,Recoger,2,LOCAL,0,30,25.0,0
d8d04802-dfb1-4fb8-ad37-572b2aec25cc,2024-04-10,4,3,18.42,0,Recoger,1,LOCAL,0,30,26.0,0
c4c53f56-68ce-4ddb-acf1-ef73b73e70da,2024-04-10,4,3,20.92,0,Domicilio,5,AVIACION,0,50,51.0,1
61a5990d-eb2c-4c09-bf62-dba11c2272e0,2024-04-10,4,3,22.58,0,Domicilio,3,TODOS POR HIDALGO,0,50,43.0,0
9b6abc03-e0bf-40db-9265-364949fef731,2024-04-11,4,4,15.33,0,Recoger en tienda,2,LOCAL,0,30,18.0,0
b0f6ee33-9ad5-40de-9da5-725ff393769d,2024-04-11,4,4,19.0,0,Domicilio,3,PARQUE DE POBLAMIENTO,0,50,51.0,1
21a977d3-5d5a-47ff-bde4-e15a4693797e,2024-04-12,4,5,16.67,0,Recoger en tienda,2,LOCAL,0,30,25.0,0
f56b798d-f36d-4f5c-90d5-b9c428735f68,2024-04-12,4,5,20.42,0,Mostrador,3,LOCAL,0,30,41.0,1
54c9f72c-6084-4bc9-b382-b5a62acc133b,2024-04-13,4,6,16.42,1,Domicilio,1,ROJO GOMEZ,0,50,43.0,0
300734f1-42e1-4ae3-b5ec-677acec30367,2024-04-13,4,6,18.67,1,Domicilio,3,AVIACION,0,50,46.0,0
df90a0b7-e4d5-425b-83d7-1a782a028ccf,2024-04-13,4,6,19.08,1,Domicilio,2,AVIACIÓN CIVIL,1,50,53.0,1
181ea328-8627-43e9-838b-dce8d36dc322,2024-04-13,4,6,20.08,1,Recoger en tienda,6,LOCAL,0,30,42.0,1
aa0cbf80-b452-4052-93ff-dba30bc8a299,2024-04-13,4,6,20.25,1,Mostrador,5,LOCAL,1,30,47.0,1
5afced3f-bfbc-4645-9419-408caeb95367,2024-04-14,4,7,18.75,1,Recoger,4,LOCAL,0,30,44.0,1
e5126007-0b54-47d8-9ef1-bd509521c83f,2024-04-14,4,7,19.25,1,Recoger en tienda,6,LOCAL,1,30,58.0,1
7717d4c0-4149-4751-8dfa-ea5ff979b38b,2024-04-16,4,2,19.08,0,Recoger,2,LOCAL,0,30,29.0,0
5ee2ee27-d554-4d9a-8870-7ffd0ff2b8b7,2024-04-16,4,2,19.67,0,Recoger,3,LOCAL,0,30,33.0,1
bbd0c16e-b2b9-4be3-a289-60f803099796,2024-04-16,4,2,23.5,0,Mostrador,4,LOCAL,0,30,32.0,1
141874a1-7d0b-4a83-b831-e33bb172113b,2024-04-17,4,3,14.08,0,Domicilio,3,AVIACION,0,50,47.0,0
a677f53d-37ed-40f8-9743-41bc221d7be2,2024-04-17,4,3,18.08,0,Domicilio,2,TRES CRUCES,0,50,48.0,0
97fdb103-ca40-4cec-9ea0-578958da349f,2024-04-18,4,4,16.75,0,Domicilio,1,AVIACIÓN CIVIL,0,50,30.0,0
87e1a1a0-600b-473c-b104-e3488658c5b5,2024-04-19,4,5,13.83,0,Domicilio,2,ROJO GOMEZ,0,50,38.0,0
c966ca5a-1d8c-49b7-b93c-2f027bcf70cb,2024-04-19,4,5,16.83,0,Domicilio,1,LOS CANTORES,0,50,39.0,0
711df640-9a8a-48fb-b10e-4e88b4a861db,2024-04-19,4,5,18.08,0,Recoger,3,LOCAL,0,30,36.0,1
8c1feb27-f951-4066-bc1d-abc99f813d13,2024-04-19,4,5,22.83,0,Recoger en tienda,2,LOCAL,0,30,21.0,0
e68e94d1-e030-4cc2-b4e3-b1bbb63d7e56,2024-04-20,4,6,16.25,1,Recoger en tienda,3,LOCAL,0,30,29.0,0
a43193b9-7c80-4657-9d9e-6d3eacd20b83,2024-04-20,4,6,16.33,1,Domicilio,4,ROJO GOMEZ,1,50,60.0,1
07fb5cc5-8f8e-44f7-873a-c9b67863df11,2024-04-20,4,6,20.33,1,Recoger en tienda,4,LOCAL,0,30,39.0,1
cf3ac1be-fc3e-4517-bec3-ee64648da03a,2024-04-20,4,6,21.08,1,Domicilio,3,AVIACION,0,50,49.0,0
d0b17da5-9532-4b77-8685-e1b4f5efc7c7,2024-04-20,4,6,21.08,1,Domicilio,5,CENTRO,1,50,48.0,0
33782eb5-8d35-4f4d-9dce-dff9931bf912,2024-04-20,4,6,21.75,1,Domicilio,4,LOS CANTORES,0,50,58.0,1
e6eed82b-9a63-44e6-a4e2-947c3a2b3aea,2024-04-20,4,6,22.58,1,Domicilio,4,TRES CRUCES,0,50,52.0,1
24322192-68db-44bc-b85e-5b727dd9ac93,2024-04-21,4,7,13.42,1,Domicilio,2,TODOS POR HIDALGO,0,50,41.0,0
46fb110a-9a29-41a5-b1fa-8440bea53d96,2024-04-21,4,7,15.33,1,Recoger en tienda,1,LOCAL,0,30,28.0,0
aa081efb-8cf9-46b1-9dd6-0abe1554c9d8,2024-04-21,4,7,18.0,1,Domicilio,4,AVIACIÓN CIVIL,0,50,56.0,1
580d0259-6d8e-4390-a8c2-68a2a9145419,2024-04-21,4,7,19.08,1,Recoger,2,LOCAL,0,30,30.0,0
c8d428b1-6667-4b34-a485-bf23a42094e8,2024-04-21,4,7,19.42,1,Recoger,1,LOCAL,1,30,30.0,0
daa6eb2c-d95e-4fe2-9f1e-7115142125ea,2024-04-21,4,7,21.17,1,Recoger en tienda,2,LOCAL,0,30,38.0,1
a96d2c95-03aa-4341-99c2-cbe276f57c3d,2024-04-21,4,7,21.5,1,Mostrador,7,LOCAL,1,30,68.0,1
8c88be28-cb79-422f-a6b9-1b07a3037b66,2024-04-21,4,7,23.5,1,Recoger en tienda,4,LOCAL,0,30,35.0,1
c255759d-9292-431b-970f-9faf7fe780ff,2024-04-22,4,1,22.92,0,Recoger,3,LOCAL,0,30,20.0,0
a49cf16e-db8a-4f1a-9704-731bf8384acb,2024-04-23,4,2,16.67,0,Mostrador,1,LOCAL,0,30,18.0,0
41735ad4-19a2-4927-be5c-1c1737f418c8,2024-04-23,4,2,19.58,0,Recoger,5,LOCAL,0,30,38.0,1
2b280ab0-a451-4e05-b9ac-3f8dbf2d014f,2024-04-23,4,2,21.75,0,Recoger en tienda,1,LOCAL,0,30,22.0,0
6cd5302d-41b4-4665-a7a1-8f3a62ad8ffc,2024-04-24,4,3,20.17,0,Mostrador,4,LOCAL,0,30,38.0,1
a30e99c6-82df-405f-a322-062c840bba4f,2024-04-24,4,3,20.5,0,Recoger,5,LOCAL,1,30,44.0,1
3b98dcf4-e1e2-4370-a2f2-1c83aefdd133,2024-04-24,4,3,23.17,0,Domicilio,2,PARQUE DE POBLAMIENTO,0,50,28.0,0
aae5a671-1f60-4abe-8ac9-ae9b482c9c1a,2024-04-24,4,3,23.83,0,Domicilio,2,LA LOMITA,0,50,30.0,0
59dd3f2b-bf17-4674-92d5-5b6ef263b638,2024-04-26,4,5,16.58,0,Recoger en tienda,5,LOCAL,0,30,35.0,1
65efaf23-5240-4e16-a172-b36f74460071,2024-04-26,4,5,21.17,0,Domicilio,3,CENTRO,0,50,48.0,0
3751b063-bf35-473b-b60d-e26021d891e5,2024-04-26,4,5,22.08,0,Recoger,2,LOCAL,0,30,27.0,0
dc84dcc0-2588-4871-821c-8d9fae574143,2024-04-27,4,6,14.83,1,Mostrador,4,LOCAL,0,30,37.0,1
4d5e3623-0c46-4fae-b6d7-af5b75dbfbe1,2024-04-27,4,6,16.08,1,Domicilio,3,AVIACIÓN CIVIL,0,50,46.0,0
b18ffa70-f26b-46dc-a363-ae4943a62298,2024-04-27,4,6,20.17,1,Recoger,4,LOCAL,0,30,49.0,1
fcb8d060-5741-4a19-be20-21dca7ff5cc9,2024-04-27,4,6,20.33,1,Domicilio,2,COLALAMBRE,1,50,53.0,1
f9eb25da-6fbe-417b-b28c-2ed33b753e9d,2024-04-27,4,6,20.58,1,Mostrador,2,LOCAL,2,30,36.0,1
712cd0c5-0bb7-4de2-be1d-fdbb809c895d,2024-04-27,4,6,22.5,1,Domicilio,5,SANTA IRENE,0,50,61.0,1
b6128537-3998-4ab9-9cf4-529cbf0441e7,2024-04-28,4,7,17.58,1,Domicilio,2,COLALAMBRE,0,50,45.0,0
b1231cea-039e-49a4-bba9-76f25625deeb,2024-04-28,4,7,18.0,1,Recoger en tienda,4,LOCAL,1,30,40.0,1
2867274f-e052-412d-90eb-a7516950e6cb,2024-04-28,4,7,18.42,1,Recoger en tienda,1,LOCAL,1,30,30.0,0
c78715c3-ef02-4eea-b387-017e57ec45db,2024-04-28,4,7,18.42,1,Recoger en tienda,3,LOCAL,2,30,40.0,1
57075189-fc9c-42ac-bc4e-2a5cf402e3a2,2024-04-30,4,2,13.25,0,Mostrador,3,LOCAL,0,30,23.0,0
fb73d491-8d5d-49e8-9ff0-cd05030377a6,2024-04-30,4,2,20.42,0,Recoger,1,LOCAL,0,30,22.0,0
dffe23f3-901a-4229-9674-c5b66b4dce1c,2024-05-01,5,3,14.42,0,Recoger,2,LOCAL,0,30,18.0,0
e0277c14-8c9a-4c36-b9e5-5e134b72d5f0,2024-05-01,5,3,19.75,0,Recoger en tienda,3,LOCAL,0,30,30.0,0
3aa2cb01-b545-45ec-a1e1-481043e8987b,2024-05-01,5,3,20.17,0,Mostrador,3,LOCAL,1,30,43.0,1
bb8f787e-e850-447c-afcc-7b4742c46f6f,2024-05-01,5,3,21.08,0,Recoger,2,LOCAL,0,30,34.0,1
9e4a9296-830a-4d6d-a6ac-f9241828603f,2024-05-02,5,4,21.0,0,Domicilio,4,AVIACIÓN CIVIL,0,50,52.0,1
d2500655-c092-46a7-936f-16d3d589f952,2024-05-02,5,4,21.5,0,Domicilio,3,ROJO GOMEZ,1,50,51.0,1
d0a05b07-a07f-46cc-bfc0-20cc9c45ce6b,2024-05-02,5,4,21.75,0,Recoger,1,LOCAL,1,30,26.0,0
d77e13e3-4bb9-40dd-afb4-52ea5f3622d2,2024-05-02,5,4,23.25,0,Mostrador,3,LOCAL,0,30,27.0,0
35fe7583-78cb-4fb3-9957-8b23be391e11,2024-05-03,5,5,16.58,0,Mostrador,3,LOCAL,0,30,18.0,0
9056aeca-be51-4587-9251-a8eb8a1cbc8c,2024-05-03,5,5,21.0,0,Recoger en tienda,1,LOCAL,0,30,19.0,0
7ff8ef4e-032c-4937-9814-dca20ca64033,2024-05-03,5,5,21.08,0,Domicilio,5,SANTA IRENE,1,50,67.0,1
50513af8-e1e3-476e-945d-a3c5c8238831,2024-05-04,5,6,19.67,1,Recoger,2,LOCAL,0,30,39.0,1
44231bd9-4c5c-41f9-9bf2-c8783f3b85d2,2024-05-05,5,7,18.58,1,Mostrador,4,LOCAL,0,30,40.0,1
f4e29861-329e-478f-8fa6-b1e805eda005,2024-05-05,5,7,19.42,1,Recoger en tienda,5,LOCAL,0,30,47.0,1
aec4937b-66d8-44ba-97a9-46416a95fa48,2024-05-05,5,7,20.92,1,Recoger en tienda,2,LOCAL,0,30,34.0,1
0d26bc08-8499-462b-8616-4f1ff39a6d35,2024-05-05,5,7,21.25,1,Recoger en tienda,2,LOCAL,1,30,38.0,1
3f6d830c-162b-4e2e-a015-06380199bf8c,2024-05-06,5,1,15.08,0,Domicilio,2,LOS CANTORES,0,50,34.0,0
176925a0-e248-4729-b7af-8f4c4cdc7c0a,2024-05-06,5,1,21.08,0,Recoger,2,LOCAL,0,30,28.0,0
0a24cee4-805c-40bb-8a7b-3732ef4718f8,2024-05-07,5,2,18.67,0,Recoger en tienda,2,LOCAL,0,30,26.0,0
62bff26b-9890-46c5-bda8-e2744e73b51a,2024-05-08,5,3,13.08,0,Recoger en tienda,6,LOCAL,0,30,40.0,1
b24eedbd-9b39-43f4-a0ec-c6dced8e860c,2024-05-08,5,3,19.17,0,Domicilio,4,AVIACIÓN CIVIL,0,50,44.0,0
5358ab91-e92b-4762-8d29-590a3dd39fd5,2024-05-08,5,3,20.75,0,Recoger,2,LOCAL,0,30,27.0,0
ee550762-2503-45c4-adae-6612fa1deddb,2024-05-08,5,3,20.83,0,Recoger,4,LOCAL,1,30,40.0,1
2bff97d0-dd9a-4e6b-9426-ae820c9b17f6,2024-05-09,5,4,20.42,0,Domicilio,4,CENTRO,0,50,45.0,0
92780a0c-415c-4e84-a6a5-cabfcbc3ddef,2024-05-09,5,4,20.5,0,Mostrador,3,LOCAL,1,30,33.0,1
3a0d0369-5f33-468f-b95a-eb7e0fb24cd4,2024-05-10,5,5,16.08,0,Mostrador,2,LOCAL,0,30,25.0,0
27656179-848c-44b8-9a94-3f06675e9f67,2024-05-11,5,6,21.58,1,Mostrador,6,LOCAL,0,30,47.0,1
1d45993c-217f-4dc9-9340-7e9c5e8cc18c,2024-05-12,5,7,15.33,1,Recoger en tienda,2,LOCAL,0,30,25.0,0
df7b5863-13ff-413e-8573-0613e986d32a,2024-05-12,5,7,18.33,1,Domicilio,1,PARQUE DE POBLAMIENTO,0,50,52.0,1
17ce9b62-46de-4082-a18f-ca004e2855c4,2024-05-13,5,1,20.0,0,Recoger en tienda,1,LOCAL,0,30,23.0,0
c3de178f-4137-454d-808c-cde14a39a2e6,2024-05-13,5,1,23.42,0,Domicilio,1,TRES CRUCES,0,50,35.0,0
91e8674c-f2f1-4caa-b92e-a03e89cbe245,2024-05-14,5,2,16.75,0,Domicilio,1,ROJO GOMEZ,0,50,34.0,0
1840d520-705c-4767-92e8-b003ce7f0665,2024-05-14,5,2,18.08,0,Recoger en tienda,3,LOCAL,0,30,32.0,1
53e2384c-f98e-46e3-a8a4-13416cf4e1fb,2024-05-14,5,2,18.75,0,Recoger en tienda,4,LOCAL,0,30,29.0,0
45354a6b-217d-4f26-b44a-aef22d3584a4,2024-05-14,5,2,21.0,0,Recoger en tienda,4,LOCAL,0,30,42.0,1
65a59351-a630-458d-99bc-a8a36a5c7e39,2024-05-14,5,2,22.17,0,Domicilio,3,COLALAMBRE,0,50,40.0,0
843d0f4b-ce17-44e1-a9a2-7620ac43fa95,2024-05-15,5,3,22.25,0,Domicilio,1,TRES CRUCES,0,50,38.0,0
f54dbfa2-f0b5-4bfd-be29-18a68b9c2e8e,2024-05-16,5,4,16.83,0,Domicilio,5,TRES CRUCES,0,50,50.0,0
24b3b202-3af1-4e38-9bd4-0977320cce17,2024-05-16,5,4,19.0,0,Recoger,2,LOCAL,0,30,26.0,0
9c57e06d-fe22-46bc-925a-1beae996e01b,2024-05-16,5,4,21.17,0,Mostrador,5,LOCAL,0,30,41.0,1
326b0220-c5c4-44bd-864c-eef4996e266e,2024-05-17,5,5,21.33,0,Recoger,3,LOCAL,0,30,27.0,0
ad776696-cb43-44c6-a39b-56a5391d9c18,2024-05-17,5,5,23.58,0,Recoger,2,LOCAL,0,30,18.0,0
cf160a4f-bdbf-4eeb-9df3-12767c27a33d,2024-05-17,5,5,23.75,0,Recoger en tienda,1,LOCAL,1,30,25.0,0
75ab0242-8e08-4b62-a6d0-be0496160267,2024-05-18,5,6,14.83,1,Domicilio,4,AVIACIÓN CIVIL,0,50,49.0,0
224bb450-ad67-411b-adad-1b60918d3d3c,2024-05-18,5,6,18.92,1,Domicilio,6,AVIACION,0,50,60.0,1
05e5fd98-5650-4fb3-86d4-884e1c30d0dd,2024-05-18,5,6,23.67,1,Domicilio,3,AVIACION,0,50,47.0,0
70770863-1faa-4686-a868-246215109d81,2024-05-19,5,7,18.75,1,Mostrador,2,LOCAL,0,30,28.0,0
6a676a99-1f0f-479d-9162-c98bcd245a43,2024-05-19,5,7,19.33,1,Recoger en tienda,6,LOCAL,0,30,48.0,1
0db5a2c2-c484-4ae0-9c5f-b257662c782d,2024-05-19,5,7,19.92,1,Recoger en tienda,4,LOCAL,0,30,40.0,1
06dcf132-c4da-4cc6-b36f-9282c0033506,2024-05-19,5,7,20.83,1,Recoger en tienda,7,LOCAL,0,30,57.0,1
06aee90b-1bc8-4269-b2bc-45203fd61b09,2024-05-20,5,1,13.25,0,Domicilio,2,CHACATITLA,0,50,40.0,0
5d0ec958-7abe-48e7-a314-c8b6a565ac48,2024-05-20,5,1,18.17,0,Recoger en tienda,3,LOCAL,0,30,27.0,0
856bd430-c68d-471e-b7c1-af1a304061be,2024-05-20,5,1,21.0,0,Domicilio,1,PARQUE DE POBLAMIENTO,0,50,36.0,0
779c212c-941c-494b-ae37-35e728bdde70,2024-05-20,5,1,21.92,0,Recoger en tienda,2,LOCAL,0,30,23.0,0
9dc4ba86-5749-49ae-8d5c-c1bd6f1a43ae,2024-05-20,5,1,22.92,0,Domicilio,2,AVIACION,0,50,41.0,0
40398f94-d1ec-445a-b9d3-b01b44b13416,2024-05-21,5,2,18.0,0,Domicilio,3,PARQUE DE POBLAMIENTO,0,50,49.0,0
bf62defb-a6c6-4796-a047-2c127678a7f1,2024-05-21,5,2,18.75,0,Recoger en tienda,3,LOCAL,0,30,35.0,1
6a9eac14-c536-44ea-90e7-254c82d68259,2024-05-21,5,2,20.5,0,Domicilio,5,CENTRO,0,50,49.0,0
594fa20e-d559-4f74-94d8-97176ffc0553,2024-05-21,5,2,22.08,0,Domicilio,4,COLALAMBRE,0,50,46.0,0
e6697620-ddba-4c86-9729-adfcdbdb2dfd,2024-05-22,5,3,18.0,0,Domicilio,1,TODOS POR HIDALGO,0,50,42.0,0
6d60a156-9072-41d8-8c9f-4ff05ea94b45,2024-05-22,5,3,21.67,0,Recoger,2,LOCAL,0,30,35.0,1
71daaf09-fe43-432f-a7a7-9ac7cf00df9d,2024-05-23,5,4,16.33,0,Mostrador,1,LOCAL,0,30,24.0,0
f808f7d5-9add-41e7-bac7-7a67a7eb603d,2024-05-24,5,5,13.42,0,Domicilio,3,TODOS POR HIDALGO,0,50,42.0,0
878a5e31-dae4-43e9-bcf7-d000869a1c01,2024-05-24,5,5,21.42,0,Domicilio,4,CHACATITLA,0,50,59.0,1
afe15cb5-91a9-4035-ba3b-6435ccb9b86e,2024-05-24,5,5,22.33,0,Mostrador,5,LOCAL,0,30,34.0,1
09dc3112-39ba-4dd8-b515-70314b63b491,2024-05-25,5,6,13.5,1,Domicilio,5,LA LOMITA,0,50,59.0,1
7984f401-60b3-4adf-a327-19b5882481ec,2024-05-25,5,6,16.08,1,Recoger en tienda,3,LOCAL,0,30,25.0,0
5683da74-1264-4a1e-a20b-fdf932e79e2e,2024-05-25,5,6,17.75,1,Recoger,1,LOCAL,0,30,20.0,0
5b57c709-7a72-47af-aefd-de16b71cd34f,2024-05-25,5,6,19.33,1,Mostrador,6,LOCAL,0,30,49.0,1
c07d7c91-7755-42fa-9d35-478fd7bc2fcf,2024-05-25,5,6,21.17,1,Domicilio,2,TRES CRUCES,0,50,47.0,0
c84d78a7-b249-496a-bdb8-7e412d1a2c50,2024-05-25,5,6,23.17,1,Mostrador,1,LOCAL,0,30,19.0,0
af25f86c-a8cb-4cd2-8afd-26e9722d493b,2024-05-26,5,7,15.25,1,Recoger,5,LOCAL,0,30,37.0,1
54d01168-1822-40e7-964c-f11ed34a8407,2024-05-26,5,7,18.58,1,Mostrador,2,LOCAL,0,30,33.0,1
01e2cf0f-44c8-4a61-8e35-523d11e431f8,2024-05-26,5,7,19.08,1,Recoger,4,LOCAL,1,30,45.0,1
5f0719f0-7d7f-461e-a974-d8a43b4ded5d,2024-05-26,5,7,20.92,1,Recoger,4,LOCAL,0,30,45.0,1
ffeadb1c-0858-4016-b16e-aac4094f7b1f,2024-05-26,5,7,21.0,1,Domicilio,4,ROJO GOMEZ,1,50,63.0,1
69648b8b-2ada-4d8f-b84e-13e2200d455b,2024-05-26,5,7,21.67,1,Recoger,4,LOCAL,0,30,43.0,1
d9f7f5a2-a41d-4f4b-8d51-998731de1b91,2024-05-27,5,1,15.17,0,Domicilio,1,COLALAMBRE,0,50,31.0,0
1c8063bb-b11b-47b9-9255-c52a1d65fb0e,2024-05-27,5,1,23.75,0,Recoger en tienda,2,LOCAL,0,30,20.0,0
1e918c28-af67-4a19-878f-f649d8e659df,2024-05-28,5,2,18.83,0,Recoger en tienda,4,LOCAL,0,30,42.0,1
75940348-ee55-4e10-8029-a6a96c37c246,2024-05-28,5,2,22.08,0,Mostrador,2,LOCAL,0,30,25.0,0
e3ad55f6-6663-488d-a71c-0d52328c88d8,2024-05-29,5,3,14.0,0,Recoger en tienda,2,LOCAL,0,30,20.0,0
47e0ae90-b4e8-483a-938f-ee6d1601664b,2024-05-29,5,3,14.25,0,Recoger en tienda,4,LOCAL,1,30,30.0,0
c179a77b-07a4-47c1-9319-575b6fc738cd,2024-05-29,5,3,15.5,0,Domicilio,4,AVIACIÓN CIVIL,0,50,44.0,0
22a2c141-3809-48db-a2b5-36b3a7f9dc3b,2024-05-29,5,3,21.83,0,Domicilio,4,LA LOMITA,0,50,44.0,0
11220eeb-16db-4f82-9501-afe67246865a,2024-05-30,5,4,21.5,0,Domicilio,5,CENTRO,0,50,47.0,0
2df50fb7-8b50-423e-bc9e-95fcbf737153,2024-05-30,5,4,22.33,0,Mostrador,2,LOCAL,0,30,15.0,0
a186df35-3089-4934-a6b2-14567d19d8d5,2024-05-31,5,5,15.75,0,Mostrador,2,LOCAL,0,30,32.0,1
1fc0cfcf-f42b-4daf-a471-d6a515869f9c,2024-05-31,5,5,23.08,0,Domicilio,2,SANTA IRENE,0,50,33.0,0
5b65c23e-7e6b-4ea9-8ad3-0c0139fbf3db,2024-06-01,6,6,19.42,1,Domicilio,3,LA LOMITA,0,50,53.0,1
ebce1cc7-d656-4128-a8d8-6a61dec38829,2024-06-01,6,6,19.75,1,Recoger en tienda,3,LOCAL,1,30,40.0,1
9fde98ab-a0be-42cc-83dc-a86ae043f998,2024-06-01,6,6,20.0,1,Domicilio,4,LA LOMITA,1,50,53.0,1
2eecc716-2eed-48a0-8000-fb7cabe057b3,2024-06-01,6,6,20.08,1,Mostrador,6,LOCAL,2,30,49.0,1
d9b45877-e0ed-4721-b070-fa33089276fc,2024-06-02,6,7,15.75,1,Domicilio,1,SANTA IRENE,0,50,42.0,0
87a80143-137d-4e9e-a7d8-3d3e6e1c22fa,2024-06-02,6,7,19.58,1,Recoger en tienda,4,LOCAL,0,30,42.0,1
a01b91b6-9512-41c9-80c2-4f3a127cd8fa,2024-06-02,6,7,20.17,1,Recoger,2,LOCAL,0,30,28.0,0
db29fd65-5909-4858-bd8c-017ef8f95dff,2024-06-02,6,7,20.25,1,Mostrador,6,LOCAL,1,30,60.0,1
d48c9704-fa86-4f01-9801-60d33e55d397,2024-06-02,6,7,21.17,1,Domicilio,5,CENTRO,0,50,49.0,0
4e456fbf-d115-4718-a14e-ba63f7fdb41d,2024-06-04,6,2,13.33,0,Mostrador,4,LOCAL,0,30,34.0,1
a04958fb-493d-43ef-83b2-f6cac7e882a1,2024-06-04,6,2,16.33,0,Recoger,2,LOCAL,0,30,24.0,0
c24ebf95-22e0-4c62-b4f3-dba2439fe371,2024-06-04,6,2,17.75,0,Recoger en tienda,2,LOCAL,0,30,20.0,0
4fa1d3e7-43a1-4936-84a0-df7232942b3e,2024-06-04,6,2,23.83,0,Recoger,2,LOCAL,0,30,22.0,0
1b74d8ae-feb7-43cc-b83b-c0972f901a72,2024-06-05,6,3,19.17,0,Mostrador,4,LOCAL,0,30,43.0,1
1e82079f-db8a-4eae-9187-c626aee7e2aa,2024-06-05,6,3,21.25,0,Recoger,2,LOCAL,0,30,36.0,1
e6c7502f-3a4c-4ea3-be04-0422427e7bc8,2024-06-05,6,3,21.67,0,Domicilio,2,AVIACION,1,50,45.0,0
4b6651ff-d92c-4539-b35f-802f825fda26,2024-06-05,6,3,22.67,0,Recoger,3,LOCAL,0,30,26.0,0
ee49e36a-a673-4876-9c00-ccd91ea62944,2024-06-06,6,4,14.17,0,Recoger en tienda,1,LOCAL,0,30,15.0,0
4480701b-4f41-4054-9e79-59e9b6db674d,2024-06-06,6,4,21.08,0,Recoger en tienda,3,LOCAL,0,30,40.0,1
49b9163b-fda6-441e-97c2-859932ba418e,2024-06-07,6,5,18.25,0,Domicilio,2,ROJO GOMEZ,0,50,46.0,0
e8b702d2-31b1-4a77-99be-9a40fa4dbc3a,2024-06-07,6,5,19.08,0,Domicilio,3,LA LOMITA,0,50,49.0,0
7f5944eb-368f-4992-bea9-fc8ac84a2139,2024-06-07,6,5,19.5,0,Domicilio,2,SANTA IRENE,1,50,51.0,1
edd8b49d-1e53-4aee-8b7f-187e4635ef3b,2024-06-08,6,6,19.33,1,Recoger en tienda,5,LOCAL,0,30,51.0,1
fe5808be-eed7-446c-a578-21d34e6b2833,2024-06-08,6,6,20.42,1,Mostrador,2,LOCAL,0,30,29.0,0
721f5fde-8f66-484f-8c1e-20890c0fe72e,2024-06-08,6,6,23.33,1,Recoger,1,LOCAL,0,30,27.0,0
c9aa58ba-c9c2-49cf-a142-cf5b3d60c929,2024-06-09,6,7,17.0,1,Domicilio,1,TODOS POR HIDALGO,0,50,32.0,0
dad2f9b5-41ca-4467-be09-465922e4e28c,2024-06-09,6,7,18.25,1,Domicilio,3,TODOS POR HIDALGO,0,50,51.0,1
36bf840a-88fc-4927-bfaa-69b130487768,2024-06-09,6,7,18.42,1,Recoger,4,LOCAL,1,30,44.0,1
31d76608-cc1d-4871-8907-bc875060d1d2,2024-06-09,6,7,21.42,1,Domicilio,6,TODOS POR HIDALGO,0,50,65.0,1
e81c5250-0615-4137-8750-d24de66851c3,2024-06-10,6,1,16.25,0,Domicilio,2,LA LOMITA,0,50,35.0,0
e4cfb1fb-d462-4213-9924-b1acb5144831,2024-06-10,6,1,18.58,0,Recoger,3,LOCAL,0,30,33.0,1
b251d41f-dcf3-424e-83d5-ab6189130a4b,2024-06-10,6,1,19.75,0,Recoger,3,LOCAL,0,30,37.0,1
19cdc341-3fee-4bc8-9e99-136a5dadc21a,2024-06-10,6,1,19.75,0,Domicilio,2,PARQUE DE POBLAMIENTO,1,50,46.0,0
e522c77c-761f-4ab8-b2fc-04f52d6029c9,2024-06-10,6,1,22.58,0,Domicilio,2,SANTA IRENE,0,50,35.0,0
73173ac9-19c6-400d-82e8-1662c8ba6983,2024-06-10,6,1,22.92,0,Recoger en tienda,1,LOCAL,1,30,18.0,0
ba806d64-2a18-404f-971a-7d5c04d27dc3,2024-06-11,6,2,19.08,0,Recoger,2,LOCAL,0,30,41.0,1
d013d455-313f-43d4-8213-440f2b44d0fb,2024-06-11,6,2,21.92,0,Domicilio,2,TRES CRUCES,0,50,36.0,0
9038ea22-50d3-4e26-b7b7-e188c0a1c766,2024-06-11,6,2,23.08,0,Recoger,2,LOCAL,0,30,26.0,0
9d4d7761-f789-467e-ad74-ee6c195fca93,2024-06-12,6,3,20.75,0,Recoger,5,LOCAL,0,30,33.0,1
4229e66e-0690-486b-bae2-0472e8b03a10,2024-06-12,6,3,21.92,0,Domicilio,1,ROJO GOMEZ,0,50,43.0,0
348869c8-40ae-46c5-a6b9-8370793e3a29,2024-06-12,6,3,22.58,0,Domicilio,1,LOS CANTORES,0,50,41.0,0
1ac1da96-29cc-4928-ad88-2d11c348f9d8,2024-06-13,6,4,13.5,0,Domicilio,4,ROJO GOMEZ,0,50,52.0,1
1326aaaf-3a6b-47c2-afaf-539c12cb4f84,2024-06-13,6,4,19.67,0,Domicilio,4,TRES CRUCES,0,50,57.0,1
6fd864c4-18c5-4f31-bbc7-057b79d372ec,2024-06-13,6,4,20.25,0,Recoger en tienda,3,LOCAL,0,30,38.0,1
834a3b8c-fcf5-480a-8ed5-149e40b129cf,2024-06-13,6,4,22.42,0,Domicilio,3,AVIACION,0,50,34.0,0
106e314b-9a2c-4345-8d89-9532890a2008,2024-06-13,6,4,22.5,0,Domicilio,1,AVIACIÓN CIVIL,1,50,27.0,0
9ccb23b4-9aad-47db-8f76-d363a1cc8fe6,2024-06-14,6,5,18.33,0,Recoger en tienda,5,LOCAL,0,30,47.0,1
9431e2a5-dbb7-4ed2-a84b-ed060b8aebb3,2024-06-14,6,5,19.25,0,Recoger en tienda,1,LOCAL,0,30,28.0,0
e76d3ea9-4508-4845-9781-cbdf90dedeff,2024-06-14,6,5,19.92,0,Domicilio,1,TRES CRUCES,0,50,39.0,0
0ffe4b15-612c-4f3f-96d7-1d6bbd4bc7cb,2024-06-14,6,5,21.08,0,Mostrador,1,LOCAL,0,30,38.0,1
4462e54b-b04c-47eb-a15a-b9bc192624e1,2024-06-15,6,6,15.42,1,Mostrador,1,LOCAL,0,30,21.0,0
9e1cc96f-bab6-4891-9915-ede22b2f61ea,2024-06-15,6,6,15.58,1,Recoger,3,LOCAL,1,30,37.0,1
0217a235-94b6-4dee-b9fb-7f6a6346fe56,2024-06-15,6,6,20.83,1,Domicilio,5,SANTA IRENE,0,50,53.0,1
487d17a1-a03e-4590-99dc-eb5ffd17e967,2024-06-16,6,7,15.33,1,Domicilio,3,TRES CRUCES,0,50,49.0,0
2fd56653-a01e-415b-927d-75f0f9a9b439,2024-06-16,6,7,17.33,1,Recoger en tienda,2,LOCAL,0,30,25.0,0
fbe7d7df-3af5-4103-9c77-e946bac0900e,2024-06-16,6,7,19.17,1,Recoger en tienda,5,LOCAL,0,30,44.0,1
aeb2d825-dc45-4c88-826c-e98885bb66d7,2024-06-16,6,7,23.58,1,Recoger en tienda,4,LOCAL,0,30,30.0,0
d35e8b6c-2c00-4876-ba51-115f4deb8af3,2024-06-17,6,1,13.08,0,Domicilio,3,COLALAMBRE,0,50,41.0,0
b0337361-9194-4501-871d-9f22cbd5ee81,2024-06-17,6,1,18.25,0,Recoger,2,LOCAL,0,30,30.0,0
810b3f5d-3ad7-4f8e-94ef-10911ac11f23,2024-06-17,6,1,18.42,0,Domicilio,4,PARQUE DE POBLAMIENTO,1,50,59.0,1
255f15d0-ad6e-4df2-ba9c-10d89ea360fc,2024-06-17,6,1,20.92,0,Domicilio,1,LA LOMITA,0,50,37.0,0
3ce7c8e1-7a32-4d7a-8cdf-9fef7836b016,2024-06-17,6,1,23.17,0,Domicilio,2,AVIACIÓN CIVIL,0,50,35.0,0
b359dde3-bba0-448f-9e64-a17957dc7ad3,2024-06-18,6,2,18.75,0,Mostrador,3,LOCAL,0,30,38.0,1
c3fa8a64-a7ac-43cd-8e3b-05b9485a54dc,2024-06-18,6,2,19.67,0,Mostrador,2,LOCAL,0,30,34.0,1
beeb4f99-5b47-4309-b5db-c7ff4a0193a7,2024-06-18,6,2,21.42,0,Domicilio,7,AVIACION,0,50,68.0,1
c102c849-a9e3-4b03-bf38-aab952720d87,2024-06-19,6,3,16.83,0,Mostrador,2,LOCAL,0,30,15.0,0
6bdbda54-b35e-43fd-a24a-75d1dc10b4fa,2024-06-19,6,3,20.58,0,Recoger,1,LOCAL,0,30,25.0,0
ab97da35-42a9-4907-b25f-315ec77b06b2,2024-06-19,6,3,21.0,0,Recoger en tienda,3,LOCAL,1,30,36.0,1
93b980e0-7fbd-4bcc-aa5b-70518d75ae20,2024-06-19,6,3,22.42,0,Recoger en tienda,2,LOCAL,0,30,20.0,0
894e4667-d81a-4cf3-aac4-ba64a666e82e,2024-06-19,6,3,22.67,0,Recoger en tienda,1,LOCAL,1,30,19.0,0
bc2714fb-bfc3-45b8-bdf3-8e21dc73571c,2024-06-20,6,4,15.25,0,Domicilio,6,CHACATITLA,0,50,54.0,1
8920db70-2e28-40bc-b132-55e87f90c25c,2024-06-20,6,4,16.58,0,Recoger,1,LOCAL,0,30,17.0,0
0dae64e9-c742-4b5a-9428-6a8b1acc7cae,2024-06-20,6,4,18.17,0,Recoger,2,LOCAL,0,30,27.0,0
8460777d-c137-4b01-8204-b156c3ece065,2024-06-20,6,4,20.75,0,Domicilio,2,COLALAMBRE,0,50,42.0,0
3d45f1d1-6323-4027-a5e7-e9ed038f09ec,2024-06-21,6,5,16.83,0,Recoger en tienda,2,LOCAL,0,30,30.0,0
81864141-fe2c-4f38-b678-1291896e8ecc,2024-06-21,6,5,23.83,0,Domicilio,1,AVIACION,0,50,28.0,0
c8c29b90-b1a5-4c0e-a0db-d7edc18d62b8,2024-06-23,6,7,18.17,1,Recoger,3,LOCAL,0,30,41.0,1
d33f8d23-2f26-4c5c-aeda-6ff59d4be42f,2024-06-23,6,7,20.67,1,Mostrador,7,LOCAL,0,30,54.0,1
f5d2eabf-d821-457b-a3d3-be47918efd09,2024-06-24,6,1,15.58,0,Recoger en tienda,2,LOCAL,0,30,22.0,0
a88a1c35-8cec-4081-94d5-e36c92eebb57,2024-06-24,6,1,19.25,0,Recoger en tienda,1,LOCAL,0,30,24.0,0
4d0028fb-9cbd-4d6f-809c-48df6a527180,2024-06-24,6,1,21.75,0,Domicilio,2,ROJO GOMEZ,0,50,54.0,1
a98ce746-1180-4f01-ae05-171c65693aa8,2024-06-25,6,2,22.42,0,Domicilio,2,LA LOMITA,0,50,39.0,0
0dc65b18-54e3-484b-bb45-7909526507fb,2024-06-26,6,3,21.33,0,Domicilio,2,CHACATITLA,0,50,44.0,0
dca89863-e064-493c-bb58-d8c2b5b22e22,2024-06-26,6,3,21.67,0,Domicilio,2,COLALAMBRE,1,50,37.0,0
e13b0f5d-2160-4974-9fe6-f409dccd0839,2024-06-27,6,4,17.83,0,Domicilio,5,CHACATITLA,0,50,45.0,0
7af7a3f1-a885-4642-9c89-5254389ab2a3,2024-06-27,6,4,22.92,0,Domicilio,1,CENTRO,0,50,28.0,0
a618ccd1-f81f-49b0-8773-f5da36a76109,2024-06-28,6,5,22.25,0,Recoger,1,LOCAL,0,30,23.0,0
3a91853f-48ec-4aee-8cbc-48d20f932772,2024-06-29,6,6,17.17,1,Domicilio,5,PARQUE DE POBLAMIENTO,0,50,48.0,0
895521e6-aeaf-4d8a-83c4-53583acb1ce2,2024-06-29,6,6,21.25,1,Mostrador,5,LOCAL,0,30,44.0,1
5ab148d5-06e4-4306-b898-e7ecaaca733c,2024-06-29,6,6,23.75,1,Recoger,4,LOCAL,0,30,43.0,1
637494e8-4952-4e9e-8d7e-77a19a1bca2f,2024-06-30,6,7,18.25,1,Mostrador,3,LOCAL,0,30,29.0,0
e87196de-dd93-4e95-b399-9a75afbe4c64,2024-06-30,6,7,18.42,1,Domicilio,6,TRES CRUCES,1,50,71.0,1
c9a98885-0fbb-44d2-91d1-ab76b465fb23,2024-06-30,6,7,19.83,1,Domicilio,1,TRES CRUCES,0,50,45.0,0
ed603fb9-d18f-494c-bd68-be21db8c687f,2024-06-30,6,7,21.58,1,Recoger en tienda,5,LOCAL,0,30,34.0,1
484bd778-77ed-4603-8108-edf61f0fa981,2024-06-30,6,7,23.58,1,Recoger,3,LOCAL,0,30,34.0,1
750e38a1-ba2d-4083-9a91-47b0ec264933,2024-07-01,7,1,18.25,0,Domicilio,7,ROJO GOMEZ,0,50,72.0,1
3925ff22-b625-4c77-8868-c8027564775c,2024-07-01,7,1,19.75,0,Domicilio,2,COLALAMBRE,0,50,42.0,0
8896ec51-11d7-4284-90f6-00bc920e5c57,2024-07-02,7,2,13.08,0,Recoger en tienda,2,LOCAL,0,30,19.0,0
83859781-bcd7-42c4-b1c1-366f9fe868e0,2024-07-02,7,2,18.08,0,Domicilio,1,LOS CANTORES,0,50,38.0,0
3b679f16-65cc-465f-b518-1ebb889476ba,2024-07-02,7,2,19.42,0,Domicilio,1,SANTA IRENE,0,50,37.0,0
8a302378-f443-4ca9-8064-e1b3d4ad06ab,2024-07-03,7,3,13.42,0,Recoger en tienda,1,LOCAL,0,30,15.0,0
1ad014b5-902b-4f3a-9029-bdf41bbda8ef,2024-07-03,7,3,20.33,0,Recoger,1,LOCAL,0,30,22.0,0
20e66b1f-6e0c-4331-9676-b8971d77e00d,2024-07-03,7,3,21.0,0,Mostrador,1,LOCAL,0,30,27.0,0
e283e4d2-c683-47d8-97d9-d23308b62545,2024-07-04,7,4,19.25,0,Recoger,1,LOCAL,0,30,27.0,0
33ac19fc-ac0f-49aa-96ff-e00844cc19b1,2024-07-04,7,4,21.83,0,Recoger en tienda,2,LOCAL,0,30,30.0,0
10656ed1-0eaa-475b-9fe1-7d35d48fcdf7,2024-07-05,7,5,14.92,0,Domicilio,4,LOS CANTORES,0,50,40.0,0
3d13056e-af79-4754-8a42-2d2bee0170bd,2024-07-05,7,5,20.42,0,Recoger,3,LOCAL,0,30,30.0,0
c1a9cb52-8d67-48b3-b11e-25b5b54bbb62,2024-07-06,7,6,20.58,1,Recoger en tienda,3,LOCAL,0,30,32.0,1
c3344066-20a3-481f-8912-c65f5be57d4a,2024-07-07,7,7,16.83,1,Mostrador,6,LOCAL,0,30,39.0,1
425c69d5-f05a-4217-ba97-d757fbe17757,2024-07-07,7,7,19.83,1,Mostrador,3,LOCAL,0,30,45.0,1
eaf61143-d20d-4c04-9503-3b2d85fe6802,2024-07-07,7,7,22.25,1,Mostrador,1,LOCAL,0,30,19.0,0
9a74ece7-6e6c-4c55-9c0d-1ab8c251d4e0,2024-07-08,7,1,13.92,0,Domicilio,2,LA LOMITA,0,50,32.0,0
3169913c-8945-4b02-ba10-fbdc70a7ad21,2024-07-08,7,1,16.17,0,Recoger,3,LOCAL,0,30,24.0,0
2c379af3-d2fe-46d1-85af-6a53c9e0499d,2024-07-08,7,1,21.08,0,Recoger,3,LOCAL,0,30,28.0,0
15872ba0-9367-4f53-b29f-9964a8d56274,2024-07-09,7,2,14.75,0,Domicilio,4,TRES CRUCES,0,50,42.0,0
7b8ef0f9-5d07-4db3-be57-6478d8532c6b,2024-07-09,7,2,18.92,0,Mostrador,1,LOCAL,0,30,27.0,0
ef10579a-6f5b-42e7-9717-e033d8ca54dd,2024-07-09,7,2,21.75,0,Mostrador,2,LOCAL,0,30,32.0,1
5c7f0d4d-e051-44f9-9f7f-ed0ecee7d143,2024-07-09,7,2,21.83,0,Domicilio,4,PARQUE DE POBLAMIENTO,1,50,58.0,1
c74ae057-bb6d-4b57-822a-1b063000a7be,2024-07-10,7,3,15.25,0,Domicilio,1,COLALAMBRE,0,50,37.0,0
36dd3b55-f5a8-4a06-8e13-4fc408b3f225,2024-07-10,7,3,16.83,0,Recoger,6,LOCAL,0,30,37.0,1
878c5934-9750-4790-9e88-105365595854,2024-07-10,7,3,23.42,0,Domicilio,1,AVIACIÓN CIVIL,0,50,30.0,0
a6f8c376-bab5-4f44-9a2c-e7ea75732800,2024-07-10,7,3,23.92,0,Domicilio,2,CHACATITLA,1,50,39.0,0
31a65bd3-c209-43c7-bfb8-532dc89d2e4f,2024-07-11,7,4,14.0,0,Domicilio,3,LA LOMITA,0,50,47.0,0
b3126625-847b-431e-9ad3-979d01e89bd1,2024-07-12,7,5,16.83,0,Domicilio,1,SANTA IRENE,0,50,34.0,0
9354c066-e355-4c90-9914-4fc158f83443,2024-07-12,7,5,16.92,0,Domicilio,1,TRES CRUCES,1,50,36.0,0
72b5e822-cdb4-4e31-bd90-f162b2613ef3,2024-07-12,7,5,20.67,0,Domicilio,6,PARQUE DE POBLAMIENTO,0,50,61.0,1
4ed9aa4c-efb6-4ad5-9b37-cbf68f308a4d,2024-07-12,7,5,21.5,0,Domicilio,1,TODOS POR HIDALGO,0,50,43.0,0
0bc5dd81-54b1-423e-b7c5-9a442b35b55f,2024-07-13,7,6,15.42,1,Recoger,6,LOCAL,0,30,39.0,1
a909847a-3bbd-46be-99dd-d8d455142e34,2024-07-13,7,6,19.0,1,Domicilio,2,ROJO GOMEZ,0,50,52.0,1
b18f7fec-302e-42ba-837a-391138af8e06,2024-07-13,7,6,19.42,1,Recoger,5,LOCAL,1,30,52.0,1
7c50ce1e-8f22-44dc-a5f3-08cc0e07fab0,2024-07-13,7,6,22.58,1,Domicilio,1,AVIACIÓN CIVIL,0,50,36.0,0
8503842b-6a72-449a-a683-e82e4c76f26f,2024-07-14,7,7,15.75,1,Recoger,2,LOCAL,0,30,30.0,0
d0aaaeb9-2fe9-4227-97ae-eaf1ed38ba72,2024-07-15,7,1,13.25,0,Mostrador,3,LOCAL,0,30,25.0,0
f5b5c0ce-5bff-4315-9daf-3f938ccebf0e,2024-07-16,7,2,15.0,0,Domicilio,1,LA LOMITA,0,50,25.0,0
48bedfc7-fa6d-47c9-bf8b-70b8f882bc85,2024-07-16,7,2,18.0,0,Domicilio,2,AVIACION,0,50,44.0,0
edddcf86-37f2-4b04-beed-830b59b3c807,2024-07-17,7,3,18.0,0,Domicilio,2,ROJO GOMEZ,0,50,52.0,1
6b97f6e8-c185-41c9-a323-2211400cf349,2024-07-17,7,3,19.5,0,Mostrador,2,LOCAL,0,30,23.0,0
df638af2-2195-4565-8240-d0b84647f189,2024-07-17,7,3,20.25,0,Recoger,2,LOCAL,0,30,26.0,0
bcfc266c-a217-4887-8b10-33600c853e36,2024-07-19,7,5,18.75,0,Domicilio,2,PARQUE DE POBLAMIENTO,0,50,47.0,0
da76df3e-1e82-4345-ad76-730e808dac90,2024-07-19,7,5,19.25,0,Domicilio,2,CENTRO,1,50,39.0,0
cc0c8876-6261-485a-9c5e-a14a798303b1,2024-07-20,7,6,14.5,1,Recoger,2,LOCAL,0,30,21.0,0
dee3af39-62b7-4c24-b1d4-a5b09fe16a7e,2024-07-20,7,6,16.58,1,Domicilio,3,COLALAMBRE,0,50,46.0,0
01427184-13c1-499a-842d-da5577bbcfa9,2024-07-20,7,6,18.75,1,Recoger,2,LOCAL,0,30,31.0,1
aab9c2aa-806f-48b5-9e6b-0e96cd79fad7,2024-07-20,7,6,19.17,1,Domicilio,6,COLALAMBRE,1,50,70.0,1
26903143-2aae-4839-bbf3-46765090c767,2024-07-20,7,6,19.58,1,Domicilio,2,PARQUE DE POBLAMIENTO,1,50,56.0,1
3532d825-f2f1-478e-bef8-20e921d178ea,2024-07-21,7,7,19.33,1,Recoger,5,LOCAL,0,30,47.0,1
aa3bd60e-bff0-47e2-9f98-1ae457b0fd96,2024-07-21,7,7,19.83,1,Recoger,4,LOCAL,1,30,49.0,1
76dbb1dd-0f78-437b-88c3-fd1c9f10d734,2024-07-21,7,7,21.83,1,Recoger,2,LOCAL,0,30,29.0,0
3abda300-8a65-4091-85e9-4bff4dfdc8cc,2024-07-21,7,7,22.17,1,Mostrador,5,LOCAL,1,30,42.0,1
161ccf6d-5096-4976-92d2-ddb585fa728e,2024-07-21,7,7,22.17,1,Mostrador,4,LOCAL,2,30,36.0,1
ebd8cd96-7438-4744-a8b4-8aeb7a9eedbb,2024-07-22,7,1,18.58,0,Recoger en tienda,5,LOCAL,0,30,39.0,1
7e110f90-1682-438e-9552-21c85088ba6b,2024-07-22,7,1,23.33,0,Domicilio,1,AVIACION,0,50,33.0,0
725ba8cd-b01b-4c84-98de-523393ef663f,2024-07-23,7,2,22.25,0,Domicilio,6,AVIACIÓN CIVIL,0,50,54.0,1
b3e257de-06c4-4570-86c1-5c26a1347987,2024-07-24,7,3,14.0,0,Domicilio,3,LOS CANTORES,0,50,43.0,0
b4a31336-5026-42c1-bd5d-8a31f99d3aad,2024-07-24,7,3,18.83,0,Recoger en tienda,5,LOCAL,0,30,39.0,1
86355474-47f8-440d-9881-36c489e60452,2024-07-25,7,4,20.75,0,Recoger en tienda,6,LOCAL,0,30,44.0,1
90d8928c-9ca9-498e-b39c-6e2ba466b997,2024-07-26,7,5,18.67,0,Domicilio,3,PARQUE DE POBLAMIENTO,0,50,44.0,0
58740263-cba4-4c83-a7e5-33e7bc15dc91,2024-07-26,7,5,21.0,0,Domicilio,3,SANTA IRENE,0,50,46.0,0
a3c4d343-9db6-4966-851e-c42087a4e2f9,2024-07-27,7,6,14.0,1,Domicilio,3,TODOS POR HIDALGO,0,50,43.0,0
2d60cbc3-2913-455f-96a1-87a90b86d9b7,2024-07-27,7,6,14.83,1,Recoger,6,LOCAL,0,30,43.0,1
9781c471-ad17-4b2c-b67d-e59b96801e02,2024-07-27,7,6,19.58,1,Domicilio,2,SANTA IRENE,0,50,48.0,0
1a778403-248f-4823-8fc6-854b6da306d0,2024-07-27,7,6,21.5,1,Domicilio,3,CENTRO,0,50,45.0,0
d1667e58-398e-490f-b2dc-9c8fbead00f7,2024-07-28,7,7,17.25,1,Domicilio,2,TRES CRUCES,0,50,45.0,0
b22d5444-12d6-4088-82c3-12e4739868bc,2024-07-28,7,7,17.33,1,Domicilio,6,SANTA IRENE,1,50,64.0,1
c41d8387-440c-4821-91d9-17b6fe333e8a,2024-07-28,7,7,20.92,1,Recoger en tienda,3,LOCAL,0,30,33.0,1
c215ea6e-3a54-4583-88f3-de26289ff763,2024-07-28,7,7,21.42,1,Mostrador,7,LOCAL,1,30,58.0,1
f03c3362-2c0a-4aa0-b7da-eb490c78de38,2024-07-28,7,7,22.08,1,Domicilio,1,CHACATITLA,0,50,31.0,0
ee1d87a1-8a38-4c58-986e-e8db59dc9f35,2024-07-28,7,7,23.17,1,Domicilio,1,ROJO GOMEZ,0,50,40.0,0
0f075f21-c60d-4093-b9ee-3be1f71a9233,2024-07-29,7,1,16.67,0,Domicilio,6,CHACATITLA,0,50,61.0,1
4e51ac02-a34c-49ea-bdd3-e129f2c3edd5,2024-07-29,7,1,19.67,0,Domicilio,2,LOS CANTORES,0,50,46.0,0
09778321-ee1e-4ebc-af1f-789b6a8b24e5,2024-07-30,7,2,13.0,0,Recoger,3,LOCAL,0,30,20.0,0
bb07f57b-b7b3-41e7-ba4e-5d5dbc044852,2024-07-30,7,2,18.92,0,Domicilio,3,LA LOMITA,0,50,47.0,0
9e7d606d-3b40-4f92-a2b4-7dfac8ba981e,2024-07-31,7,3,19.0,0,Domicilio,1,TRES CRUCES,0,50,44.0,0
3c8f0da7-f9a5-46e5-bd35-c5f0e609145d,2024-07-31,7,3,23.83,0,Domicilio,5,CHACATITLA,0,50,45.0,0
06d82d0b-28d0-4f82-90f8-7a405dbf7d33,2024-08-01,8,4,16.33,0,Mostrador,3,LOCAL,0,30,27.0,0
6553d1d1-a9a4-4da8-99d9-e0e8e86540be,2024-08-01,8,4,19.0,0,Domicilio,4,TODOS POR HIDALGO,0,50,59.0,1
a803676e-65ba-4cdc-9a7c-927c5363c2dd,2024-08-01,8,4,23.08,0,Mostrador,2,LOCAL,0,30,19.0,0
a331fd7c-64ba-4d96-b0c1-0f95d36e892b,2024-08-02,8,5,17.25,0,Domicilio,1,TODOS POR HIDALGO,0,50,37.0,0
08236576-9f56-42c9-8ca0-a3b4f83dd4f7,2024-08-02,8,5,19.08,0,Recoger,1,LOCAL,0,30,27.0,0
595bd43e-183a-4567-b5c9-e42373d8d5e2,2024-08-02,8,5,21.08,0,Domicilio,1,PARQUE DE POBLAMIENTO,0,50,38.0,0
b220d6d1-71e1-4b0c-a1cd-f885d0d46171,2024-08-03,8,6,18.58,1,Recoger,3,LOCAL,0,30,34.0,1
d924706d-94dd-4a50-a51d-5677810a3c64,2024-08-03,8,6,18.92,1,Domicilio,2,COLALAMBRE,1,50,50.0,0
e30c0e41-9d68-4df9-993e-061543220869,2024-08-03,8,6,19.58,1,Recoger en tienda,3,LOCAL,0,30,42.0,1
8812a766-5203-4674-8b5a-b56cd3a39701,2024-08-03,8,6,20.58,1,Domicilio,3,AVIACIÓN CIVIL,0,50,51.0,1
5da28f3b-ddd2-48fb-a23a-4a70ed0b6bd6,2024-08-03,8,6,20.83,1,Recoger en tienda,2,LOCAL,1,30,38.0,1
e8735d82-d97d-4d4a-ba7f-1755928be3ee,2024-08-04,8,7,13.83,1,Recoger en tienda,4,LOCAL,0,30,35.0,1
62d461bd-6647-43c7-b87c-386cf1860934,2024-08-04,8,7,14.67,1,Recoger en tienda,2,LOCAL,0,30,30.0,0
d4d8076a-88f6-4a40-a2d2-7076545f9683,2024-08-04,8,7,15.42,1,Mostrador,3,LOCAL,0,30,35.0,1
d8517444-f368-4b73-9aa9-34985c2161bf,2024-08-04,8,7,19.67,1,Domicilio,4,SANTA IRENE,0,50,58.0,1
1f8857b9-05c2-490c-9aef-cddf92d89366,2024-08-04,8,7,20.17,1,Domicilio,4,TRES CRUCES,1,50,61.0,1
41167644-02a4-4006-b51d-8da93b50d6a0,2024-08-04,8,7,20.83,1,Mostrador,3,LOCAL,0,30,37.0,1
9e2116be-45d2-49e9-b0c9-a6a44111b76e,2024-08-04,8,7,22.67,1,Recoger,2,LOCAL,0,30,28.0,0
4dc940bb-31dd-486d-b862-229ac16ff43a,2024-08-04,8,7,22.75,1,Recoger,2,LOCAL,1,30,26.0,0
8e0c587c-e81a-4582-9f61-aefdf6bc2b35,2024-08-04,8,7,23.08,1,Recoger en tienda,4,LOCAL,2,30,40.0,1
b5a483c6-26f1-4180-aeb9-c30652627a3f,2024-08-05,8,1,13.83,0,Domicilio,1,SANTA IRENE,0,50,26.0,0
5552a895-f52d-468c-a882-fef83d3030e3,2024-08-05,8,1,21.17,0,Recoger,7,LOCAL,0,30,51.0,1
00db4253-fc8e-479b-a500-e311e3a66eeb,2024-08-06,8,2,14.75,0,Domicilio,1,ROJO GOMEZ,0,50,35.0,0
8b816077-ec97-439a-b350-d586f0b8dc79,2024-08-07,8,3,17.25,0,Domicilio,4,AVIACIÓN CIVIL,0,50,42.0,0
69fdf312-c239-485e-af8c-ba704e450d73,2024-08-07,8,3,19.5,0,Domicilio,5,SANTA IRENE,0,50,56.0,1
414483df-90cd-4480-9610-b1012b4c5642,2024-08-07,8,3,22.83,0,Domicilio,6,SANTA IRENE,0,50,63.0,1
8a3837d2-4a94-4511-a4e5-206ce824be55,2024-08-07,8,3,23.0,0,Domicilio,3,LOS CANTORES,1,50,49.0,0
bbdb3685-918b-41ce-8e02-e3d3fb4bd5da,2024-08-07,8,3,23.17,0,Domicilio,2,LA LOMITA,2,50,41.0,0
e21e8d6c-bacd-4e2c-ab5c-3bc2a24e6e47,2024-08-08,8,4,14.67,0,Domicilio,1,AVIACIÓN CIVIL,0,50,31.0,0
1c045470-66e1-4fe7-8b16-a9910053ee1d,2024-08-08,8,4,18.92,0,Domicilio,6,LOS CANTORES,0,50,60.0,1
ad85d650-2895-4718-abee-d525fe5a8df3,2024-08-09,8,5,14.75,0,Recoger,1,LOCAL,0,30,15.0,0
1b03eaa1-0982-4a28-b3a9-31899d4765d2,2024-08-09,8,5,20.08,0,Recoger,3,LOCAL,0,30,28.0,0
df14ecfd-4567-44fa-965c-1cb33d045bad,2024-08-09,8,5,20.75,0,Recoger,5,LOCAL,0,30,42.0,1
a3771ebc-945d-4a3c-b117-32f980145559,2024-08-09,8,5,22.58,0,Recoger,2,LOCAL,0,30,30.0,0
d2fc5267-71c7-4284-8e22-b828a7addbac,2024-08-09,8,5,23.83,0,Recoger,1,LOCAL,0,30,15.0,0
f9a03f15-3eba-4bba-a0fb-4847a714eff9,2024-08-10,8,6,13.0,1,Domicilio,1,LOS CANTORES,0,50,40.0,0
fb65d987-d140-4bb3-8b9e-61b39ac85c75,2024-08-10,8,6,22.67,1,Domicilio,1,CHACATITLA,0,50,32.0,0
78a0052e-3e95-40e8-a6d3-0e52e5469cf5,2024-08-10,8,6,23.17,1,Domicilio,2,TODOS POR HIDALGO,1,50,41.0,0
d2dbce06-1a1a-4163-9129-6bb213a05eee,2024-08-10,8,6,23.92,1,Recoger en tienda,2,LOCAL,0,30,23.0,0
cb744eea-dade-467f-b041-640c02b0217d,2024-08-11,8,7,14.17,1,Domicilio,5,PARQUE DE POBLAMIENTO,0,50,53.0,1
d15964cc-d535-4f77-8f2a-411032154908,2024-08-11,8,7,16.58,1,Recoger,4,LOCAL,0,30,34.0,1
2deddd4b-543c-4e21-b999-7d62db6906c2,2024-08-11,8,7,19.08,1,Recoger en tienda,3,LOCAL,0,30,40.0,1
66d08a53-fbd0-4c1e-b0aa-b63db13d9d58,2024-08-11,8,7,21.83,1,Domicilio,3,AVIACION,0,50,55.0,1
92f07944-cabe-40c4-a65f-aee5373316d2,2024-08-11,8,7,23.58,1,Recoger,3,LOCAL,0,30,30.0,0
dbbd4091-e876-4c4d-bbdd-f068b4b72922,2024-08-11,8,7,23.83,1,Domicilio,4,TRES CRUCES,1,50,49.0,0
0f0c2c2f-65d1-43d7-a035-4598970b1575,2024-08-12,8,1,19.92,0,Recoger en tienda,3,LOCAL,0,30,32.0,1
ac9c16cd-6025-4875-ac6c-a12911db632b,2024-08-13,8,2,20.17,0,Domicilio,2,PARQUE DE POBLAMIENTO,0,50,41.0,0
f2b45fdf-ebf6-4a55-9fec-b181dffd6896,2024-08-13,8,2,20.5,0,Recoger,3,LOCAL,1,30,33.0,1
fe827ef9-a6e1-4100-a4c0-6ee46c243650,2024-08-13,8,2,21.83,0,Recoger,2,LOCAL,0,30,33.0,1
42548828-daff-465a-8d9f-f9b61a7e550b,2024-08-14,8,3,15.33,0,Recoger,2,LOCAL,0,30,29.0,0
0cc5474d-ccb6-438f-b90b-c795eee7e43f,2024-08-14,8,3,20.0,0,Recoger,4,LOCAL,0,30,38.0,1
4745fc6f-34b7-4c8b-8640-c68f43f103c0,2024-08-14,8,3,21.08,0,Recoger en tienda,6,LOCAL,0,30,46.0,1
1dfca981-3dfc-4672-a903-138451283069,2024-08-14,8,3,23.33,0,Recoger en tienda,1,LOCAL,0,30,15.0,0
2ea69ded-c955-4c56-b06f-e2de32251397,2024-08-15,8,4,15.67,0,Domicilio,2,CHACATITLA,0,50,28.0,0
73bbd5b4-6dd2-4707-9339-2ae0d755899d,2024-08-15,8,4,18.33,0,Recoger en tienda,6,LOCAL,0,30,40.0,1
61ae1541-4d2d-4728-be17-6bc6eadd7055,2024-08-15,8,4,20.0,0,Recoger,3,LOCAL,0,30,27.0,0
723e466e-04a7-4f65-8532-62d4cbc48869,2024-08-15,8,4,21.42,0,Recoger,5,LOCAL,0,30,46.0,1
92374036-2c95-455e-b880-4e16fad75ef7,2024-08-15,8,4,22.42,0,Domicilio,6,ROJO GOMEZ,0,50,61.0,1
f0c4eec4-1efd-4e36-bd0d-be2a14c9709f,2024-08-16,8,5,15.83,0,Recoger en tienda,4,LOCAL,0,30,33.0,1
ab8430c1-ad9f-49e4-8e52-1d75e3b54617,2024-08-16,8,5,17.5,0,Domicilio,4,AVIACION,0,50,50.0,0
78ec49f5-f90f-4361-9aaa-3f318fb1a02a,2024-08-16,8,5,21.83,0,Recoger en tienda,4,LOCAL,0,30,39.0,1
129a3a63-a31c-41bd-94ec-5d2f58c0ce53,2024-08-17,8,6,20.0,1,Mostrador,5,LOCAL,0,30,45.0,1
8037a8d0-8319-4a40-bd64-bcbd80c44bbc,2024-08-17,8,6,23.83,1,Domicilio,4,TODOS POR HIDALGO,0,50,54.0,1
4ef1239e-02c1-4417-bb71-4fc855ce90ab,2024-08-18,8,7,19.5,1,Recoger,2,LOCAL,0,30,37.0,1
9cde39e1-54f9-4391-b5c6-8950b3a4acf8,2024-08-19,8,1,13.67,0,Domicilio,2,PARQUE DE POBLAMIENTO,0,50,35.0,0
99f8f091-8cb0-4ebd-a84c-92e745de8045,2024-08-19,8,1,20.67,0,Domicilio,3,PARQUE DE POBLAMIENTO,0,50,47.0,0
0eeb0321-f83a-4c32-8bc1-9c70fad57790,2024-08-20,8,2,14.5,0,Recoger en tienda,1,LOCAL,0,30,16.0,0
6d946bdc-5f2c-43a4-84f5-5802d7e029e7,2024-08-20,8,2,19.92,0,Recoger,1,LOCAL,0,30,30.0,0
bae5a524-10c1-472b-b872-6fe10614eacd,2024-08-21,8,3,15.25,0,Recoger,3,LOCAL,0,30,19.0,0
f5369728-e179-44dc-8e3f-661a5dba4b54,2024-08-21,8,3,18.5,0,Recoger,3,LOCAL,0,30,28.0,0
cc80471d-d02c-4178-8ac3-83820cd1e550,2024-08-21,8,3,20.5,0,Domicilio,3,SANTA IRENE,0,50,44.0,0
bf3e43f1-e752-411b-a1ed-f764658f55c3,2024-08-21,8,3,21.25,0,Domicilio,4,PARQUE DE POBLAMIENTO,0,50,59.0,1
c9b8ea7e-ecee-41a7-865a-8f8520008cfc,2024-08-22,8,4,17.08,0,Domicilio,2,LOS CANTORES,0,50,33.0,0
ffff3a85-db8d-488e-bb65-97634507d370,2024-08-22,8,4,18.83,0,Recoger en tienda,2,LOCAL,0,30,27.0,0
a1f445f7-2a8e-4f6b-b812-030172907550,2024-08-22,8,4,19.75,0,Domicilio,1,AVIACIÓN CIVIL,0,50,33.0,0
8249de1c-398d-4784-888a-1be22d5406da,2024-08-22,8,4,20.42,0,Domicilio,1,TRES CRUCES,0,50,41.0,0
461d5f95-dbf6-466d-9caf-46c33060ef78,2024-08-22,8,4,21.17,0,Domicilio,3,CHACATITLA,0,50,44.0,0
8fbfd674-82ed-4149-afa4-a431c4ce5e7c,2024-08-23,8,5,23.17,0,Mostrador,5,LOCAL,0,30,34.0,1
7e2575d4-feb6-4028-ad74-a63d848996d4,2024-08-24,8,6,18.42,1,Recoger,4,LOCAL,0,30,41.0,1
29621c67-ca19-49cb-8155-ef8ddefca9a2,2024-08-24,8,6,19.83,1,Domicilio,3,LOS CANTORES,0,50,58.0,1
34879293-25bf-4e1b-89b1-0662aad484e0,2024-08-24,8,6,20.5,1,Recoger,4,LOCAL,0,30,48.0,1
bdd8fb26-0d67-4977-b939-d1eac2741eb5,2024-08-24,8,6,20.67,1,Domicilio,3,TRES CRUCES,1,50,62.0,1
830935bb-e0ad-42cf-b75c-c35553f95b16,2024-08-24,8,6,22.33,1,Domicilio,1,LA LOMITA,0,50,33.0,0
cabe9c94-c117-48a2-b9e2-fbe5525ae34b,2024-08-25,8,7,21.92,1,Recoger en tienda,5,LOCAL,0,30,48.0,1
ebebe71e-1c5a-4ad0-92da-723fd71d19e0,2024-08-25,8,7,22.42,1,Domicilio,6,AVIACION,1,50,57.0,1
c8f2acfa-91ca-474c-9f11-88d3f6b2c48c,2024-08-25,8,7,23.0,1,Domicilio,5,PARQUE DE POBLAMIENTO,0,50,52.0,1
a56ee22e-9a69-4b81-b06f-9cf03f1213b9,2024-08-26,8,1,16.92,0,Domicilio,1,LOS CANTORES,0,50,37.0,0
5edc1efe-3aa7-4109-abbf-4f0e038b702f,2024-08-26,8,1,18.75,0,Domicilio,1,CENTRO,0,50,36.0,0
3201d8a5-63e1-4458-81f5-d1b098c44c97,2024-08-28,8,3,14.5,0,Domicilio,3,SANTA IRENE,0,50,37.0,0
26973052-6d9f-4e44-ba41-44f7b8b039eb,2024-08-28,8,3,15.75,0,Recoger en tienda,3,LOCAL,0,30,24.0,0
1b875f31-619a-4336-82f4-8576840a90d7,2024-08-28,8,3,19.17,0,Domicilio,2,CHACATITLA,0,50,42.0,0
18aff016-e09e-4df0-9296-5d62f3dbf68d,2024-08-28,8,3,20.33,0,Recoger en tienda,2,LOCAL,0,30,28.0,0
af300d42-344a-4a3f-b0c7-737eebd4325c,2024-08-28,8,3,21.17,0,Domicilio,3,AVIACIÓN CIVIL,0,50,45.0,0
63d676fa-0cea-474b-8c5b-b760f2fdc1ee,2024-08-28,8,3,21.75,0,Mostrador,2,LOCAL,0,30,30.0,0
c5470176-9f29-42e1-92bf-59d0b701183f,2024-08-29,8,4,17.42,0,Recoger,2,LOCAL,0,30,24.0,0
b50fa321-08c6-44bc-a7c1-5b2b705340bc,2024-08-29,8,4,18.08,0,Recoger en tienda,2,LOCAL,0,30,33.0,1
a5f8b801-4ee9-4de4-a3c2-ea09aba82c03,2024-08-29,8,4,18.75,0,Recoger,1,LOCAL,0,30,22.0,0
b4be26b2-2e05-4d57-882c-74253ba2de6e,2024-08-29,8,4,19.5,0,Domicilio,3,PARQUE DE POBLAMIENTO,0,50,49.0,0
90fc860c-c65d-4289-bfce-a567d1692cea,2024-08-30,8,5,14.42,0,Domicilio,1,CHACATITLA,0,50,38.0,0
ec272613-8586-435b-a9b1-b11ac6f9879e,2024-08-30,8,5,21.67,0,Domicilio,4,AVIACIÓN CIVIL,0,50,51.0,1
67b67772-c46c-4eae-8919-74c6d20b9e61,2024-08-31,8,6,18.42,1,Domicilio,2,PARQUE DE POBLAMIENTO,0,50,53.0,1
de61c78f-0572-4bde-8027-34ff731133d6,2024-08-31,8,6,19.42,1,Recoger,4,LOCAL,0,30,43.0,1
ac4cd558-e3e2-44b3-8bbd-34ac5498a25e,2024-08-31,8,6,19.5,1,Recoger,4,LOCAL,1,30,41.0,1
bf3f91b8-bd44-43e8-8f6c-6f2fb928b85f,2024-08-31,8,6,20.5,1,Domicilio,1,PARQUE DE POBLAMIENTO,0,50,42.0,0
96c97dab-fe96-4417-b792-8aa30c281cf7,2024-08-31,8,6,20.83,1,Recoger en tienda,4,LOCAL,1,30,45.0,1
1568dd04-0d5d-49f1-ac5d-26e8dadc3c97,2024-09-01,9,7,15.58,1,Mostrador,3,LOCAL,0,30,22.0,0
ad969cc4-0ff7-42f3-aae5-3f8862a91f14,2024-09-01,9,7,16.33,1,Mostrador,4,LOCAL,0,30,39.0,1
c7dea3c9-16ce-4a28-a091-9df9604e7928,2024-09-01,9,7,18.67,1,Mostrador,1,LOCAL,0,30,33.0,1
ad143517-5811-4332-bf08-4e799ef07464,2024-09-01,9,7,23.67,1,Domicilio,2,SANTA IRENE,0,50,45.0,0
5eec918b-6066-47d5-8d73-fb8cc12d7d40,2024-09-02,9,1,16.67,0,Recoger,1,LOCAL,0,30,17.0,0
d200b730-b937-41b4-8aae-8824808209e8,2024-09-02,9,1,18.42,0,Domicilio,3,ROJO GOMEZ,0,50,49.0,0
f0941b49-d599-4ab1-b020-47c4d4c111a5,2024-09-02,9,1,19.92,0,Mostrador,1,LOCAL,0,30,21.0,0
9a966c99-6763-4a8d-b301-346e3ea9c182,2024-09-02,9,1,20.0,0,Domicilio,4,AVIACION,1,50,50.0,0
385bb079-0d7b-4637-a2fb-e4f6de74c76b,2024-09-03,9,2,20.0,0,Domicilio,4,AVIACION,0,50,51.0,1
9ebf9273-8640-4859-8221-a8a1fc5b5587,2024-09-04,9,3,21.5,0,Domicilio,3,COLALAMBRE,0,50,45.0,0
4ab1a99b-0576-4e0e-a954-6bdef2226300,2024-09-05,9,4,13.5,0,Recoger,2,LOCAL,0,30,26.0,0
77d1478b-f38f-4b86-bdaf-4edb29aace94,2024-09-05,9,4,15.33,0,Domicilio,2,PARQUE DE POBLAMIENTO,0,50,39.0,0
077659b1-e8ac-4eda-8db5-c4c17515dca4,2024-09-05,9,4,18.08,0,Mostrador,4,LOCAL,0,30,37.0,1
ff43214c-b247-45da-8fdd-da416d17ea6d,2024-09-05,9,4,20.42,0,Mostrador,2,LOCAL,0,30,30.0,0
689a3d06-4b7e-4c4e-a838-75648ca97155,2024-09-06,9,5,19.17,0,Recoger,1,LOCAL,0,30,33.0,1
b6c85315-658e-49e1-b453-47d3af5661b6,2024-09-06,9,5,20.42,0,Mostrador,3,LOCAL,0,30,31.0,1
cc909579-7d8a-4a69-89c3-d0c010d61ad8,2024-09-06,9,5,21.33,0,Recoger en tienda,6,LOCAL,0,30,44.0,1
55c1d029-af68-4e5f-b732-674bee75662c,2024-09-07,9,6,16.67,1,Mostrador,4,LOCAL,0,30,43.0,1
6f516200-0b1d-40c9-a637-fb17ec518fa3,2024-09-07,9,6,17.83,1,Recoger en tienda,3,LOCAL,0,30,30.0,0
1b3af28a-359c-41ab-aab4-7da962676b92,2024-09-07,9,6,18.08,1,Domicilio,4,CHACATITLA,1,50,62.0,1
84a59c45-6ede-4f6b-b019-f82a322cef47,2024-09-07,9,6,18.17,1,Recoger,4,LOCAL,2,30,50.0,1
11afb679-b4ac-4658-97a2-c8f910b55bbd,2024-09-07,9,6,18.83,1,Recoger en tienda,2,LOCAL,0,30,26.0,0
3e1b3032-391b-4f9c-89ec-282596674ed5,2024-09-07,9,6,20.58,1,Recoger,1,LOCAL,0,30,25.0,0
713c5cd9-caef-41d4-a894-cffbb2b921a7,2024-09-07,9,6,22.42,1,Mostrador,6,LOCAL,0,30,38.0,1
51c40490-3454-4f96-b563-b4d831b4e144,2024-09-07,9,6,22.58,1,Recoger en tienda,4,LOCAL,1,30,39.0,1
dcaab470-59a0-4d81-a49b-2f524acb8768,2024-09-07,9,6,22.67,1,Recoger,2,LOCAL,2,30,35.0,1
4f0873e1-47fc-4b31-90a8-edf642e8d4cd,2024-09-08,9,7,16.17,1,Recoger en tienda,4,LOCAL,0,30,35.0,1
d8c36662-3716-42a6-89de-c10211a76936,2024-09-08,9,7,20.33,1,Recoger,1,LOCAL,0,30,27.0,0
dec36627-ae32-46c4-86af-0024499caa67,2024-09-08,9,7,20.33,1,Recoger,2,LOCAL,1,30,36.0,1
0e05c70d-9da2-442b-bf9f-5d5d4a44fac0,2024-09-10,9,2,21.42,0,Mostrador,3,LOCAL,0,30,35.0,1
f07c26c8-11e7-42b2-b44e-75d0b1f430a2,2024-09-10,9,2,23.83,0,Recoger,2,LOCAL,0,30,23.0,0
7377c0bc-6f25-4c6d-a77b-cb619cd3cbae,2024-09-11,9,3,16.75,0,Recoger,3,LOCAL,0,30,22.0,0
f42b303b-97af-452b-9a3a-940fe804dc6b,2024-09-11,9,3,17.5,0,Recoger en tienda,1,LOCAL,0,30,16.0,0
71856363-9381-415c-b5a3-df0d8e1e95d1,2024-09-11,9,3,20.25,0,Domicilio,5,PARQUE DE POBLAMIENTO,0,50,57.0,1
221a4398-3927-45af-b196-bc84e991d4a9,2024-09-11,9,3,20.92,0,Mostrador,2,LOCAL,0,30,34.0,1
4b2cc40b-74fc-4fe8-bcb1-2baf0629165d,2024-09-11,9,3,21.0,0,Domicilio,6,PARQUE DE POBLAMIENTO,1,50,62.0,1
73a489a3-6d77-40de-bd2a-a43b57bc60ff,2024-09-12,9,4,14.83,0,Mostrador,4,LOCAL,0,30,30.0,0
87525f18-f5f2-40b5-9c1f-a294fef1020e,2024-09-12,9,4,17.92,0,Mostrador,3,LOCAL,0,30,26.0,0
10288ddd-38d0-459c-9aff-72b99c63c06c,2024-09-12,9,4,19.0,0,Domicilio,5,AVIACION,0,50,57.0,1
c4bc45c7-0012-43b9-b6a0-b4163bda1f8d,2024-09-12,9,4,20.33,0,Mostrador,4,LOCAL,0,30,39.0,1
409b35dc-cf39-4edf-bdfa-a90ae52ab4ee,2024-09-13,9,5,17.08,0,Domicilio,1,TODOS POR HIDALGO,0,50,45.0,0
38bb73f9-450f-4ba6-af3a-8a9deb5393d9,2024-09-13,9,5,18.42,0,Domicilio,3,SANTA IRENE,0,50,42.0,0
9f47f1e5-46a6-48f8-97fe-c49f0ad59d78,2024-09-13,9,5,19.67,0,Mostrador,7,LOCAL,0,30,51.0,1
219fe26f-ea82-44a3-834d-4a51ca5097ce,2024-09-13,9,5,20.17,0,Domicilio,2,LOS CANTORES,1,50,48.0,0
28d538cd-a79b-4966-bee3-1065a2fa0c55,2024-09-14,9,6,17.92,1,Domicilio,3,LOS CANTORES,0,50,47.0,0
cba81e15-7453-4a1d-a11d-44a20accd64f,2024-09-14,9,6,18.17,1,Domicilio,2,PARQUE DE POBLAMIENTO,1,50,50.0,0
0d5a2a9c-1e4d-471b-a94c-57cf5b34b3e5,2024-09-14,9,6,19.83,1,Recoger en tienda,3,LOCAL,0,30,32.0,1
8ff250c7-7b8f-4484-848c-d6c97ea108e2,2024-09-14,9,6,20.92,1,Recoger en tienda,6,LOCAL,0,30,50.0,1
c9acd5a2-d437-44e0-9fe7-1093a8c073f4,2024-09-14,9,6,21.42,1,Domicilio,3,ROJO GOMEZ,1,50,55.0,1
0fa3495e-755f-4868-aadd-fe95ed845a6b,2024-09-15,9,7,18.75,1,Domicilio,2,AVIACION,0,50,46.0,0
3cbadda6-42f2-48ce-8d1d-7ffee03c88e2,2024-09-16,9,1,15.25,0,Domicilio,3,SANTA IRENE,0,50,43.0,0
d23b52a8-9d32-431a-a303-214b857ca77b,2024-09-16,9,1,15.42,0,Recoger,2,LOCAL,1,30,17.0,0
81972b73-fd92-4a47-a297-a8707a8f94bf,2024-09-16,9,1,18.17,0,Recoger,2,LOCAL,0,30,16.0,0
d61f9595-a81b-4b0a-ad56-bf072da37724,2024-09-16,9,1,23.83,0,Recoger,3,LOCAL,0,30,27.0,0
0b0d1f6f-1ff7-4165-affa-69b4f6c3f57f,2024-09-17,9,2,17.83,0,Recoger,1,LOCAL,0,30,17.0,0
11b3321d-a8ad-4014-8fef-23e3d007f7a7,2024-09-17,9,2,18.25,0,Recoger,1,LOCAL,1,30,27.0,0
9aae8fe3-6fe6-478f-9f07-f9342292553f,2024-09-17,9,2,20.75,0,Domicilio,2,AVIACIÓN CIVIL,0,50,42.0,0
8e7b6a65-6b6d-4aa8-9686-b0e0ed9b1ef5,2024-09-17,9,2,21.67,0,Mostrador,4,LOCAL,0,30,36.0,1
aabaf422-fc5e-47de-a547-aa5c92a2a6ca,2024-09-17,9,2,22.58,0,Domicilio,6,SANTA IRENE,0,50,52.0,1
e948b38d-f797-4a70-b129-46c3dacfc24b,2024-09-18,9,3,17.5,0,Recoger en tienda,1,LOCAL,0,30,15.0,0
49b0f718-356a-4b2d-8481-d6f7ffa96c61,2024-09-18,9,3,19.58,0,Recoger,5,LOCAL,0,30,41.0,1
ddfa6fd5-711e-4b5c-b057-b9e054cfc9f2,2024-09-18,9,3,22.33,0,Recoger en tienda,4,LOCAL,0,30,25.0,0
46a23dcd-0783-4637-9932-775be92a9952,2024-09-19,9,4,16.0,0,Mostrador,2,LOCAL,0,30,18.0,0
a4bfbbf2-a3fd-472f-a610-a7ee3c9d269f,2024-09-19,9,4,16.83,0,Domicilio,2,PARQUE DE POBLAMIENTO,0,50,42.0,0
1f1ff07a-4da2-40e7-be83-bf4dfe2c0adc,2024-09-19,9,4,18.58,0,Recoger,1,LOCAL,0,30,24.0,0
89c5454c-5255-446c-aaad-f9bc5c599985,2024-09-19,9,4,23.75,0,Domicilio,4,PARQUE DE POBLAMIENTO,0,50,47.0,0
392d8d9f-400c-4d3c-ad78-3163aa7a33a9,2024-09-20,9,5,19.25,0,Mostrador,4,LOCAL,0,30,36.0,1
e0d37c2d-536b-42b3-afbc-8a1f4c52c3bf,2024-09-20,9,5,20.67,0,Recoger en tienda,1,LOCAL,0,30,20.0,0
3e92f1cb-e5fd-45c9-a9bc-932d21feb6cf,2024-09-20,9,5,20.92,0,Domicilio,6,TODOS POR HIDALGO,1,50,69.0,1
70378259-4de8-4bf4-b2ef-2d8b5d5a32aa,2024-09-21,9,6,15.67,1,Recoger,2,LOCAL,0,30,22.0,0
185bf0b4-9149-4026-9099-3ec342a1e039,2024-09-21,9,6,20.5,1,Recoger en tienda,2,LOCAL,0,30,33.0,1
a4e94e5b-798a-4626-9d1f-614eb08fe856,2024-09-21,9,6,22.75,1,Recoger,3,LOCAL,0,30,27.0,0
c27510eb-f17b-4828-804f-c1cfb11adbdf,2024-09-21,9,6,23.83,1,Domicilio,1,SANTA IRENE,0,50,42.0,0
085a57ff-7e07-479b-b2e7-a156b5f32c62,2024-09-22,9,7,18.42,1,Recoger,2,LOCAL,0,30,30.0,0
c858cb50-1a62-4ce7-8380-85ea29311aca,2024-09-22,9,7,18.92,1,Mostrador,3,LOCAL,1,30,48.0,1
351235d8-1b69-455d-992d-a51ea935d815,2024-09-22,9,7,18.92,1,Mostrador,3,LOCAL,2,30,49.0,1
94289315-3f1b-40ae-add6-75bb1adf3367,2024-09-23,9,1,19.92,0,Recoger,2,LOCAL,0,30,24.0,0
4291e9da-fc62-4f9d-9acf-24d389cde2bd,2024-09-23,9,1,21.83,0,Domicilio,1,COLALAMBRE,0,50,43.0,0
6a806be8-7120-473e-be43-613e93e75538,2024-09-23,9,1,21.83,0,Domicilio,3,AVIACION,1,50,56.0,1
9507960a-8ba0-4409-a161-05b7b682bea1,2024-09-23,9,1,21.92,0,Domicilio,3,ROJO GOMEZ,2,50,61.0,1
3814619f-d7c7-4de8-8160-4a12961a8cda,2024-09-24,9,2,19.0,0,Domicilio,5,ROJO GOMEZ,0,50,55.0,1
e4e422b1-9a32-4d03-9a37-065e34276590,2024-09-25,9,3,16.33,0,Recoger,3,LOCAL,0,30,24.0,0
46801e00-8ca6-4f07-97a2-df20515e20e9,2024-09-26,9,4,15.0,0,Domicilio,4,COLALAMBRE,0,50,44.0,0
6e12705e-5393-466e-bc3c-b1ed8954aafd,2024-09-27,9,5,21.83,0,Domicilio,2,ROJO GOMEZ,0,50,45.0,0
fd7b491a-56b6-4cf7-8bc6-737a7e5eec16,2024-09-27,9,5,22.08,0,Recoger,1,LOCAL,1,30,19.0,0
1a7f42b1-2d01-4b7c-ac5e-8e11ee4d3eb1,2024-09-28,9,6,15.42,1,Recoger,2,LOCAL,0,30,25.0,0
d3de24f6-3d93-4085-ba87-e7b0ab8e55a5,2024-09-28,9,6,18.58,1,Recoger,2,LOCAL,0,30,37.0,1
dcffb34b-649e-4572-8e69-6424e345bf81,2024-09-28,9,6,19.58,1,Recoger,2,LOCAL,0,30,26.0,0
2a10a2ff-fdc6-4698-9030-8a0ddfd30503,2024-09-28,9,6,19.92,1,Domicilio,4,CHACATITLA,1,50,67.0,1
c3111413-0b41-40be-b87f-5e8a2ec80796,2024-09-28,9,6,20.5,1,Recoger,9,LOCAL,0,30,62.0,1
03fedeb8-1a1c-48c6-80ba-321bcdf009b5,2024-09-28,9,6,22.67,1,Mostrador,3,LOCAL,0,30,37.0,1
e9ffb300-dea3-4bd0-830a-0edc52732502,2024-09-28,9,6,23.25,1,Recoger en tienda,1,LOCAL,0,30,24.0,0
fd3f11c7-7f95-4cb7-bc7b-2692caed0cbe,2024-09-29,9,7,17.08,1,Mostrador,1,LOCAL,0,30,23.0,0
a50dd7d9-b2ea-46dc-8061-70a692bf6d21,2024-09-30,9,1,16.75,0,Recoger,3,LOCAL,0,30,25.0,0
ce8536b1-f9a1-4640-8efc-79f12b82072b,2024-09-30,9,1,23.42,0,Mostrador,6,LOCAL,0,30,36.0,1
8e87d8b6-3145-4f48-9c17-c21ddf10d99a,2024-10-01,10,2,16.08,0,Mostrador,2,LOCAL,0,30,23.0,0
f96c6b1c-92f1-4082-b9d3-2228edcc0963,2024-10-01,10,2,19.58,0,Recoger en tienda,2,LOCAL,0,30,32.0,1
b1d34f4b-3b96-478a-a46a-de7fbdb42478,2024-10-01,10,2,20.33,0,Recoger,2,LOCAL,0,30,32.0,1
176baef3-5e9b-45ee-9d63-b58ad928fd20,2024-10-02,10,3,18.67,0,Domicilio,3,CHACATITLA,0,50,54.0,1
076844f3-e4d8-4b54-aba0-3aea92df5ef4,2024-10-02,10,3,21.83,0,Domicilio,3,SANTA IRENE,0,50,44.0,0
5c3f170e-02c8-442b-9e21-4f03edc9f4cc,2024-10-02,10,3,22.83,0,Recoger,2,LOCAL,0,30,25.0,0
7f62c854-1c6b-4dd5-849b-8fc5b2edaf57,2024-10-03,10,4,20.0,0,Domicilio,5,COLALAMBRE,0,50,52.0,1
e540dd1a-387d-497f-a969-9ff26acb3f27,2024-10-04,10,5,18.5,0,Domicilio,1,ROJO GOMEZ,0,50,43.0,0
6cba2e24-dfab-4d11-9226-c3d59d187e34,2024-10-04,10,5,19.25,0,Recoger en tienda,7,LOCAL,0,30,48.0,1
28645dff-bdb1-42e5-b33c-74bd62483fe0,2024-10-04,10,5,21.33,0,Domicilio,8,TRES CRUCES,0,50,74.0,1
c35295b6-7762-400d-b2cb-44ba0449178f,2024-10-05,10,6,19.58,1,Recoger,5,LOCAL,0,30,43.0,1
9e3f37ff-2517-41c7-a500-3e7b54a931c4,2024-10-05,10,6,21.08,1,Recoger,2,LOCAL,0,30,33.0,1
fa1fca07-e816-43e4-a1b1-c0443ddeeb17,2024-10-05,10,6,22.92,1,Recoger en tienda,2,LOCAL,0,30,30.0,0
e08db575-74da-4aa2-989e-835665e9cc81,2024-10-06,10,7,18.17,1,Domicilio,6,PARQUE DE POBLAMIENTO,0,50,66.0,1
d971be00-c7e3-45bc-ba18-caa40eddee47,2024-10-06,10,7,18.33,1,Recoger,8,LOCAL,1,30,64.0,1
ffcfbc71-c286-47dd-8a0c-15ddc76ab3b1,2024-10-06,10,7,19.08,1,Recoger,4,LOCAL,0,30,39.0,1
03461af6-0e33-4ea9-92bb-92048372b552,2024-10-06,10,7,19.5,1,Domicilio,4,SANTA IRENE,1,50,66.0,1
f05050e9-5284-46ed-a473-a75f9522c2c0,2024-10-06,10,7,20.92,1,Recoger en tienda,4,LOCAL,0,30,42.0,1
66df4fc4-5eda-463a-935c-65e82b820f40,2024-10-06,10,7,21.0,1,Domicilio,5,LA LOMITA,1,50,57.0,1
5dac36de-8bde-4376-bbdd-46ae32d72a89,2024-10-06,10,7,21.5,1,Domicilio,6,AVIACION,1,50,68.0,1
15eee7da-969a-48a5-9434-38e5e2f8323c,2024-10-08,10,2,17.0,0,Domicilio,2,ROJO GOMEZ,0,50,44.0,0
d2ece78f-af2a-4538-a408-ab4321b432e8,2024-10-08,10,2,19.92,0,Domicilio,1,CHACATITLA,0,50,39.0,0
8b32b5cd-55c0-4e68-894a-d5719b3bc2f2,2024-10-09,10,3,13.17,0,Recoger,1,LOCAL,0,30,15.0,0
143c900b-ad18-4197-9b96-fc059cf66968,2024-10-09,10,3,20.83,0,Domicilio,2,LOS CANTORES,0,50,49.0,0
39541a03-be16-4210-a1b1-64f2a2c9f23a,2024-10-09,10,3,21.58,0,Domicilio,4,LA LOMITA,0,50,52.0,1
601546f3-2c83-4538-ab2a-a6583230574a,2024-10-10,10,4,20.58,0,Domicilio,1,SANTA IRENE,0,50,35.0,0
8a6de5ef-9a16-40d4-98ea-60a777e67ae7,2024-10-10,10,4,22.92,0,Domicilio,1,AVIACION,0,50,32.0,0
98831f7c-fb72-4901-89b2-da89ebc7b17b,2024-10-11,10,5,15.0,0,Domicilio,2,PARQUE DE POBLAMIENTO,0,50,41.0,0
ca492f03-ed35-4968-b363-5fa6110e1537,2024-10-11,10,5,15.58,0,Mostrador,5,LOCAL,0,30,32.0,1
32a95c75-3b6c-4937-9f5c-5edfac39ae16,2024-10-11,10,5,19.0,0,Recoger,2,LOCAL,0,30,31.0,1
5488ee17-16a8-4306-94a5-baa7f55a1609,2024-10-11,10,5,19.33,0,Domicilio,6,AVIACION,1,50,57.0,1
d8a1fdf0-7e61-43bc-91af-f259f4882f7c,2024-10-11,10,5,21.83,0,Recoger en tienda,5,LOCAL,0,30,47.0,1
4f98b7bf-9385-46bd-9972-b8f3137e8d15,2024-10-11,10,5,23.5,0,Mostrador,1,LOCAL,0,30,19.0,0
0015b4d2-b64c-4019-9a96-0977f44df7b6,2024-10-12,10,6,13.67,1,Domicilio,1,LA LOMITA,0,50,34.0,0
8f40c53f-e9d0-413e-a2cd-1f52d46101cb,2024-10-12,10,6,16.0,1,Mostrador,2,LOCAL,0,30,20.0,0
db27eec4-fe05-436b-8e7b-76197c3966d6,2024-10-12,10,6,17.75,1,Recoger en tienda,3,LOCAL,0,30,32.0,1
d0e2ce61-eb02-4c46-9993-61a0363a1ce9,2024-10-12,10,6,18.67,1,Domicilio,1,CHACATITLA,0,50,44.0,0
13d92024-a55b-4f00-989c-bd7eec6450cd,2024-10-12,10,6,21.83,1,Recoger en tienda,2,LOCAL,0,30,35.0,1
37b06471-60c2-4f79-9fb1-9cf28bd732d1,2024-10-12,10,6,23.67,1,Mostrador,2,LOCAL,0,30,27.0,0
bb12a9a8-b717-42da-9374-bbcd3dff61ee,2024-10-13,10,7,18.0,1,Mostrador,2,LOCAL,0,30,41.0,1
a5e6d7ee-9686-4116-8e2f-6f3df689e558,2024-10-13,10,7,18.58,1,Mostrador,4,LOCAL,0,30,41.0,1
f9aedbb0-8025-41c3-bbd6-694741e6d48d,2024-10-13,10,7,20.92,1,Recoger en tienda,3,LOCAL,0,30,35.0,1
21699f38-1343-49f0-be20-853ab6c06838,2024-10-14,10,1,14.5,0,Recoger,3,LOCAL,0,30,23.0,0
5e1e5ade-0929-4188-b556-2c25e2386ad1,2024-10-14,10,1,19.08,0,Domicilio,1,AVIACION,0,50,38.0,0
f4a5f4cb-6d1a-474e-80af-175caf76450b,2024-10-14,10,1,20.42,0,Domicilio,3,LOS CANTORES,0,50,49.0,0
a2e935b3-1fe1-4bb4-a97f-49092dd54aa7,2024-10-14,10,1,21.5,0,Recoger,1,LOCAL,0,30,20.0,0
f67389f1-ca89-4c4e-8f20-f0982332ec49,2024-10-15,10,2,13.75,0,Mostrador,2,LOCAL,0,30,20.0,0
ab100782-7ea7-49e9-a482-c18a377c603a,2024-10-15,10,2,16.17,0,Mostrador,2,LOCAL,0,30,22.0,0
99d5acd5-44ee-464b-a565-5bbe9aea33c5,2024-10-15,10,2,19.25,0,Recoger,3,LOCAL,0,30,25.0,0
7e4c970b-96e6-445f-8031-70ff2491621e,2024-10-15,10,2,20.83,0,Recoger,3,LOCAL,0,30,38.0,1
903d9803-4a27-4aee-b31d-9efcc1488850,2024-10-15,10,2,20.83,0,Recoger,6,LOCAL,1,30,44.0,1
21396061-cc80-479b-9e15-480823fa933b,2024-10-16,10,3,15.83,0,Domicilio,2,CENTRO,0,50,37.0,0
21eaa3af-36a2-4ea6-b7d7-a5bac8ea771e,2024-10-16,10,3,16.25,0,Recoger en tienda,2,LOCAL,1,30,27.0,0
df70cdb1-7ddc-482c-ad15-58975758758a,2024-10-16,10,3,18.67,0,Recoger,1,LOCAL,0,30,22.0,0
8e8f5a7a-2ef5-4a01-8e5d-c2da4f8c1226,2024-10-16,10,3,19.83,0,Recoger en tienda,6,LOCAL,0,30,45.0,1
d41c53f7-01dd-41f5-8170-528b38678119,2024-10-16,10,3,20.08,0,Domicilio,3,PARQUE DE POBLAMIENTO,1,50,59.0,1
58b17fa8-144d-42e6-a024-379255b3a956,2024-10-16,10,3,20.25,0,Recoger en tienda,1,LOCAL,2,30,31.0,1
5f916c02-ef5c-4521-b90f-b221d3803661,2024-10-17,10,4,19.0,0,Recoger en tienda,4,LOCAL,0,30,35.0,1
607760ba-a430-4220-be21-46425eb45ad8,2024-10-17,10,4,20.42,0,Domicilio,1,SANTA IRENE,0,50,36.0,0
ad5185f7-1ca2-47f8-a824-85c0f8b65adf,2024-10-17,10,4,20.75,0,Recoger,1,LOCAL,1,30,32.0,1
1457831b-2908-4a53-99e2-d638d7d07dee,2024-10-18,10,5,18.17,0,Domicilio,3,COLALAMBRE,0,50,50.0,0
f268a10f-2ef3-476c-a0fc-9bd47b521fb3,2024-10-18,10,5,18.33,0,Mostrador,7,LOCAL,1,30,66.0,1
ac75f483-14ac-4b4d-949f-52e7c01ba291,2024-10-18,10,5,18.83,0,Recoger,5,LOCAL,1,30,39.0,1
011fccbf-c6f5-4399-bc71-8c3867da7723,2024-10-18,10,5,19.67,0,Recoger,3,LOCAL,0,30,33.0,1
b640d9d4-78f8-474d-a1d5-43c473ed733f,2024-10-18,10,5,19.83,0,Mostrador,5,LOCAL,1,30,44.0,1
540c7f64-b132-4317-97b7-818c51f1594a,2024-10-18,10,5,20.25,0,Domicilio,2,LOS CANTORES,1,50,53.0,1
f2d45ca2-245b-42c3-9ff7-f365f55e14d3,2024-10-19,10,6,18.5,1,Recoger,6,LOCAL,0,30,49.0,1
3c8a75e0-b599-426a-a423-22ce59eff490,2024-10-19,10,6,19.67,1,Mostrador,1,LOCAL,0,30,31.0,1
f1c9ded8-0ec3-41ee-8192-641d4e810d1c,2024-10-19,10,6,19.83,1,Domicilio,4,TRES CRUCES,1,50,63.0,1
6ac05b87-f22b-4944-885a-735d3a99ce62,2024-10-19,10,6,19.83,1,Recoger en tienda,3,LOCAL,2,30,47.0,1
28be41d1-1837-4625-8a44-4079fe9dfca5,2024-10-19,10,6,20.33,1,Recoger,4,LOCAL,2,30,40.0,1
20ca8059-c1e6-4403-8197-ad13d2d00aa2,2024-10-19,10,6,23.33,1,Recoger,3,LOCAL,0,30,29.0,0
eb98890a-ec14-4806-8a72-af2a2e072b4d,2024-10-20,10,7,17.0,1,Domicilio,2,TRES CRUCES,0,50,35.0,0
7c41a6e3-0d23-4ef0-9f58-0ea7abe8e507,2024-10-20,10,7,18.75,1,Domicilio,3,TRES CRUCES,0,50,57.0,1
e9497655-e4d5-4ef7-b4ee-aaa3bbb0c03a,2024-10-21,10,1,20.42,0,Recoger,2,LOCAL,0,30,27.0,0
21b8cc3e-61e7-4843-ad37-56f0db918e0e,2024-10-23,10,3,13.67,0,Domicilio,1,COLALAMBRE,0,50,26.0,0
bfa681ec-127d-45d1-a4e9-67df1a9e96a8,2024-10-23,10,3,20.17,0,Recoger en tienda,1,LOCAL,0,30,21.0,0
c9487a8d-dd54-48f0-af27-1ff78ac86bfc,2024-10-23,10,3,20.42,0,Recoger,6,LOCAL,1,30,46.0,1
48e7f2bd-65e0-4fba-993c-f5dacb9eb5bc,2024-10-25,10,5,22.25,0,Domicilio,5,LOS CANTORES,0,50,43.0,0
5e95bb90-cdff-4679-8789-0e93c1d9ef76,2024-10-26,10,6,16.75,1,Mostrador,3,LOCAL,0,30,28.0,0
cc1c773e-bc2f-4882-b342-6e177bf96746,2024-10-26,10,6,20.92,1,Recoger en tienda,6,LOCAL,0,30,52.0,1
00754e31-d697-4ecc-88c9-8ec863989340,2024-10-27,10,7,18.25,1,Recoger,4,LOCAL,0,30,43.0,1
207374ab-85c4-43da-9253-fa1d9c99fd1e,2024-10-27,10,7,21.08,1,Domicilio,2,PARQUE DE POBLAMIENTO,0,50,55.0,1
7cc909a9-89fb-457a-a6f3-e49cf70ffd56,2024-10-28,10,1,14.75,0,Recoger en tienda,3,LOCAL,0,30,20.0,0
7eefa377-c3d3-4f96-b42c-6f92a42e2934,2024-10-28,10,1,18.83,0,Recoger en tienda,2,LOCAL,0,30,28.0,0
debe68df-f4fb-47a4-be0d-097d07fb238c,2024-10-28,10,1,19.17,0,Recoger en tienda,1,LOCAL,1,30,24.0,0
c2e3609d-ab69-47e5-92d1-2127ecbfb7d0,2024-10-28,10,1,20.58,0,Domicilio,1,AVIACION,0,50,37.0,0
17304518-db4a-4924-a2ba-3086a6384f0b,2024-10-28,10,1,21.92,0,Domicilio,2,CHACATITLA,0,50,45.0,0
f466e5b9-2651-419b-8b86-be6f25029ac2,2024-10-29,10,2,18.0,0,Domicilio,2,AVIACIÓN CIVIL,0,50,39.0,0
bff0af04-c512-4570-8806-39b3106c2d76,2024-10-29,10,2,18.75,0,Domicilio,3,COLALAMBRE,0,50,51.0,1
05b74f6c-3bcf-4947-925d-94131281add6,2024-10-29,10,2,20.67,0,Recoger,4,LOCAL,0,30,29.0,0
bedf6162-34f6-4d2c-bc57-cdaccd27130f,2024-10-29,10,2,22.25,0,Recoger,1,LOCAL,0,30,18.0,0
0df65630-b2db-4fd0-a965-3dd2920f130d,2024-10-30,10,3,18.25,0,Recoger,3,LOCAL,0,30,37.0,1
107675ee-64dd-4d01-9327-92b98fbeebe3,2024-10-30,10,3,22.83,0,Domicilio,3,LOS CANTORES,0,50,45.0,0
d1790a14-2ee5-4841-a5e2-533fda702261,2024-10-31,10,4,19.58,0,Domicilio,3,CENTRO,0,50,47.0,0
105a4de7-1791-4a84-9ed4-d35b2d8e094a,2024-10-31,10,4,23.25,0,Recoger en tienda,2,LOCAL,0,30,26.0,0
29980ab3-d4b9-432b-9b7f-039a73359bce,2024-11-01,11,5,14.58,0,Recoger en tienda,3,LOCAL,0,30,26.0,0
514a7abd-ffa7-4a5e-acdd-3907d7b67bec,2024-11-01,11,5,18.0,0,Mostrador,6,LOCAL,0,30,39.0,1
056da7a6-ccda-4b93-82a8-0ad764d04939,2024-11-01,11,5,21.67,0,Domicilio,1,CENTRO,0,50,35.0,0
2323b3b7-d242-49d9-b983-b0c9c42d5422,2024-11-02,11,6,19.0,1,Domicilio,3,ROJO GOMEZ,0,50,56.0,1
61b26d32-c5a8-4cec-8cfc-650fc5d1ab3c,2024-11-02,11,6,20.5,1,Mostrador,4,LOCAL,0,30,47.0,1
71fe8b7b-6ae3-4978-9304-a9fedbacbc13,2024-11-02,11,6,20.83,1,Recoger,2,LOCAL,1,30,23.0,0
202bfc0a-136a-49fb-bebd-1e7f83864230,2024-11-02,11,6,21.0,1,Recoger,5,LOCAL,2,30,50.0,1
564d35f9-ed3a-483b-b870-dabe2203aee7,2024-11-02,11,6,21.5,1,Recoger,4,LOCAL,1,30,50.0,1
a8469a44-915d-4e5f-afbf-59b75e65bec8,2024-11-02,11,6,22.5,1,Recoger,1,LOCAL,0,30,18.0,0
19f14661-6a3f-4bae-9a53-529b41766b75,2024-11-03,11,7,14.75,1,Recoger,3,LOCAL,0,30,40.0,1
764573e4-8206-4a4e-a395-748706f1186e,2024-11-03,11,7,22.17,1,Domicilio,5,LOS CANTORES,0,50,48.0,0
53802b92-611c-438e-a34f-ce235033eb81,2024-11-03,11,7,22.33,1,Recoger en tienda,4,LOCAL,1,30,41.0,1
a5b3bf17-703d-445b-97c9-95724819920a,2024-11-03,11,7,23.17,1,Recoger,7,LOCAL,0,30,42.0,1
ea1b9598-b935-416a-bc91-f5fd029f37fd,2024-11-04,11,1,20.42,0,Domicilio,3,TRES CRUCES,0,50,45.0,0
79d6c642-f832-41ce-9e47-fecda17029a2,2024-11-04,11,1,21.67,0,Mostrador,1,LOCAL,0,30,25.0,0
8a0ccaa1-f060-49ab-8984-587201081fdd,2024-11-04,11,1,23.67,0,Domicilio,3,TODOS POR HIDALGO,0,50,40.0,0
156ff0bc-0dae-4644-882c-72820562d9ee,2024-11-05,11,2,14.5,0,Mostrador,8,LOCAL,0,30,53.0,1
7ef5896e-404a-4d05-a26a-a8ac35dfc7f3,2024-11-05,11,2,19.33,0,Recoger,1,LOCAL,0,30,24.0,0
963af0da-0452-4b38-9b7a-3587de83eb41,2024-11-05,11,2,20.17,0,Recoger,1,LOCAL,0,30,25.0,0
4d3466ab-b9ca-45b6-b2bc-83988e491044,2024-11-05,11,2,20.5,0,Recoger en tienda,3,LOCAL,1,30,37.0,1
a310605c-bbfc-453b-845a-28d13df814a5,2024-11-06,11,3,18.25,0,Domicilio,2,TRES CRUCES,0,50,57.0,1
2ebe3bc9-c76e-4a83-950e-a73d11a1f2cb,2024-11-06,11,3,22.5,0,Recoger en tienda,2,LOCAL,0,30,25.0,0
bd9a9720-6d4d-4833-8fd0-68a2a1c1f58a,2024-11-07,11,4,17.42,0,Recoger en tienda,2,LOCAL,0,30,25.0,0
155c9c82-1985-4d92-857f-5517a4d586e3,2024-11-07,11,4,23.08,0,Domicilio,1,LA LOMITA,0,50,33.0,0
67e17133-f4b6-499e-a2a5-274501e32750,2024-11-07,11,4,23.08,0,Mostrador,2,LOCAL,1,30,25.0,0
bf5760e1-4465-4767-b569-3ff31d6a2fe0,2024-11-08,11,5,21.58,0,Recoger,4,LOCAL,0,30,36.0,1
1a1795ea-2c11-479b-9b6d-4f28313938eb,2024-11-09,11,6,19.67,1,Domicilio,4,PARQUE DE POBLAMIENTO,0,50,62.0,1
45ea14d0-cfbc-4fa2-8424-8bfb647b49e0,2024-11-10,11,7,18.25,1,Domicilio,2,ROJO GOMEZ,0,50,48.0,0
7ef0bc06-3b3b-40b5-9cd0-e83022b12dff,2024-11-10,11,7,18.25,1,Recoger,2,LOCAL,1,30,29.0,0
529db0ba-f907-480f-9a31-b142177e864b,2024-11-10,11,7,18.33,1,Domicilio,2,CENTRO,2,50,54.0,1
c5c5bb11-5884-4dd2-87be-d4bad0817218,2024-11-10,11,7,20.5,1,Mostrador,2,LOCAL,0,30,36.0,1
b2e6d64c-cfae-4ed8-a8f4-e1d23d3c2720,2024-11-11,11,1,13.42,0,Domicilio,4,CENTRO,0,50,37.0,0
b811cf3e-bc07-4b48-931a-6f75616493c6,2024-11-11,11,1,20.42,0,Mostrador,1,LOCAL,0,30,33.0,1
edf4bff6-9ccd-4a12-9579-25d602ac91ae,2024-11-12,11,2,20.0,0,Recoger en tienda,2,LOCAL,0,30,32.0,1
c98ae5fd-f45a-4da4-aa9e-22e8ebe02244,2024-11-12,11,2,21.42,0,Domicilio,4,LOS CANTORES,0,50,57.0,1
4cf261b6-a977-4602-ad0e-3b839899e315,2024-11-12,11,2,23.75,0,Mostrador,5,LOCAL,0,30,29.0,0
fdd27112-c215-4ca0-ba9d-310ce40ce4dc,2024-11-13,11,3,18.0,0,Recoger,1,LOCAL,0,30,20.0,0
6029b8d0-8799-4c0a-bb2b-fb5357ad255a,2024-11-13,11,3,18.08,0,Mostrador,4,LOCAL,1,30,40.0,1
5b0c9acc-301f-4925-8ad7-dd7bac37ae7a,2024-11-14,11,4,16.33,0,Domicilio,6,CENTRO,0,50,46.0,0
e8c37e51-150c-48f3-abbb-1b642d0801aa,2024-11-15,11,5,13.75,0,Recoger en tienda,1,LOCAL,0,30,20.0,0
5f70bf5f-c578-406c-ab94-743308642377,2024-11-15,11,5,18.17,0,Recoger en tienda,1,LOCAL,0,30,21.0,0
5589eb69-47d1-4496-8d96-53d2f58f2317,2024-11-15,11,5,18.42,0,Recoger en tienda,3,LOCAL,1,30,46.0,1
eead2e1f-6635-4500-affb-db6a90056d26,2024-11-15,11,5,19.08,0,Domicilio,4,CENTRO,0,50,38.0,0
3b1a3c84-fb16-4d13-ae41-bdcbfa96c4aa,2024-11-15,11,5,20.33,0,Mostrador,1,LOCAL,0,30,29.0,0
81e1e37f-9304-4bfc-81cd-f98d59c62ee0,2024-11-16,11,6,13.08,1,Recoger,4,LOCAL,0,30,31.0,1
ca0d6999-1d76-4490-9085-809614b2b937,2024-11-16,11,6,14.92,1,Recoger,1,LOCAL,0,30,21.0,0
a4d3456e-e3d8-48b9-b2ca-83a28408b5dc,2024-11-16,11,6,15.83,1,Recoger,1,LOCAL,0,30,19.0,0
2c2eef41-f681-4613-bd23-0e060be18c17,2024-11-16,11,6,19.67,1,Mostrador,1,LOCAL,0,30,25.0,0
e912003c-d66f-4cc5-96e1-820fb0ff3170,2024-11-17,11,7,18.0,1,Domicilio,7,CENTRO,0,50,67.0,1
15064de6-b70f-4720-b7d0-a36926d81983,2024-11-17,11,7,19.0,1,Domicilio,1,AVIACIÓN CIVIL,0,50,50.0,0
4b6cbcba-58ac-40a9-ad54-b65fe241dfd2,2024-11-17,11,7,20.25,1,Mostrador,4,LOCAL,0,30,38.0,1
6d25764b-3bc0-4aa9-93f8-e29522df179a,2024-11-17,11,7,20.5,1,Mostrador,5,LOCAL,1,30,50.0,1
694c8efa-5a6d-45c8-9d9f-646759704994,2024-11-17,11,7,21.0,1,Domicilio,2,TODOS POR HIDALGO,1,50,50.0,0
e37e619d-efd3-446d-b380-b04b4da9a34e,2024-11-17,11,7,21.58,1,Recoger en tienda,6,LOCAL,0,30,49.0,1
0c1caa3d-c2e9-456e-aba7-ad95186c4f41,2024-11-18,11,1,14.58,0,Recoger en tienda,3,LOCAL,0,30,29.0,0
a7437795-004b-4d19-9114-edd22bd747d0,2024-11-18,11,1,15.25,0,Mostrador,3,LOCAL,0,30,21.0,0
e6532889-b0e9-4913-9ef5-aad785378376,2024-11-18,11,1,17.0,0,Domicilio,4,ROJO GOMEZ,0,50,51.0,1
9d72d418-3821-4946-a7ea-b68038b10c5d,2024-11-18,11,1,19.5,0,Recoger en tienda,3,LOCAL,0,30,29.0,0
b98152b5-bf80-4622-8208-c8f59a135105,2024-11-18,11,1,21.75,0,Mostrador,3,LOCAL,0,30,36.0,1
3becc31f-1217-44a5-ab69-ddb381571678,2024-11-18,11,1,22.83,0,Domicilio,4,CHACATITLA,0,50,40.0,0
a1dec55d-3c74-432c-bbde-14a7c449af47,2024-11-18,11,1,23.83,0,Domicilio,5,AVIACIÓN CIVIL,0,50,45.0,0
bac95ba5-01ba-48f1-9038-76c1d957b18f,2024-11-19,11,2,15.67,0,Domicilio,2,TRES CRUCES,0,50,45.0,0
9bc9d9aa-dd7b-439f-8a82-5fb2c8e8a48d,2024-11-19,11,2,21.0,0,Recoger,5,LOCAL,0,30,40.0,1
4c496b05-787d-49ee-ab0c-1609b076e54c,2024-11-19,11,2,21.33,0,Mostrador,4,LOCAL,1,30,48.0,1
fd2fc9aa-22dd-40e1-ab1b-4fcedd9d09ab,2024-11-19,11,2,22.5,0,Domicilio,1,TODOS POR HIDALGO,0,50,38.0,0
79cfc793-12cb-451e-b095-108da18d7ebe,2024-11-19,11,2,23.08,0,Recoger en tienda,2,LOCAL,0,30,23.0,0
f4912b71-fc96-49a5-9efa-3e81f1a9c040,2024-11-20,11,3,14.25,0,Recoger,1,LOCAL,0,30,16.0,0
9767547f-d070-45bc-99fc-d44a30aea4e8,2024-11-21,11,4,17.33,0,Domicilio,1,ROJO GOMEZ,0,50,26.0,0
72c6b473-c355-48ec-be5b-de8edbcc9261,2024-11-21,11,4,20.17,0,Domicilio,2,COLALAMBRE,0,50,39.0,0
a0c9c6c1-f73a-4fe5-806b-2ced3c6066ff,2024-11-21,11,4,23.92,0,Domicilio,2,COLALAMBRE,0,50,40.0,0
4f245294-2aa1-4108-aee7-bf0a99b2f1fd,2024-11-22,11,5,16.08,0,Domicilio,3,CHACATITLA,0,50,39.0,0
3be8483b-67da-4162-83dc-d3d1d7a4b703,2024-11-22,11,5,21.25,0,Domicilio,3,LA LOMITA,0,50,49.0,0
b610135d-5c4c-4357-b237-8aa2f0f55810,2024-11-22,11,5,22.17,0,Recoger,2,LOCAL,0,30,24.0,0
3aa3ef53-0b62-4e65-b783-0e3bdde6fc78,2024-11-23,11,6,18.75,1,Domicilio,5,PARQUE DE POBLAMIENTO,0,50,58.0,1
3d1a8a4e-1de4-455f-ad71-db121c205cf1,2024-11-23,11,6,19.5,1,Mostrador,6,LOCAL,0,30,47.0,1
a4d88291-0d24-49c3-b9c7-2248d986ac1f,2024-11-23,11,6,22.75,1,Mostrador,4,LOCAL,0,30,28.0,0
d6b888e2-6aa4-4312-b743-cf1b0b98f6a6,2024-11-24,11,7,14.33,1,Recoger,3,LOCAL,0,30,38.0,1
5a3939d5-f6d9-4b0e-b434-afedbf753413,2024-11-24,11,7,16.5,1,Recoger en tienda,4,LOCAL,0,30,33.0,1
36e6a804-c4f0-44aa-8cab-01257b2c24ac,2024-11-24,11,7,19.17,1,Domicilio,3,COLALAMBRE,0,50,56.0,1
5bc892b0-2255-488b-9160-43d415490c5a,2024-11-24,11,7,19.92,1,Recoger en tienda,8,LOCAL,0,30,55.0,1
5bbbb885-6104-4871-9aea-b82e404926ca,2024-11-24,11,7,21.25,1,Recoger,4,LOCAL,0,30,41.0,1
1b7baf0e-135e-47e5-b2c8-dd929746a8a2,2024-11-24,11,7,21.33,1,Domicilio,2,AVIACION,1,50,49.0,0
3b6acc37-4012-454d-9daa-bddd9ef0f5f9,2024-11-26,11,2,16.58,0,Mostrador,4,LOCAL,0,30,25.0,0
7f49dfe3-967d-4830-bbf7-9b4208e6206a,2024-11-27,11,3,15.25,0,Domicilio,2,TODOS POR HIDALGO,0,50,50.0,0
e6280b2d-7b5a-4491-b57c-2a8139a211d8,2024-11-27,11,3,19.33,0,Domicilio,3,AVIACIÓN CIVIL,0,50,48.0,0
09cf8538-1b9d-4cc8-937a-19d27c916105,2024-11-27,11,3,21.67,0,Recoger en tienda,4,LOCAL,0,30,39.0,1
1598e123-930d-4906-b439-696f5ffda8b3,2024-11-28,11,4,17.25,0,Recoger en tienda,2,LOCAL,0,30,20.0,0
a5b13587-b7c2-408d-951d-5efc5b4d9b83,2024-11-28,11,4,18.92,0,Mostrador,2,LOCAL,0,30,29.0,0
3fb30bcb-ecda-47e2-b1cc-0a8cd6aa7ce8,2024-11-29,11,5,23.08,0,Domicilio,4,LOS CANTORES,0,50,44.0,0
59ffcab4-796b-4bd9-9a71-758f50b1ecc6,2024-11-30,11,6,16.0,1,Domicilio,3,AVIACION,0,50,39.0,0
df171d02-50f3-4039-b0bd-db9dc50f09b4,2024-11-30,11,6,18.0,1,Domicilio,2,AVIACIÓN CIVIL,0,50,49.0,0
e1365915-b81f-49ab-993b-11c6b4d14272,2024-11-30,11,6,23.17,1,Recoger en tienda,2,LOCAL,0,30,23.0,0
899d57b3-2b5b-4fca-9618-0b6764609353,2024-12-01,12,7,14.83,1,Recoger,1,LOCAL,0,30,32.0,1
e353fbf2-7129-4898-850d-74a205616bfa,2024-12-01,12,7,18.08,1,Recoger,2,LOCAL,0,30,36.0,1
c6918a8d-8e99-4907-be7a-5eca3b56a6c2,2024-12-02,12,1,14.25,0,Recoger,1,LOCAL,0,30,20.0,0
98de06a9-6078-4731-93b2-abb9fc9d4689,2024-12-02,12,1,15.5,0,Mostrador,3,LOCAL,0,30,20.0,0
132db87e-3e3f-4cd9-9dac-1f6462db0e00,2024-12-02,12,1,19.08,0,Mostrador,2,LOCAL,0,30,34.0,1
0767ec44-f7f7-49a3-98d9-70ccb80aee65,2024-12-02,12,1,19.67,0,Recoger,1,LOCAL,0,30,36.0,1
a8d2363f-775e-458f-a059-35940fad631c,2024-12-02,12,1,20.08,0,Domicilio,1,AVIACION,1,50,47.0,0
8fd51de3-6ca6-4b4b-9cf5-f5e2c75fbd40,2024-12-02,12,1,20.67,0,Recoger en tienda,3,LOCAL,0,30,33.0,1
18f74304-b3dc-452c-aef8-ae3c3dfb9ffe,2024-12-02,12,1,21.92,0,Mostrador,4,LOCAL,0,30,34.0,1
88fb47a9-462d-4f0a-9d4e-08539090ca53,2024-12-02,12,1,22.42,0,Recoger en tienda,3,LOCAL,1,30,29.0,0
466c6e5e-c088-4233-9885-96e48b7a969a,2024-12-03,12,2,18.42,0,Domicilio,1,AVIACION,0,50,44.0,0
61a4f93b-de29-4a21-98fe-612ea18c41cb,2024-12-03,12,2,20.92,0,Recoger en tienda,2,LOCAL,0,30,26.0,0
19724070-6802-4a4f-9830-77ba079db727,2024-12-04,12,3,15.0,0,Mostrador,4,LOCAL,0,30,31.0,1
e971a51a-71ff-41bf-990d-1917b8157586,2024-12-04,12,3,17.92,0,Domicilio,3,LOS CANTORES,0,50,39.0,0
6ec735cc-07ec-4ce4-b3d3-b5ed41442265,2024-12-04,12,3,20.33,0,Recoger en tienda,2,LOCAL,0,30,27.0,0
2fd83e55-f8d9-46aa-b367-397d81031584,2024-12-05,12,4,14.25,0,Recoger,2,LOCAL,0,30,20.0,0
9d237552-9fb3-4106-96e7-8ae00a06d5c9,2024-12-05,12,4,21.33,0,Recoger,2,LOCAL,0,30,23.0,0
1f36ae6d-d0ab-4d8b-adb7-d2a89bd83b2a,2024-12-05,12,4,23.83,0,Recoger,1,LOCAL,0,30,15.0,0
dda74a2a-f6e0-4871-8fb2-308fe7a9fe0f,2024-12-06,12,5,14.25,0,Recoger,2,LOCAL,0,30,26.0,0
f88b5d75-7a25-49df-8009-0ea297d22e1a,2024-12-06,12,5,20.75,0,Domicilio,6,SANTA IRENE,0,50,57.0,1
99d0330b-6ff9-493e-8d2f-dcacb662d751,2024-12-07,12,6,18.33,1,Recoger,2,LOCAL,0,30,32.0,1
8b1d9efe-d5d9-46a6-8ce2-988c397cdc00,2024-12-07,12,6,18.42,1,Domicilio,3,LA LOMITA,1,50,54.0,1
81cfaef2-f691-4160-89b9-4753806f60d8,2024-12-07,12,6,21.75,1,Domicilio,2,SANTA IRENE,0,50,47.0,0
49d92020-9524-4316-805d-209a364782c8,2024-12-07,12,6,22.42,1,Domicilio,1,AVIACIÓN CIVIL,0,50,31.0,0
262bf083-c6a9-4cd6-9971-f1e5a0aad065,2024-12-07,12,6,22.83,1,Domicilio,4,CENTRO,1,50,43.0,0
1d47eb34-f7c7-4a08-81e2-6c9bcf7897f0,2024-12-08,12,7,13.92,1,Domicilio,3,TRES CRUCES,0,50,44.0,0
860010e4-5fe8-4efc-8724-da829ca48148,2024-12-08,12,7,18.17,1,Domicilio,3,TRES CRUCES,0,50,50.0,0
5288dae7-c2f0-4ed1-a020-1bd25cae3c67,2024-12-08,12,7,18.17,1,Domicilio,3,PARQUE DE POBLAMIENTO,1,50,53.0,1
beec46ea-95df-4e85-bef6-661db347a8ba,2024-12-08,12,7,19.42,1,Recoger,7,LOCAL,0,30,50.0,1
df7f9eca-4146-4919-9700-e7082a1bfbf5,2024-12-08,12,7,22.17,1,Recoger en tienda,3,LOCAL,0,30,28.0,0
40356b00-9bdb-44e0-837b-d836ebda653a,2024-12-09,12,1,13.75,0,Mostrador,3,LOCAL,0,30,27.0,0
eb911c7f-7b32-4392-ad1b-40f4909c0875,2024-12-09,12,1,15.5,0,Recoger en tienda,3,LOCAL,0,30,32.0,1
8d83427a-876d-4b72-bebf-dbef623508f9,2024-12-09,12,1,19.25,0,Recoger,3,LOCAL,0,30,37.0,1
11ff2b8e-91cd-4b3c-b11c-94fba7d46e81,2024-12-09,12,1,21.33,0,Mostrador,3,LOCAL,0,30,40.0,1
2f14bee9-9008-413d-8060-d17a4b4e591a,2024-12-10,12,2,19.08,0,Recoger,4,LOCAL,0,30,38.0,1
e9179a06-08cf-4489-a31e-118c9110ba3c,2024-12-10,12,2,23.33,0,Domicilio,1,CENTRO,0,50,23.0,0
806cfff8-2a62-4c47-8eb6-5ba62fbdf9f9,2024-12-11,12,3,13.0,0,Recoger,1,LOCAL,0,30,18.0,0
2f45efcf-e3be-4f19-97a5-f5facd7b39cd,2024-12-11,12,3,21.58,0,Recoger en tienda,8,LOCAL,0,30,49.0,1
250c7186-0554-4595-bf99-89fc42a19a04,2024-12-11,12,3,22.08,0,Domicilio,3,CHACATITLA,1,50,42.0,0
a9520496-234e-4269-b04f-b7f00359e836,2024-12-12,12,4,19.33,0,Recoger en tienda,4,LOCAL,0,30,35.0,1
c1aa930b-5cc1-4440-a16f-13accca20197,2024-12-12,12,4,20.25,0,Domicilio,1,TRES CRUCES,0,50,45.0,0
acce96b0-e410-46a1-81d3-958f18642c13,2024-12-12,12,4,21.58,0,Recoger en tienda,2,LOCAL,0,30,22.0,0
c9c71611-fdea-4910-a9fa-68e59d017b67,2024-12-13,12,5,13.17,0,Domicilio,2,TODOS POR HIDALGO,0,50,41.0,0
6d6d30a2-241c-457f-9470-407b808d82fd,2024-12-13,12,5,13.75,0,Recoger en tienda,3,LOCAL,0,30,21.0,0
728a6a6f-820d-4aab-b635-271fe6165a9b,2024-12-13,12,5,17.25,0,Recoger,4,LOCAL,0,30,36.0,1
a92f3474-c31e-4d04-a1bb-df0e1fd4f0d7,2024-12-13,12,5,19.33,0,Recoger,4,LOCAL,0,30,35.0,1
128514d1-644e-4167-b859-406ea2e0ff09,2024-12-13,12,5,19.75,0,Mostrador,4,LOCAL,1,30,40.0,1
737f2ba6-d5b0-4655-9918-deffa6d9fb17,2024-12-13,12,5,20.08,0,Recoger,2,LOCAL,1,30,37.0,1
79f32080-5031-422e-9205-3c83c359f8ef,2024-12-13,12,5,20.67,0,Recoger,4,LOCAL,0,30,38.0,1
13c2e2cf-8e20-4c65-820d-29e77238e9cb,2024-12-13,12,5,20.83,0,Recoger en tienda,3,LOCAL,1,30,44.0,1
7e09a1d6-3ab2-45d6-bfa3-7bbbb59078b9,2024-12-13,12,5,21.92,0,Domicilio,1,AVIACIÓN CIVIL,0,50,38.0,0
b9ace176-cb31-44d2-b862-a67ef76d82a2,2024-12-14,12,6,13.67,1,Domicilio,1,CENTRO,0,50,29.0,0
ce00bd35-222c-4351-a9ef-efe7ab38b824,2024-12-14,12,6,14.25,1,Domicilio,5,PARQUE DE POBLAMIENTO,0,50,50.0,0
3580b72d-a355-41fc-97d6-377af5975dd8,2024-12-14,12,6,15.5,1,Domicilio,1,PARQUE DE POBLAMIENTO,0,50,36.0,0
935aef20-024a-4d63-847f-ab2a5ae9c5aa,2024-12-14,12,6,16.08,1,Domicilio,2,TODOS POR HIDALGO,0,50,44.0,0
f90c4db3-ebe5-4d78-96e2-1b3f299c33f8,2024-12-14,12,6,23.58,1,Mostrador,2,LOCAL,0,30,25.0,0
c9bd4d1f-140d-4edb-b7a3-6006ca6b92bb,2024-12-15,12,7,18.25,1,Recoger,2,LOCAL,0,30,34.0,1
efd529e0-badc-4ecd-99a9-75e2e6d1bd81,2024-12-15,12,7,18.75,1,Recoger,4,LOCAL,1,30,48.0,1
704bcb85-732f-44e7-9cb5-cc6a7bbfabf0,2024-12-15,12,7,19.5,1,Recoger,5,LOCAL,0,30,49.0,1
4606892f-0487-4334-9fb0-cfd0d3d3a03c,2024-12-15,12,7,21.33,1,Domicilio,3,TODOS POR HIDALGO,0,50,60.0,1
c29fdf0e-3b74-4cb8-b66a-baa3c02e2897,2024-12-17,12,2,13.75,0,Recoger en tienda,2,LOCAL,0,30,17.0,0
8b684369-d522-4b39-bf42-64dbc8d622ac,2024-12-17,12,2,19.83,0,Domicilio,4,LA LOMITA,0,50,44.0,0
b0b65460-fe2d-475f-af69-c6b6c660ff13,2024-12-17,12,2,20.17,0,Domicilio,3,LA LOMITA,1,50,47.0,0
5404676b-1777-44f7-bfce-dbf46d79643f,2024-12-17,12,2,22.5,0,Domicilio,3,LA LOMITA,0,50,30.0,0
25506c55-5c35-4cd6-ac74-c205519b2a01,2024-12-18,12,3,13.33,0,Recoger en tienda,4,LOCAL,0,30,39.0,1
5783ecfa-e4f3-4ec7-b66c-e82f467f3ca6,2024-12-18,12,3,15.5,0,Mostrador,2,LOCAL,0,30,30.0,0
7f967c3c-39fb-4067-8a06-1be4f3939394,2024-12-18,12,3,17.0,0,Domicilio,5,TRES CRUCES,0,50,53.0,1
ffbb654e-1572-4712-be24-8684b6334c02,2024-12-18,12,3,19.17,0,Domicilio,2,AVIACION,0,50,45.0,0
3a463f43-2efd-45e8-8cdd-fdb2b50d2d2f,2024-12-18,12,3,20.08,0,Domicilio,2,TRES CRUCES,0,50,39.0,0
6889c73a-2727-43d4-a513-434b8053e61d,2024-12-18,12,3,20.75,0,Recoger en tienda,1,LOCAL,0,30,27.0,0
d44159c2-c571-4ac4-b55d-4e960d4a0921,2024-12-18,12,3,21.75,0,Recoger,2,LOCAL,0,30,32.0,1
d886cf03-13ff-4481-95fa-a7291edcda60,2024-12-18,12,3,21.83,0,Mostrador,1,LOCAL,1,30,23.0,0
47caaf75-8748-4d86-a27f-de47eff29c5e,2024-12-19,12,4,17.67,0,Domicilio,3,SANTA IRENE,0,50,39.0,0
66d11b99-b672-4af3-a872-c45edd7538bc,2024-12-19,12,4,18.08,0,Recoger en tienda,3,LOCAL,1,30,34.0,1
fbf3821c-42ac-417b-a09a-ad816fd117ff,2024-12-20,12,5,15.83,0,Recoger en tienda,3,LOCAL,0,30,28.0,0
d8f2ae42-fb80-4f43-baa2-2959cdf2c173,2024-12-20,12,5,18.5,0,Domicilio,1,CENTRO,0,50,37.0,0
937fd9a2-d1e1-4bfe-82ed-c876ec7dab04,2024-12-20,12,5,19.58,0,Recoger,4,LOCAL,0,30,33.0,1
3ee2f2a8-2ea5-4d16-a68f-cdecf5fbda06,2024-12-20,12,5,20.17,0,Recoger,1,LOCAL,0,30,28.0,0
4edfbf7f-39d4-48ec-89c1-eba2ba041b69,2024-12-21,12,6,20.08,1,Recoger en tienda,3,LOCAL,0,30,36.0,1
f721bb87-b3a5-4931-b5d8-acd0c2089ee3,2024-12-21,12,6,21.17,1,Recoger en tienda,6,LOCAL,0,30,52.0,1
c47d4573-46d8-4368-a041-5e1c18fdb787,2024-12-21,12,6,22.25,1,Recoger,3,LOCAL,0,30,33.0,1
ca522d59-2c2a-4c08-8366-20972cb7c1b0,2024-12-21,12,6,23.25,1,Recoger en tienda,2,LOCAL,0,30,26.0,0
af1f7ff9-92eb-45dc-b12f-f4d3afbc9a43,2024-12-22,12,7,14.17,1,Recoger en tienda,3,LOCAL,0,30,29.0,0
86161852-932d-47e2-a501-8d2d85f483ac,2024-12-22,12,7,21.33,1,Recoger,6,LOCAL,0,30,59.0,1
c201f0e2-7ca1-4db2-b880-15cdf87d0b53,2024-12-23,12,1,20.42,0,Recoger,1,LOCAL,0,30,32.0,1
a3f2106c-5ed1-49b5-96f8-d5eb5685841f,2024-12-23,12,1,22.0,0,Domicilio,4,TRES CRUCES,0,50,54.0,1
472c2a80-46aa-4d66-9fc5-b7a88b49a3bd,2024-12-23,12,1,22.5,0,Domicilio,4,SANTA IRENE,1,50,49.0,0
660bb564-77cd-4247-a81c-39b500a74f18,2024-12-25,12,3,17.83,0,Domicilio,1,AVIACIÓN CIVIL,0,50,37.0,0
b5c1aa07-05bd-414f-8b82-19cbf73c898b,2024-12-26,12,4,20.33,0,Recoger en tienda,1,LOCAL,0,30,20.0,0
51ee5433-bb1f-4309-a99c-c97d16cd9ab7,2024-12-27,12,5,18.17,0,Domicilio,2,AVIACIÓN CIVIL,0,50,38.0,0
c7bff7d3-cd48-4877-8ed1-a240ac691d91,2024-12-27,12,5,18.83,0,Recoger,3,LOCAL,0,30,34.0,1
53e27236-cbc1-443c-a498-8068c1154f2a,2024-12-27,12,5,19.0,0,Mostrador,3,LOCAL,1,30,34.0,1
8577c117-6814-4c58-99b2-7706845041ee,2024-12-27,12,5,19.5,0,Recoger en tienda,2,LOCAL,1,30,32.0,1
2356084d-e3a5-4ef8-9eac-be5595c3e1ab,2024-12-27,12,5,22.67,0,Domicilio,1,SANTA IRENE,0,50,41.0,0
fdbc26e1-4e0e-42f2-b833-a856c1454732,2024-12-28,12,6,13.83,1,Recoger,3,LOCAL,0,30,35.0,1
3089bc94-e1f6-4b44-bc1e-5117f396788d,2024-12-28,12,6,15.42,1,Recoger,3,LOCAL,0,30,23.0,0
83218345-17a6-4c21-a211-804b737c20e8,2024-12-28,12,6,15.92,1,Domicilio,3,ROJO GOMEZ,1,50,52.0,1
50c23ebd-8dc7-4e33-a8e6-03cdca85ed7e,2024-12-28,12,6,18.42,1,Domicilio,4,PARQUE DE POBLAMIENTO,0,50,59.0,1
1f5517de-6a8d-4d19-8b6e-50857534263c,2024-12-28,12,6,22.42,1,Recoger en tienda,2,LOCAL,0,30,21.0,0
a590c4c2-0c4c-4b9f-af7c-d429f7b65c47,2024-12-28,12,6,23.17,1,Domicilio,3,ROJO GOMEZ,0,50,53.0,1
74bec993-93ac-4d03-8850-ba7b67dedf0c,2024-12-28,12,6,23.17,1,Recoger,6,LOCAL,1,30,45.0,1
b02c1808-9e82-4b82-983f-dea49cb7155f,2024-12-29,12,7,19.0,1,Recoger,2,LOCAL,0,30,38.0,1
18e96641-0d2d-472e-93cc-f2fb13dca98e,2024-12-29,12,7,19.08,1,Domicilio,3,TODOS POR HIDALGO,1,50,53.0,1
9dff360c-c61f-4697-8bfc-add283e2c59a,2024-12-29,12,7,19.42,1,Recoger,3,LOCAL,2,30,37.0,1
079ce173-c847-403d-ad6c-e0e829a4e4db,2024-12-29,12,7,22.83,1,Domicilio,2,CHACATITLA,0,50,45.0,0
f47add99-3677-4353-a19b-2ab5548c329f,2024-12-29,12,7,23.33,1,Domicilio,4,AVIACION,1,50,44.0,0
5ceb1039-9077-4a9d-abe5-ac4bc8d3026b,2024-12-30,12,1,15.83,0,Domicilio,5,PARQUE DE POBLAMIENTO,0,50,52.0,1
1ee96696-8e91-4fad-be59-d42165d28f7b,2024-12-30,12,1,18.5,0,Recoger,2,LOCAL,0,30,31.0,1
90f8ebe4-59b6-4474-8f4c-a4a64532a874,2024-12-31,12,2,17.42,0,Domicilio,4,CENTRO,0,50,41.0,0
43b72f00-909a-4453-b132-fab00fa06238,2024-12-31,12,2,19.42,0,Domicilio,6,TODOS POR HIDALGO,0,50,61.0,1
6cc8c825-26de-4dc1-aa2f-4a6088304b42,2025-01-01,1,3,20.42,0,Mostrador,2,LOCAL,0,30,29.0,0
c86b5e44-b3db-46db-a840-73337fe87444,2025-01-01,1,3,21.17,0,Mostrador,2,LOCAL,0,30,25.0,0
909d02fa-64c0-4aaa-b613-d2a573325f22,2025-01-01,1,3,21.83,0,Mostrador,4,LOCAL,0,30,34.0,1
97cec2d0-c6d4-4ecb-8561-8a3f6cdccdef,2025-01-02,1,4,17.33,0,Recoger en tienda,4,LOCAL,0,30,26.0,0
2b4a51bb-e792-4af0-b563-8cfd982f87b6,2025-01-02,1,4,18.08,0,Recoger,4,LOCAL,0,30,35.0,1
6f8eebee-7e66-4b83-a96b-b6aec306be11,2025-01-02,1,4,19.08,0,Domicilio,3,SANTA IRENE,0,50,48.0,0
f5c47f5f-3f6a-4823-b8b3-4d21c0498a17,2025-01-02,1,4,19.92,0,Mostrador,2,LOCAL,0,30,32.0,1
492bf9df-82c7-43ef-a9dd-cb34cf5c8c28,2025-01-02,1,4,19.92,0,Domicilio,1,LA LOMITA,1,50,37.0,0
faa95867-596f-4197-aeab-176b599770cb,2025-01-03,1,5,18.33,0,Recoger,2,LOCAL,0,30,37.0,1
8d72f55c-7961-481f-af8b-3251d702c08c,2025-01-03,1,5,21.75,0,Recoger en tienda,2,LOCAL,0,30,29.0,0
13842623-d5fd-42fc-9406-9c2da8bfa06b,2025-01-03,1,5,22.0,0,Recoger en tienda,1,LOCAL,1,30,23.0,0
39cc5ded-169f-4549-b2ba-419ecde71fff,2025-01-04,1,6,16.25,1,Recoger en tienda,2,LOCAL,0,30,37.0,1
0cfdd930-ae49-42cf-a68c-a6bdb60f78d9,2025-01-04,1,6,16.58,1,Recoger,4,LOCAL,1,30,33.0,1
6d032256-e93f-405b-a27e-daff13cbe194,2025-01-04,1,6,21.5,1,Domicilio,2,TODOS POR HIDALGO,0,50,46.0,0
8c2be085-c044-4ae3-a1ef-ba598557af67,2025-01-04,1,6,23.83,1,Domicilio,3,COLALAMBRE,0,50,44.0,0
6406809a-1fb1-442d-aa2d-98ee5a25e293,2025-01-05,1,7,19.67,1,Domicilio,1,TRES CRUCES,0,50,50.0,0
e7e29883-320a-46c8-886a-afc972e571f1,2025-01-05,1,7,19.67,1,Domicilio,2,ROJO GOMEZ,1,50,44.0,0
10d85b7b-e4dd-4d77-8106-38bfc0f6b85b,2025-01-05,1,7,20.0,1,Domicilio,2,AVIACION,2,50,49.0,0
62dc1c96-0838-4f55-aa42-7c08c3503b32,2025-01-06,1,1,13.75,0,Recoger,2,LOCAL,0,30,17.0,0
29d8c4b2-ee84-4ff7-90ad-d1d14e730d28,2025-01-06,1,1,18.42,0,Domicilio,2,TRES CRUCES,0,50,40.0,0
c138c561-5114-4634-855e-49971abe4c31,2025-01-06,1,1,19.25,0,Recoger,7,LOCAL,0,30,57.0,1
384fb811-c16d-4dee-be09-d6517b679592,2025-01-08,1,3,14.67,0,Domicilio,3,AVIACIÓN CIVIL,0,50,41.0,0
9e99bc05-0aad-4c30-9148-010c52349546,2025-01-08,1,3,16.67,0,Mostrador,4,LOCAL,0,30,29.0,0
8f2b436c-f21c-413f-807a-817ee46c932d,2025-01-08,1,3,19.83,0,Mostrador,3,LOCAL,0,30,27.0,0
32e4e600-61d6-47c3-8a57-d5d5403154f5,2025-01-09,1,4,19.75,0,Domicilio,3,PARQUE DE POBLAMIENTO,0,50,53.0,1
7f8ff3cb-f177-45fe-b315-dd171ca0c264,2025-01-09,1,4,23.17,0,Domicilio,2,ROJO GOMEZ,0,50,35.0,0
8e2add91-3d94-4e25-8226-286c0542ecd3,2025-01-10,1,5,18.42,0,Domicilio,7,PARQUE DE POBLAMIENTO,0,50,60.0,1
358b0ff5-22ee-4fa4-b3da-0d629a498045,2025-01-10,1,5,18.5,0,Domicilio,1,CENTRO,1,50,37.0,0
2bbcf7c5-37bc-4441-a434-51681be9b46f,2025-01-10,1,5,23.08,0,Mostrador,2,LOCAL,0,30,27.0,0
6b06c085-fa80-43e7-af7a-d76554b4fc6f,2025-01-11,1,6,18.5,1,Domicilio,6,LOS CANTORES,0,50,67.0,1
4e4d0ece-5eca-4b3c-88d2-eee94cbb5437,2025-01-11,1,6,19.17,1,Mostrador,5,LOCAL,0,30,39.0,1
d022a8c9-73d9-4100-a219-16ee76247fb3,2025-01-11,1,6,20.25,1,Mostrador,3,LOCAL,0,30,34.0,1
add02682-1970-45e1-aea9-dbca1dfac886,2025-01-11,1,6,22.33,1,Mostrador,3,LOCAL,0,30,36.0,1
15de2f71-714f-467f-971c-c05d39510030,2025-01-12,1,7,13.67,1,Recoger,2,LOCAL,0,30,28.0,0
d3100835-1822-4df4-b91a-5278decb07a3,2025-01-12,1,7,14.5,1,Domicilio,3,CHACATITLA,0,50,40.0,0
9a648ed5-3473-47b7-a71a-5540530cb652,2025-01-12,1,7,18.58,1,Recoger,6,LOCAL,0,30,46.0,1
47cb274c-9399-4e10-9f66-bff249182a5a,2025-01-12,1,7,18.58,1,Mostrador,2,LOCAL,1,30,35.0,1
a5dad460-9a4d-4054-aec4-7234ab0228f7,2025-01-12,1,7,20.33,1,Domicilio,2,TODOS POR HIDALGO,0,50,46.0,0
06b92f51-47fe-465f-a5da-dcee719ba83d,2025-01-12,1,7,23.5,1,Domicilio,2,ROJO GOMEZ,0,50,37.0,0
35f06f9b-4b2d-4698-baac-96ef30ebe2b5,2025-01-13,1,1,17.92,0,Recoger,3,LOCAL,0,30,31.0,1
ef5c678c-7b23-41c1-adba-37c58366a7b8,2025-01-13,1,1,19.58,0,Recoger en tienda,4,LOCAL,0,30,41.0,1
f6a72f69-1f31-470c-9516-1731e7510783,2025-01-14,1,2,21.0,0,Recoger en tienda,2,LOCAL,0,30,33.0,1
2c9335d0-e866-4cb4-b421-93a6655ecf3c,2025-01-15,1,3,17.17,0,Domicilio,5,CHACATITLA,0,50,44.0,0
0edd126e-2e09-46eb-810d-34e91e1b868d,2025-01-15,1,3,18.67,0,Recoger,3,LOCAL,0,30,35.0,1
71bf666f-05a9-43d8-bdef-23d9f3e90d16,2025-01-16,1,4,17.17,0,Recoger en tienda,1,LOCAL,0,30,15.0,0
cd8d408f-e1b1-4801-af7a-d5774b350df4,2025-01-16,1,4,18.0,0,Recoger en tienda,4,LOCAL,0,30,35.0,1
4ee3b5f1-0e82-448d-a0b1-78c30d06d3d2,2025-01-16,1,4,18.5,0,Domicilio,3,PARQUE DE POBLAMIENTO,1,50,54.0,1
94dfc423-0cd7-42a0-ac3a-b86c9ae956a4,2025-01-16,1,4,19.92,0,Domicilio,1,PARQUE DE POBLAMIENTO,0,50,43.0,0
4eb6e171-3416-4d9f-8881-c8f62ea07e97,2025-01-16,1,4,22.17,0,Domicilio,4,COLALAMBRE,0,50,41.0,0
9af28921-dd88-4181-b9e5-937d8d0d87ca,2025-01-17,1,5,16.33,0,Domicilio,3,TRES CRUCES,0,50,44.0,0
a1f47667-a6f7-411a-87b1-8a2666ca9da7,2025-01-17,1,5,17.33,0,Domicilio,2,COLALAMBRE,0,50,41.0,0
41c91426-a8ac-457f-bbd8-87d2d359cf9b,2025-01-17,1,5,17.5,0,Recoger en tienda,1,LOCAL,1,30,21.0,0
e38220c7-1f6f-4903-9563-bbda01182eff,2025-01-17,1,5,17.58,0,Domicilio,2,AVIACIÓN CIVIL,2,50,38.0,0
00b94069-3675-4948-b07b-87c4838d5036,2025-01-17,1,5,21.5,0,Mostrador,4,LOCAL,0,30,27.0,0
652f0add-abed-4a7c-aa02-37c8b8956255,2025-01-18,1,6,14.67,1,Recoger,3,LOCAL,0,30,31.0,1
88633a4a-7865-4855-8a1b-bea74f1a825f,2025-01-18,1,6,22.17,1,Recoger en tienda,4,LOCAL,0,30,26.0,0
18705d2c-b37f-4ef1-b0e6-793eec62c38f,2025-01-19,1,7,21.83,1,Domicilio,1,AVIACION,0,50,36.0,0
867d0fce-648c-4b2f-b97d-b65a0fbe3356,2025-01-19,1,7,22.5,1,Domicilio,1,CENTRO,0,50,32.0,0
be0db070-26a4-45c6-9442-69e613b3d353,2025-01-20,1,1,16.75,0,Domicilio,2,TODOS POR HIDALGO,0,50,39.0,0
ece00a60-968b-4c7f-9bae-2f8dd1202a56,2025-01-20,1,1,17.0,0,Mostrador,4,LOCAL,1,30,36.0,1
6dd0c525-86d2-4e5f-aa8b-8ebc6a726788,2025-01-20,1,1,18.83,0,Mostrador,3,LOCAL,0,30,29.0,0
9dded5a4-978d-4335-9032-cf0a2022cce6,2025-01-21,1,2,19.75,0,Recoger,1,LOCAL,0,30,19.0,0
ee5efdf7-ac96-4b43-8932-85cb2acc8654,2025-01-22,1,3,14.92,0,Mostrador,4,LOCAL,0,30,28.0,0
8f9369ab-b273-4991-a20a-efd78a5757cd,2025-01-22,1,3,20.58,0,Recoger en tienda,3,LOCAL,0,30,28.0,0
5d480ff3-c30c-4972-8dde-eb8b46fbd0c2,2025-01-22,1,3,22.75,0,Domicilio,1,CHACATITLA,0,50,33.0,0
5c82d8ec-5be6-4d2e-8d48-35a1705d19f1,2025-01-23,1,4,13.67,0,Recoger en tienda,2,LOCAL,0,30,19.0,0
5300f6c5-fa11-4fe8-91f4-41510126c194,2025-01-23,1,4,18.08,0,Domicilio,3,CHACATITLA,0,50,48.0,0
ba9c8d96-ebbd-4510-9482-2d7fd617fd01,2025-01-23,1,4,18.25,0,Domicilio,3,LA LOMITA,1,50,45.0,0
9ccab880-feb2-4a99-a14a-e197ca461952,2025-01-23,1,4,19.42,0,Domicilio,5,CENTRO,0,50,51.0,1
7c348f83-2063-4e6e-bba6-2ee958e2849f,2025-01-23,1,4,21.83,0,Recoger en tienda,5,LOCAL,0,30,37.0,1
4e0449f7-98c3-4555-82e4-d747925a8544,2025-01-24,1,5,20.25,0,Recoger en tienda,4,LOCAL,0,30,33.0,1
b3fc5fd8-5a1c-40ed-8aa6-5276a9779b28,2025-01-24,1,5,21.5,0,Domicilio,3,COLALAMBRE,0,50,47.0,0
2501670a-a311-47c2-9ead-9276d2a00d6f,2025-01-25,1,6,18.08,1,Domicilio,2,ROJO GOMEZ,0,50,42.0,0
811b6419-639c-4df0-843e-cdc8d3ac85bb,2025-01-25,1,6,18.17,1,Mostrador,2,LOCAL,1,30,35.0,1
3ff46917-3294-4a39-a257-5fce1fd69363,2025-01-25,1,6,18.83,1,Recoger,6,LOCAL,0,30,48.0,1
e9244afa-6790-4fc5-a2e7-739b1fa201c8,2025-01-25,1,6,19.58,1,Recoger en tienda,2,LOCAL,0,30,29.0,0
ce856012-673a-44a3-98fc-ad6f93dec86f,2025-01-25,1,6,23.17,1,Domicilio,5,PARQUE DE POBLAMIENTO,0,50,54.0,1
a60d0960-73da-4175-a41a-07797a0c8a6d,2025-01-26,1,7,21.5,1,Recoger en tienda,7,LOCAL,0,30,55.0,1
e057d7d5-12d8-4ad8-b272-5efcac4d1177,2025-01-27,1,1,13.42,0,Domicilio,2,COLALAMBRE,0,50,41.0,0
ac3c6422-dc33-4342-80bb-360c353e0270,2025-01-27,1,1,19.25,0,Domicilio,4,CENTRO,0,50,45.0,0
6cc2f7a5-c6a9-47cd-baf5-836ac7ea4f5e,2025-01-27,1,1,21.58,0,Domicilio,4,AVIACIÓN CIVIL,0,50,53.0,1
818a0b70-3d4c-4588-8014-e9c8fe7481a8,2025-01-27,1,1,23.0,0,Domicilio,2,CENTRO,0,50,31.0,0
3bd4e486-45cb-49ed-a65b-97c121a906c2,2025-01-28,1,2,14.83,0,Domicilio,2,PARQUE DE POBLAMIENTO,0,50,36.0,0
74544084-1549-449d-8d48-a0f697182252,2025-01-28,1,2,19.0,0,Domicilio,7,CENTRO,0,50,62.0,1
d21bbc1c-8164-46aa-b1e6-2c1ff3b31695,2025-01-28,1,2,22.5,0,Domicilio,2,CENTRO,0,50,29.0,0
df52497c-5834-4e5d-9b8b-8d63b3788d1a,2025-01-29,1,3,19.75,0,Domicilio,2,SANTA IRENE,0,50,43.0,0
015db0be-1b44-4769-b943-9c4d731721e6,2025-01-29,1,3,21.25,0,Recoger en tienda,5,LOCAL,0,30,42.0,1
a5442ec8-e894-4b9b-b6f2-144f0239ac34,2025-01-30,1,4,18.83,0,Domicilio,4,AVIACION,0,50,48.0,0
fd49a731-a7bf-4c9f-b3e9-a8cf88a57dca,2025-01-31,1,5,13.92,0,Mostrador,4,LOCAL,0,30,32.0,1
56b4b8ed-b648-46f6-9249-a034996d049c,2025-01-31,1,5,18.25,0,Mostrador,2,LOCAL,0,30,29.0,0
f3821111-f4b4-43e3-a070-c6482d7194e7,2025-01-31,1,5,21.33,0,Recoger,1,LOCAL,0,30,21.0,0
ae6e42ac-ccb4-4b81-aa63-3c184eea8e6a,2025-02-01,2,6,15.33,1,Recoger,5,LOCAL,0,30,40.0,1
ada489dc-b417-4168-85a0-c75419987c44,2025-02-01,2,6,18.83,1,Domicilio,4,LOS CANTORES,0,50,51.0,1
3802e42b-89b9-4102-bd93-5d3f4c92a971,2025-02-01,2,6,21.17,1,Recoger en tienda,4,LOCAL,0,30,40.0,1
a42e5249-4566-4269-9d65-8e7795033e6b,2025-02-01,2,6,22.42,1,Domicilio,4,CENTRO,0,50,37.0,0
c508ef08-3c0f-4949-a2ad-7e8e9a76f2f1,2025-02-01,2,6,23.42,1,Recoger,3,LOCAL,0,30,30.0,0
1f3e1f56-e4d9-4e70-8c8a-0935ed027264,2025-02-02,2,7,13.92,1,Domicilio,5,AVIACION,0,50,57.0,1
1ac2a0b1-0d1f-4f05-86ac-670990d1a8f7,2025-02-03,2,1,14.25,0,Recoger en tienda,5,LOCAL,0,30,34.0,1
0a5c7e52-b9fd-4dd8-92c5-b538ec23dd60,2025-02-03,2,1,18.58,0,Domicilio,4,PARQUE DE POBLAMIENTO,0,50,54.0,1
f71fa11e-34ce-44a6-9106-ab7d569ffa8b,2025-02-03,2,1,18.75,0,Recoger,4,LOCAL,1,30,42.0,1
27f126bf-aadc-4e6f-8d26-25aeba0ec868,2025-02-04,2,2,18.58,0,Domicilio,3,TRES CRUCES,0,50,51.0,1
05f64985-98f1-408a-8cf7-f64a246d38ff,2025-02-05,2,3,19.5,0,Domicilio,4,CHACATITLA,0,50,49.0,0
4159a510-eaac-44ad-b9d6-fc643bee27c0,2025-02-05,2,3,21.25,0,Domicilio,3,PARQUE DE POBLAMIENTO,0,50,43.0,0
43a48719-bf66-4241-a6f8-778761e0a778,2025-02-06,2,4,18.0,0,Recoger,3,LOCAL,0,30,31.0,1
f302c808-2bc2-4f94-8600-83c3ae5be63b,2025-02-06,2,4,18.08,0,Recoger en tienda,3,LOCAL,1,30,37.0,1
ceae69aa-8c65-4a43-89fb-10e852b6dee8,2025-02-06,2,4,18.83,0,Recoger en tienda,2,LOCAL,0,30,29.0,0
560264ff-baf1-40ef-b812-61cabf7f3f98,2025-02-06,2,4,19.33,0,Recoger en tienda,5,LOCAL,1,30,42.0,1
05ae520f-8e0e-477a-936c-226f7a12e665,2025-02-06,2,4,21.92,0,Recoger,5,LOCAL,0,30,49.0,1
93023b4f-f76f-4a31-96ad-36f61130eaef,2025-02-07,2,5,14.75,0,Recoger,6,LOCAL,0,30,38.0,1
b428ab67-2c9c-46ee-a4d1-bafa36039861,2025-02-07,2,5,23.83,0,Mostrador,2,LOCAL,0,30,29.0,0
a11008f2-7404-4a56-8e70-178542a772dd,2025-02-08,2,6,13.75,1,Recoger,2,LOCAL,0,30,24.0,0
c89be80c-7a0b-49ff-981f-3649e8307847,2025-02-08,2,6,14.25,1,Recoger,1,LOCAL,1,30,22.0,0
82d7c551-1641-4548-85bd-a4b326badb94,2025-02-08,2,6,20.08,1,Recoger,3,LOCAL,0,30,36.0,1
e0dc2396-baf4-4dfe-a456-310b728d04ac,2025-02-08,2,6,21.67,1,Domicilio,7,ROJO GOMEZ,0,50,70.0,1
163bc2c3-5898-4075-b903-87dcc9e8f15c,2025-02-08,2,6,22.67,1,Recoger en tienda,3,LOCAL,0,30,16.0,0
56bb3e45-26d0-4442-89bd-0c7038929f67,2025-02-09,2,7,13.0,1,Domicilio,4,TRES CRUCES,0,50,50.0,0
c63a2876-cb8f-469d-bad5-3bcc781386a6,2025-02-09,2,7,20.42,1,Mostrador,2,LOCAL,0,30,33.0,1
45d591bf-0240-4421-aec2-e0b5523dbcd3,2025-02-10,2,1,19.33,0,Domicilio,2,AVIACIÓN CIVIL,0,50,41.0,0
e77c5908-377f-4287-b022-f0e5d2977d18,2025-02-10,2,1,20.42,0,Domicilio,4,CHACATITLA,0,50,53.0,1
7cf2a360-83af-4e72-ac2c-1fbb7cd66ef6,2025-02-10,2,1,20.58,0,Recoger en tienda,4,LOCAL,1,30,39.0,1
34186e38-86a0-4fd0-b6a5-98d1d70b6a19,2025-02-11,2,2,18.5,0,Domicilio,2,TRES CRUCES,0,50,52.0,1
a3dd669c-52f8-446f-bd1b-088a9cb32a1c,2025-02-11,2,2,22.33,0,Recoger,6,LOCAL,0,30,34.0,1
ccc5bf23-6b0a-4258-8176-a51c5d27762f,2025-02-11,2,2,22.92,0,Recoger,2,LOCAL,0,30,15.0,0
f414ac03-63f7-4df3-adcf-3567af5050af,2025-02-12,2,3,20.0,0,Domicilio,4,TRES CRUCES,0,50,51.0,1
bdf1d50a-635a-415d-ade9-d276a9dde078,2025-02-12,2,3,22.0,0,Recoger en tienda,4,LOCAL,0,30,23.0,0
960a6640-d287-471b-8ca1-09607364a4db,2025-02-12,2,3,22.83,0,Domicilio,4,SANTA IRENE,0,50,46.0,0
a52b7040-f0a3-4132-970d-c681cff97047,2025-02-13,2,4,19.75,0,Domicilio,1,SANTA IRENE,0,50,42.0,0
e64dd7c0-75c3-400d-8984-ea125488dbea,2025-02-13,2,4,22.67,0,Recoger,2,LOCAL,0,30,31.0,1
1a13b9a8-1135-4107-b179-d014c8a438a1,2025-02-14,2,5,19.33,0,Recoger en tienda,4,LOCAL,0,30,44.0,1
1ce81c02-8972-4b7b-8845-6a466b1b9032,2025-02-15,2,6,17.25,1,Recoger en tienda,2,LOCAL,0,30,29.0,0
8a732a77-a877-4d8a-ad47-58c6e3664572,2025-02-15,2,6,21.17,1,Domicilio,3,TODOS POR HIDALGO,0,50,47.0,0
e0f7deb9-5e9a-465d-be7f-ecd4b9ee126a,2025-02-18,2,2,20.17,0,Recoger,1,LOCAL,0,30,23.0,0
f59a879f-a24b-4cb9-a5c9-411047c2faab,2025-02-18,2,2,22.0,0,Domicilio,6,CHACATITLA,0,50,46.0,0
0c4fb9da-fd05-45c4-b0fe-63a19ff12cc0,2025-02-19,2,3,18.83,0,Recoger en tienda,1,LOCAL,0,30,21.0,0
987d7130-ce8d-483a-a7be-ebad6214de92,2025-02-20,2,4,21.42,0,Recoger en tienda,1,LOCAL,0,30,29.0,0
60e2bbe2-42ac-4fae-9654-579bf89c07d8,2025-02-20,2,4,22.58,0,Mostrador,2,LOCAL,0,30,19.0,0
0fd1ae7c-5222-4f89-9e5e-eea85df3377a,2025-02-21,2,5,18.25,0,Domicilio,1,CENTRO,0,50,27.0,0
1ded81b2-4e64-49c7-9387-1802238e6294,2025-02-21,2,5,19.67,0,Recoger en tienda,2,LOCAL,0,30,31.0,1
d180c9f2-9f0d-45ed-8375-bee0becfbf31,2025-02-22,2,6,18.08,1,Domicilio,3,CHACATITLA,0,50,62.0,1
fc65938c-a62a-4a2b-92e5-af0933fd8ed0,2025-02-22,2,6,18.42,1,Domicilio,5,CHACATITLA,1,50,59.0,1
20767c44-0d21-4943-a5d1-0a878d53375c,2025-02-22,2,6,21.33,1,Recoger,3,LOCAL,0,30,36.0,1
41a84cc6-4024-4c7c-ae68-efd6597ad05d,2025-02-23,2,7,17.0,1,Recoger,2,LOCAL,0,30,27.0,0
505b5b76-23cc-4df3-8396-9612aaf0d91e,2025-02-23,2,7,18.33,1,Domicilio,1,CENTRO,0,50,39.0,0
bd5ff563-74ec-461d-9696-f57f5c0189f4,2025-02-23,2,7,19.83,1,Domicilio,5,LOS CANTORES,0,50,56.0,1
e7b8f3fb-8dbf-4877-95d4-677dec86e682,2025-02-23,2,7,20.08,1,Domicilio,2,LA LOMITA,1,50,46.0,0
0aa8daac-3499-4c4e-90a0-3252743613b8,2025-02-23,2,7,20.67,1,Recoger,5,LOCAL,0,30,43.0,1
307a63fb-9b80-40fd-bf6f-33ff9deba409,2025-02-24,2,1,18.5,0,Domicilio,2,AVIACIÓN CIVIL,0,50,44.0,0
e1f7f919-95cd-4c1c-b1a0-b00aa7c05757,2025-02-24,2,1,19.0,0,Domicilio,5,CHACATITLA,1,50,60.0,1
8b6684bd-42ef-43d8-9b73-001a485bf48c,2025-02-24,2,1,20.33,0,Recoger en tienda,2,LOCAL,0,30,33.0,1
affbe6b9-8e54-47b5-a7c7-6a012e1d4cc6,2025-02-24,2,1,20.83,0,Recoger,5,LOCAL,1,30,41.0,1
bcde195b-6c18-4eb6-a40a-b2584229d556,2025-02-24,2,1,21.92,0,Recoger,3,LOCAL,0,30,27.0,0
89369c14-4157-4ada-997e-4c358ede659b,2025-02-24,2,1,22.83,0,Mostrador,2,LOCAL,0,30,23.0,0
7732bfe2-608a-497a-9f84-3e2c1ec51470,2025-02-24,2,1,23.17,0,Recoger en tienda,6,LOCAL,1,30,48.0,1
3adac7e6-3eb0-40b2-bacc-dcaad1ddb0ea,2025-02-25,2,2,15.58,0,Domicilio,5,ROJO GOMEZ,0,50,54.0,1
c3014c01-d5af-44c4-85f9-0f066138469e,2025-02-25,2,2,20.67,0,Domicilio,2,CHACATITLA,0,50,41.0,0
91fa7ec2-0276-4b95-80f7-0552d986795f,2025-02-25,2,2,22.42,0,Domicilio,2,LA LOMITA,0,50,36.0,0
e6a5c528-8cb8-433c-a1dc-a4a7291561d8,2025-02-26,2,3,15.42,0,Recoger,4,LOCAL,0,30,36.0,1
229516f2-8ebb-484b-9acf-deb81227c857,2025-02-26,2,3,19.08,0,Recoger,4,LOCAL,0,30,38.0,1
b91f8a1a-87a2-44b7-9c1c-3d719b946e5f,2025-02-26,2,3,21.42,0,Recoger,2,LOCAL,0,30,29.0,0
b47d2704-6c13-456f-a80d-39170b28c0af,2025-02-26,2,3,22.75,0,Domicilio,4,COLALAMBRE,0,50,45.0,0
94c8a24b-15a3-4241-9cd5-819f4e00458e,2025-02-27,2,4,21.5,0,Domicilio,5,TRES CRUCES,0,50,52.0,1
652d1723-f56e-4335-9220-6deac7609c49,2025-02-28,2,5,16.25,0,Domicilio,4,ROJO GOMEZ,0,50,53.0,1
593a6493-da7a-4ae8-86bc-656e06ce4baa,2025-02-28,2,5,17.08,0,Domicilio,4,CENTRO,0,50,44.0,0
61761325-4f78-40c2-a61d-cdf1432cc7aa,2025-02-28,2,5,19.92,0,Recoger,2,LOCAL,0,30,26.0,0
6a2ec8dd-5383-4b6e-a998-3b28ac245952,2025-02-28,2,5,21.75,0,Recoger en tienda,2,LOCAL,0,30,28.0,0
9c2b2f64-8cb3-4e5d-b784-b9ad9808cc29,2025-02-28,2,5,23.0,0,Domicilio,2,AVIACIÓN CIVIL,0,50,34.0,0
6ca303bb-5ca5-4935-b32a-1742cb6cf48b,2025-03-01,3,6,18.17,1,Mostrador,3,LOCAL,0,30,40.0,1
e7b374ec-a940-4891-be4d-3a2c36930209,2025-03-01,3,6,18.58,1,Recoger,2,LOCAL,1,30,26.0,0
b3fec98e-0a1c-4e76-99be-e314744a21a6,2025-03-01,3,6,18.83,1,Recoger,6,LOCAL,1,30,46.0,1
c2833c0d-799a-4596-94f9-18d6e20a9a27,2025-03-02,3,7,20.33,1,Recoger,2,LOCAL,0,30,34.0,1
108b5ec3-20d7-403b-a11e-243f138d74c8,2025-03-02,3,7,21.42,1,Recoger en tienda,4,LOCAL,0,30,41.0,1
06ae02ea-abc1-428c-8140-cef2e2dbcb22,2025-03-02,3,7,21.58,1,Mostrador,2,LOCAL,1,30,34.0,1
720c0672-3caa-4e62-a1d3-5d88bfb89d20,2025-03-02,3,7,21.92,1,Recoger,5,LOCAL,2,30,53.0,1
aebf528b-0b78-49ed-ad66-68929a6331ab,2025-03-03,3,1,19.33,0,Mostrador,2,LOCAL,0,30,33.0,1
bc4f1654-fdd9-4513-a140-40fbc1f07a0c,2025-03-03,3,1,21.83,0,Recoger en tienda,4,LOCAL,0,30,36.0,1
2c27e5c0-cccc-458e-a69b-db4ac1fdd228,2025-03-04,3,2,15.83,0,Mostrador,1,LOCAL,0,30,17.0,0
be23b814-7dc8-4aa7-8067-2eec658182ad,2025-03-05,3,3,14.17,0,Mostrador,2,LOCAL,0,30,19.0,0
1f835f9d-eae9-43c7-8e6b-eed70994f6a5,2025-03-05,3,3,18.5,0,Domicilio,6,TODOS POR HIDALGO,0,50,69.0,1
6625a4e0-4638-4eef-8473-d4ab23dccc96,2025-03-05,3,3,19.67,0,Mostrador,3,LOCAL,0,30,37.0,1
f496be9b-4dde-4a30-88e8-1126a317ad3a,2025-03-05,3,3,21.17,0,Domicilio,2,SANTA IRENE,0,50,49.0,0
d00bfa09-39e7-4aae-bd8f-d138c04eb058,2025-03-05,3,3,22.17,0,Domicilio,3,PARQUE DE POBLAMIENTO,0,50,42.0,0
d763102d-9a84-4eef-ab23-aee96964c5d3,2025-03-06,3,4,13.92,0,Mostrador,7,LOCAL,0,30,45.0,1
2db66de4-b2bb-464b-9ae4-7c1a2a88cd74,2025-03-07,3,5,15.08,0,Domicilio,3,AVIACIÓN CIVIL,0,50,38.0,0
5f0c922e-3845-42a6-8d7d-4fb1ea16995e,2025-03-07,3,5,20.0,0,Mostrador,1,LOCAL,0,30,29.0,0
f79ec108-fba6-4243-bb35-4525fa7e5815,2025-03-07,3,5,20.67,0,Mostrador,4,LOCAL,0,30,36.0,1
fa1094dd-88a8-471c-a64c-ba0a36766059,2025-03-07,3,5,21.92,0,Mostrador,5,LOCAL,0,30,40.0,1
c3890d2d-f051-400c-b77a-d78c0938d3e6,2025-03-08,3,6,13.0,1,Domicilio,1,CHACATITLA,0,50,36.0,0
70cfc18f-0a0e-40a8-b916-380fe8edfced,2025-03-08,3,6,17.67,1,Recoger,4,LOCAL,0,30,34.0,1
b9322c43-165d-4bf1-9ea1-1d19ac8c3dc0,2025-03-08,3,6,22.17,1,Mostrador,2,LOCAL,0,30,25.0,0
368c7abf-3bd9-45f2-b5b1-4745ee01cb18,2025-03-08,3,6,22.75,1,Recoger,4,LOCAL,0,30,38.0,1
dd51d2c5-44b9-4300-aaae-9aec72f94490,2025-03-09,3,7,15.25,1,Recoger,5,LOCAL,0,30,43.0,1
c9201c4c-cec7-4177-95ba-4e11a6e09aca,2025-03-10,3,1,21.75,0,Domicilio,4,CHACATITLA,0,50,49.0,0
3f3dae2e-e0e3-4bd1-9944-ec75ee6ebe60,2025-03-11,3,2,21.5,0,Domicilio,1,COLALAMBRE,0,50,39.0,0
518c52d8-2929-4752-b584-a1402f149b33,2025-03-12,3,3,14.42,0,Domicilio,2,LA LOMITA,0,50,40.0,0
02ab397d-f718-489a-acd6-637c64521151,2025-03-13,3,4,13.67,0,Recoger,3,LOCAL,0,30,23.0,0
93b00b64-7d87-439d-b372-037c1c459934,2025-03-13,3,4,21.58,0,Mostrador,5,LOCAL,0,30,44.0,1
061337ff-513c-4884-8e37-7b73fdd4dde0,2025-03-14,3,5,14.17,0,Recoger,4,LOCAL,0,30,32.0,1
bb84a4f1-c765-4a4d-96c3-f5a1dea31dcf,2025-03-14,3,5,20.75,0,Mostrador,5,LOCAL,0,30,48.0,1
708ebf1d-c269-4afd-9780-40d39b195a53,2025-03-15,3,6,14.0,1,Domicilio,5,SANTA IRENE,0,50,50.0,0
335935d4-291b-4bb4-ad5e-64138ae0c469,2025-03-15,3,6,16.5,1,Domicilio,5,COLALAMBRE,0,50,60.0,1
4b9baac4-bdb5-4d86-8128-992d33abe986,2025-03-15,3,6,19.08,1,Recoger,3,LOCAL,0,30,37.0,1
309e3d27-1351-4fc0-a9d5-73c5664fa915,2025-03-15,3,6,20.17,1,Domicilio,5,CENTRO,0,50,49.0,0
b7d5be0b-e0f6-4566-acd6-15b91d1a01c3,2025-03-16,3,7,14.0,1,Recoger en tienda,5,LOCAL,0,30,37.0,1
d6cc5366-b725-4c90-959e-b73744eb6b48,2025-03-16,3,7,14.25,1,Recoger,2,LOCAL,1,30,33.0,1
353bf99f-6558-462b-9f17-cdc69d347df8,2025-03-16,3,7,20.75,1,Mostrador,3,LOCAL,0,30,37.0,1
88fa6939-9b66-407e-b507-aacda9c9389a,2025-03-16,3,7,20.83,1,Recoger,3,LOCAL,1,30,38.0,1
5d63841b-083d-451e-87ee-f13c317809ee,2025-03-17,3,1,14.25,0,Domicilio,4,AVIACIÓN CIVIL,0,50,39.0,0
bc19a265-4385-4b19-9611-668a2f815020,2025-03-17,3,1,20.83,0,Recoger,2,LOCAL,0,30,29.0,0
d35dfabc-f998-46cc-8bcc-cfa7d86937f9,2025-03-17,3,1,20.83,0,Recoger,2,LOCAL,1,30,27.0,0
8350f7bd-96c2-4e59-9808-a52db5a3f203,2025-03-17,3,1,21.92,0,Domicilio,7,TODOS POR HIDALGO,0,50,65.0,1
4830a787-cc2d-494e-8bcc-b6e94e00fdad,2025-03-17,3,1,22.58,0,Domicilio,2,SANTA IRENE,0,50,43.0,0
7fab1601-9d27-4b87-8c19-20ff6d546199,2025-03-18,3,2,19.25,0,Domicilio,2,ROJO GOMEZ,0,50,45.0,0
ea2fe05f-e386-41dd-9885-73ea978fec2e,2025-03-18,3,2,22.67,0,Recoger,2,LOCAL,0,30,22.0,0
182be1c9-c455-4f6d-99b4-23e6fe7f2f46,2025-03-18,3,2,23.17,0,Recoger,4,LOCAL,1,30,38.0,1
1b4eb5f2-49eb-42c2-a834-643b8e6ebfc4,2025-03-19,3,3,23.92,0,Recoger,3,LOCAL,0,30,27.0,0
e90abb48-2e8d-44a2-b5f3-4f014ca404fb,2025-03-20,3,4,14.25,0,Mostrador,2,LOCAL,0,30,19.0,0
b9599897-06d6-4155-bf51-88383ccac294,2025-03-20,3,4,21.08,0,Domicilio,4,LOS CANTORES,0,50,47.0,0
df6ff9d7-4e55-4353-80c7-a292a2056f84,2025-03-20,3,4,21.58,0,Domicilio,3,CHACATITLA,1,50,44.0,0
348e5d91-8a2f-4e9f-b804-d0f9cde27be2,2025-03-20,3,4,23.17,0,Recoger en tienda,2,LOCAL,0,30,23.0,0
75b85274-ec2d-45a3-9db1-237354cbd076,2025-03-21,3,5,13.67,0,Mostrador,4,LOCAL,0,30,35.0,1
3f753ab4-4738-484c-b161-2e461a6c4697,2025-03-21,3,5,20.5,0,Recoger en tienda,5,LOCAL,0,30,38.0,1
0727826b-c54c-4c89-b31b-4b5b85024fc0,2025-03-22,3,6,20.75,1,Domicilio,4,SANTA IRENE,0,50,58.0,1
8189592f-6bb6-47e2-aae3-95139f419897,2025-03-23,3,7,16.17,1,Mostrador,2,LOCAL,0,30,27.0,0
f6e5693c-882a-44fa-87a1-3b252abae2f0,2025-03-24,3,1,18.83,0,Mostrador,4,LOCAL,0,30,35.0,1
afe19a49-c8cf-4140-a85b-5139084d70f1,2025-03-25,3,2,21.0,0,Recoger en tienda,4,LOCAL,0,30,39.0,1
4c9b1fac-ed01-4f72-bdb9-f2ad96298855,2025-03-25,3,2,23.83,0,Mostrador,2,LOCAL,0,30,25.0,0
08106fb3-68cc-45f9-9474-5299fa7fbdf5,2025-03-26,3,3,13.25,0,Recoger en tienda,2,LOCAL,0,30,22.0,0
8a345165-a060-4d1b-8170-5458bf2133e2,2025-03-26,3,3,15.58,0,Domicilio,2,LA LOMITA,0,50,33.0,0
ec6ee2b4-b0da-4de4-be96-d0c9987948cf,2025-03-26,3,3,16.83,0,Mostrador,1,LOCAL,0,30,15.0,0
4841c2a9-65ee-42b5-a5fe-2666d9deb946,2025-03-26,3,3,18.42,0,Recoger en tienda,4,LOCAL,0,30,34.0,1
6e671327-8077-4fc9-8837-9bed64c5d159,2025-03-26,3,3,18.67,0,Domicilio,5,AVIACION,1,50,61.0,1
da83026a-7ab6-415f-acf6-94931819646c,2025-03-26,3,3,19.25,0,Recoger,4,LOCAL,0,30,36.0,1
ad6246ef-24fd-45a1-9918-bc2d25c1b803,2025-03-26,3,3,19.67,0,Domicilio,2,LA LOMITA,1,50,47.0,0
438c48f2-fd6c-4dc5-b9d2-1038869cabd5,2025-03-26,3,3,21.33,0,Recoger en tienda,5,LOCAL,0,30,49.0,1
5ab92bfe-24dd-432e-bb65-5ab315bf7ed0,2025-03-26,3,3,21.92,0,Domicilio,3,ROJO GOMEZ,0,50,53.0,1
c7262a83-f4a2-41ba-8c89-62e5229eb2a3,2025-03-27,3,4,16.83,0,Domicilio,4,CHACATITLA,0,50,35.0,0
8bba479f-6d41-4678-a51b-d5efcc9004f3,2025-03-27,3,4,19.25,0,Domicilio,1,SANTA IRENE,0,50,42.0,0
a7a4e7b1-ea4c-4ac0-9a8d-df14d14293a7,2025-03-28,3,5,13.5,0,Mostrador,1,LOCAL,0,30,17.0,0
0ddcf405-a758-4979-98be-49e5f3fae408,2025-03-28,3,5,18.25,0,Recoger,3,LOCAL,0,30,35.0,1
cf4b6292-0e6e-4be1-82fd-4052ff96aa3e,2025-03-29,3,6,17.75,1,Mostrador,3,LOCAL,0,30,29.0,0
0d619bb5-61aa-4ec1-b06f-1cd3b8af7d63,2025-03-29,3,6,19.83,1,Mostrador,6,LOCAL,0,30,51.0,1
e68ff6da-3b25-4b17-94cd-d0fb39d0b88a,2025-03-29,3,6,23.75,1,Recoger en tienda,2,LOCAL,0,30,20.0,0
5b4ce268-18b8-40be-a555-a5f367f094f6,2025-03-30,3,7,14.75,1,Mostrador,4,LOCAL,0,30,32.0,1
432fe58e-189b-4e8d-aeab-6c60ab21cead,2025-03-30,3,7,17.17,1,Recoger en tienda,3,LOCAL,0,30,29.0,0
221ad2fe-6f09-412c-b7d2-60fc92d76b38,2025-03-30,3,7,21.0,1,Mostrador,1,LOCAL,0,30,31.0,1
96fbfba7-c3ee-4343-b871-1780f1f2a953,2025-03-31,3,1,16.08,0,Recoger,2,LOCAL,0,30,27.0,0
0c39b810-c40a-4d74-a3f1-9a00a6233041,2025-03-31,3,1,20.33,0,Domicilio,1,AVIACIÓN CIVIL,0,50,45.0,0
da28cd2c-5ded-4b3a-9d8e-14a0cf4d75c6,2025-04-02,4,3,18.08,0,Domicilio,3,CHACATITLA,0,50,50.0,0
6a4ec07c-da91-44a9-ad5b-80ca6a474344,2025-04-02,4,3,21.5,0,Mostrador,1,LOCAL,0,30,30.0,0
57b25908-50b2-4c5b-a59e-d211766b4410,2025-04-03,4,4,15.5,0,Domicilio,2,ROJO GOMEZ,0,50,42.0,0
539375e1-34cb-433b-a179-4984514f7520,2025-04-03,4,4,23.92,0,Recoger,2,LOCAL,0,30,22.0,0
55e98418-a4e4-4b51-b0bc-f87c666ab2ac,2025-04-04,4,5,19.17,0,Mostrador,3,LOCAL,0,30,32.0,1
c8fbf49c-5703-4cc8-8d67-79f4a43b2b65,2025-04-04,4,5,20.0,0,Domicilio,2,COLALAMBRE,0,50,42.0,0
b75a3c81-af45-4310-bc8d-685a7b2b72da,2025-04-04,4,5,21.58,0,Recoger en tienda,4,LOCAL,0,30,37.0,1
9642bdc7-5282-4bc4-81b3-f01bca1f260b,2025-04-05,4,6,14.08,1,Domicilio,3,ROJO GOMEZ,0,50,55.0,1
252b4eea-9c73-4276-9c66-549e972aded7,2025-04-05,4,6,20.17,1,Recoger en tienda,1,LOCAL,0,30,31.0,1
d49fd1b0-2516-4e85-8e08-ba4a97198494,2025-04-05,4,6,21.58,1,Domicilio,2,TODOS POR HIDALGO,0,50,47.0,0
21118f33-e0a2-443e-8aa8-6b6654b67dee,2025-04-06,4,7,17.08,1,Domicilio,1,CENTRO,0,50,27.0,0
36f14fff-e328-4a2b-a1b0-4da01547b12e,2025-04-06,4,7,17.25,1,Recoger,2,LOCAL,1,30,30.0,0
6746ec6a-2606-472c-a863-aa2bcb1c8321,2025-04-06,4,7,18.42,1,Domicilio,3,LOS CANTORES,0,50,54.0,1
c5dde45f-f651-4981-8472-840fd663df4f,2025-04-06,4,7,18.92,1,Domicilio,2,CENTRO,1,50,45.0,0
c8562f19-3a9f-4b23-b74a-92a692ac9b01,2025-04-06,4,7,21.0,1,Recoger,5,LOCAL,0,30,44.0,1
39a4114c-a3ff-4431-af1d-23c6a520d210,2025-04-07,4,1,14.0,0,Domicilio,2,TRES CRUCES,0,50,39.0,0
6692a274-751f-4e07-8283-34ca44ef6517,2025-04-07,4,1,14.0,0,Recoger en tienda,3,LOCAL,1,30,33.0,1
381d3a27-1ec2-4704-8dde-9bf3c275039b,2025-04-07,4,1,18.42,0,Domicilio,3,AVIACION,0,50,47.0,0
0825b934-5578-4442-ae61-f9bab82ff080,2025-04-07,4,1,19.42,0,Domicilio,2,COLALAMBRE,0,50,49.0,0
140416e2-1842-4867-b800-79c2e8e01d25,2025-04-09,4,3,14.42,0,Domicilio,2,TRES CRUCES,0,50,34.0,0
a6fb71de-42a5-4b00-8071-9e93f5a5e935,2025-04-09,4,3,16.75,0,Recoger en tienda,2,LOCAL,0,30,26.0,0
22efc400-76d5-42e5-be3b-0fc79e309970,2025-04-09,4,3,18.92,0,Domicilio,5,LA LOMITA,0,50,56.0,1
24f38e07-22d4-4f18-a440-45521170868c,2025-04-09,4,3,23.17,0,Domicilio,2,CHACATITLA,0,50,34.0,0
bc909089-54aa-4140-bd7f-0ac3385d34e4,2025-04-09,4,3,23.33,0,Domicilio,1,AVIACIÓN CIVIL,1,50,30.0,0
eb4dc50f-dae8-46cf-9fba-1959343313c6,2025-04-10,4,4,16.33,0,Recoger en tienda,3,LOCAL,0,30,25.0,0
4c0000e8-3e0f-46df-93d2-4cc4540e30b1,2025-04-11,4,5,21.25,0,Recoger en tienda,6,LOCAL,0,30,47.0,1
3bb42d53-c7da-4dd7-b887-e2d88079cd07,2025-04-12,4,6,15.42,1,Domicilio,4,TODOS POR HIDALGO,0,50,49.0,0
b571e504-aa22-4992-b423-70d8c9b99fb3,2025-04-12,4,6,18.25,1,Recoger,2,LOCAL,0,30,33.0,1
4b1c380c-9594-44c1-8747-a8d8a69146ad,2025-04-12,4,6,19.42,1,Recoger,4,LOCAL,0,30,46.0,1
ed89d619-fa34-4c7e-be32-e83b0851e684,2025-04-13,4,7,17.92,1,Recoger en tienda,5,LOCAL,0,30,38.0,1
ad58eb4d-2401-45b5-8640-308d68e3746b,2025-04-13,4,7,19.25,1,Mostrador,2,LOCAL,0,30,28.0,0
2967eb9d-1ffe-4c61-aa05-dc033bca1002,2025-04-13,4,7,19.42,1,Recoger en tienda,5,LOCAL,1,30,42.0,1
87f8f46b-42ce-4216-9494-f816b21bb1a7,2025-04-13,4,7,21.67,1,Domicilio,2,ROJO GOMEZ,0,50,56.0,1
ac6be3aa-68bd-45f8-88a9-757bc3bd89c9,2025-04-13,4,7,23.33,1,Domicilio,5,AVIACION,0,50,48.0,0
54526881-8dff-4a53-8549-3f8bd6947e58,2025-04-14,4,1,15.25,0,Domicilio,5,AVIACIÓN CIVIL,0,50,44.0,0
b0186a9c-ed34-4b91-8968-b6ca45956597,2025-04-14,4,1,18.58,0,Recoger,1,LOCAL,0,30,27.0,0
63f7d490-9536-410d-96fc-d1a0593190ce,2025-04-14,4,1,20.33,0,Recoger en tienda,1,LOCAL,0,30,22.0,0
e8816265-bb00-4958-8d02-85e6d198c8da,2025-04-16,4,3,21.33,0,Domicilio,1,CENTRO,0,50,28.0,0
d5ed27a9-5cce-41cf-b5ec-49188c1f500f,2025-04-16,4,3,23.75,0,Domicilio,2,COLALAMBRE,0,50,35.0,0
92579655-e452-4786-a9a1-a6f589b4e03a,2025-04-17,4,4,19.08,0,Recoger en tienda,4,LOCAL,0,30,37.0,1
de89f2db-670b-4bdc-a4ef-7a5b54301443,2025-04-18,4,5,19.92,0,Recoger,4,LOCAL,0,30,32.0,1
df08fbcb-e0c7-4264-9e8a-4310b2af8778,2025-04-18,4,5,22.75,0,Domicilio,2,SANTA IRENE,0,50,41.0,0
dc3393d5-c3af-4ef3-99a4-885ea4e982f4,2025-04-18,4,5,23.58,0,Recoger en tienda,2,LOCAL,0,30,19.0,0
224a5f9e-dafc-4c7c-bb96-6a81fabb107e,2025-04-19,4,6,19.33,1,Mostrador,2,LOCAL,0,30,40.0,1
1ba71358-a0ce-4a63-bcab-40b7ba9635ae,2025-04-19,4,6,21.0,1,Domicilio,2,COLALAMBRE,0,50,51.0,1
24e74ecd-e888-43c0-9751-d751e5ab9a8a,2025-04-20,4,7,19.75,1,Domicilio,4,SANTA IRENE,0,50,63.0,1
d857f7cb-62f9-4b60-84da-684ba9d3eb78,2025-04-20,4,7,20.75,1,Domicilio,6,CENTRO,0,50,57.0,1
4bc0cdaa-5543-4a16-a229-c9298cba67a4,2025-04-20,4,7,23.25,1,Recoger,6,LOCAL,0,30,39.0,1
2f877f30-7575-400c-881c-47ed0c572795,2025-04-21,4,1,22.58,0,Recoger,3,LOCAL,0,30,27.0,0
b08354e7-96ef-455e-a8c4-3028a1d80b1a,2025-04-22,4,2,17.42,0,Domicilio,1,TRES CRUCES,0,50,25.0,0
a9a35728-e26d-4028-939b-0da50f122593,2025-04-22,4,2,18.08,0,Recoger en tienda,2,LOCAL,0,30,30.0,0
b2123189-b8c0-4eac-91e1-a14325611c7c,2025-04-23,4,3,18.17,0,Domicilio,1,CENTRO,0,50,32.0,0
ef5e78c1-2c25-4dd7-b557-06fd5b228168,2025-04-23,4,3,22.92,0,Recoger,2,LOCAL,0,30,27.0,0
ce814c64-ea45-4c6d-8e1f-b3d62d36132d,2025-04-24,4,4,20.58,0,Recoger,6,LOCAL,0,30,48.0,1
8e976dbb-0c40-4fc3-abfd-5013b0b4a0e9,2025-04-24,4,4,21.92,0,Mostrador,3,LOCAL,0,30,36.0,1
172b94b5-c91b-4901-b70e-d345d1b90d86,2025-04-25,4,5,13.33,0,Recoger,4,LOCAL,0,30,34.0,1
9d0f9d33-fbe9-43ee-86d3-c791e849ed93,2025-04-25,4,5,21.33,0,Mostrador,3,LOCAL,0,30,29.0,0
dcbcd9cb-959d-452e-9312-eb95d04c845a,2025-04-26,4,6,13.92,1,Domicilio,5,ROJO GOMEZ,0,50,52.0,1
9c15df32-749c-4246-9a19-da581394f21b,2025-04-26,4,6,18.33,1,Mostrador,8,LOCAL,0,30,51.0,1
f72383eb-3e43-4dc9-b346-9a16c75d15ce,2025-04-26,4,6,19.92,1,Recoger,3,LOCAL,0,30,40.0,1
ad421983-28b7-4ff9-8272-495b3fd6bd0e,2025-04-26,4,6,20.92,1,Mostrador,4,LOCAL,0,30,42.0,1
974248b1-caf3-4142-86af-3054bb793f59,2025-04-26,4,6,21.33,1,Domicilio,2,TRES CRUCES,1,50,53.0,1
3a0a73c7-a70a-49e8-b388-73e782780451,2025-04-26,4,6,22.75,1,Recoger en tienda,4,LOCAL,0,30,29.0,0
4e4ff277-44c2-4f65-a226-c771abb7f816,2025-04-27,4,7,13.58,1,Recoger en tienda,3,LOCAL,0,30,29.0,0
81c96dfe-d17d-4963-8c90-3a2f1a12f496,2025-04-27,4,7,15.42,1,Domicilio,3,SANTA IRENE,0,50,42.0,0
bc45cf19-ff69-4680-8506-f17333ca119c,2025-04-27,4,7,19.33,1,Recoger en tienda,3,LOCAL,0,30,32.0,1
3125be85-2dc3-4408-8f1d-1a2fd266cebd,2025-04-28,4,1,20.0,0,Domicilio,1,TODOS POR HIDALGO,0,50,51.0,1
16ed6f2e-e6f0-4fc6-b9b3-9dfc10c37d78,2025-04-28,4,1,21.75,0,Domicilio,1,LA LOMITA,0,50,41.0,0
d86189d4-de86-4961-a98d-0d50e61949a9,2025-04-29,4,2,15.0,0,Recoger en tienda,3,LOCAL,0,30,22.0,0
b484cc99-83bf-4c40-b4ee-aa5541b3d6b8,2025-04-29,4,2,15.17,0,Mostrador,2,LOCAL,1,30,28.0,0
988005ba-ef43-4bcd-96fd-a7489e0697f3,2025-04-29,4,2,21.58,0,Recoger en tienda,3,LOCAL,0,30,32.0,1
74fab719-a948-4d08-a4ca-569595c42f4e,2025-04-30,4,3,19.67,0,Domicilio,2,TRES CRUCES,0,50,45.0,0
caba2d41-a7f6-4493-bdcb-4c7fb4ad817f,2025-05-01,5,4,14.83,0,Domicilio,6,SANTA IRENE,0,50,57.0,1
fd1a1f8a-8d78-45f2-80d0-d5022a564727,2025-05-01,5,4,19.25,0,Recoger,5,LOCAL,0,30,44.0,1
f373444b-4d10-4c6a-af2a-9fefa9d4126d,2025-05-01,5,4,23.25,0,Domicilio,2,TRES CRUCES,0,50,37.0,0
d5d99285-db5e-44a5-b949-4459e292a51c,2025-05-02,5,5,20.17,0,Domicilio,3,CENTRO,0,50,38.0,0
abdc0dd1-e447-4d22-bee1-7e3acefe302a,2025-05-03,5,6,15.5,1,Recoger en tienda,3,LOCAL,0,30,31.0,1
0dae319f-0261-4d8f-86d4-07e849d4181d,2025-05-03,5,6,19.58,1,Domicilio,6,CENTRO,0,50,64.0,1
286d9e91-ffbb-455b-9458-e6ee04907167,2025-05-03,5,6,20.83,1,Recoger en tienda,5,LOCAL,0,30,50.0,1
6bde8a94-b055-4b24-98cd-f5e2cdd37c3e,2025-05-04,5,7,14.17,1,Domicilio,2,COLALAMBRE,0,50,45.0,0
063f2045-974e-4170-a309-3d2a3be8aa72,2025-05-04,5,7,17.08,1,Recoger en tienda,5,LOCAL,0,30,43.0,1
a39c4dc4-5cdd-41bf-95da-d5969ce7f8ca,2025-05-04,5,7,18.92,1,Recoger en tienda,2,LOCAL,0,30,34.0,1
0d97a3c9-5084-4248-9cb0-d2fb062b75d6,2025-05-04,5,7,19.17,1,Domicilio,2,CHACATITLA,1,50,48.0,0
f548f86d-6e30-4848-937b-8a12f422ab68,2025-05-04,5,7,19.5,1,Recoger,3,LOCAL,1,30,40.0,1
8044d68b-e14e-483a-b8d1-f896a48d8ac6,2025-05-04,5,7,19.75,1,Recoger en tienda,2,LOCAL,1,30,47.0,1
03d7bb68-27bf-4491-a5bd-533ea482d409,2025-05-05,5,1,16.83,0,Domicilio,2,AVIACIÓN CIVIL,0,50,34.0,0
0c799b44-e890-4bd9-9910-b8c6d231371c,2025-05-05,5,1,18.33,0,Domicilio,5,TRES CRUCES,0,50,65.0,1
d83ac864-4c94-48ef-a496-e053994de683,2025-05-07,5,3,17.42,0,Domicilio,2,CENTRO,0,50,32.0,0
90fa7517-3c67-402a-9e23-48c41434fcb2,2025-05-07,5,3,17.83,0,Domicilio,2,COLALAMBRE,1,50,36.0,0
a765bdc3-5053-4895-a3dd-444503855ef5,2025-05-08,5,4,23.67,0,Recoger en tienda,1,LOCAL,0,30,20.0,0
54c21034-bc47-49c0-ba3b-747145a6b7e3,2025-05-09,5,5,18.58,0,Recoger,5,LOCAL,0,30,39.0,1
b0ea363f-5cf3-4d64-baf3-b8432b144a10,2025-05-09,5,5,19.83,0,Mostrador,6,LOCAL,0,30,41.0,1
aa1d98e6-4df9-4cbb-8acc-12f8b8855e1f,2025-05-09,5,5,20.17,0,Domicilio,5,LOS CANTORES,1,50,63.0,1
1e648440-c088-41ee-84b6-ff111dc6a24d,2025-05-09,5,5,20.42,0,Recoger en tienda,3,LOCAL,1,30,34.0,1
aaa4aa4c-ea93-42d6-927e-65c9d47b16da,2025-05-09,5,5,21.08,0,Domicilio,2,PARQUE DE POBLAMIENTO,0,50,44.0,0
8306a2b2-7112-43aa-ab4d-00ce434f7c62,2025-05-09,5,5,21.83,0,Recoger,1,LOCAL,0,30,25.0,0
9177059b-b6ae-486f-b309-ac92ed7860c6,2025-05-10,5,6,17.0,1,Domicilio,2,TRES CRUCES,0,50,37.0,0
a81497e0-f598-4def-81ce-53022d725cbc,2025-05-10,5,6,19.33,1,Recoger,3,LOCAL,0,30,39.0,1
6a79b67c-ab45-4ffe-bfea-1100e8ff0e8a,2025-05-10,5,6,21.17,1,Domicilio,10,TODOS POR HIDALGO,0,50,83.0,1
371d131c-cdc6-4dcd-8405-cc009a0259ad,2025-05-10,5,6,21.92,1,Domicilio,2,TODOS POR HIDALGO,0,50,46.0,0
4236b3c5-5d79-414c-83f8-68f9ffcbf8ea,2025-05-11,5,7,15.33,1,Domicilio,4,AVIACION,0,50,48.0,0
6782f6f1-263f-4ea4-9a8d-317714fc6d08,2025-05-11,5,7,16.5,1,Recoger,5,LOCAL,0,30,36.0,1
a446798f-ab01-4f1d-abdb-c94faea8dfa0,2025-05-11,5,7,19.25,1,Domicilio,2,AVIACION,0,50,41.0,0
cd0e91c2-2f29-4eb9-9c47-d3114db02109,2025-05-11,5,7,19.25,1,Recoger en tienda,3,LOCAL,1,30,46.0,1
cf1bc0e5-afb9-43fa-8e9e-da01b2870e6e,2025-05-11,5,7,19.83,1,Recoger,1,LOCAL,0,30,23.0,0
3d7704ff-4efd-4822-aa0b-60a50ecc21c2,2025-05-11,5,7,23.0,1,Mostrador,2,LOCAL,0,30,27.0,0
11fea06d-e9c1-4bd3-95cf-95f39e57ca91,2025-05-11,5,7,23.5,1,Domicilio,1,PARQUE DE POBLAMIENTO,1,50,40.0,0
973d5941-b6fe-4990-9e99-f47db8aa3e32,2025-05-12,5,1,16.42,0,Domicilio,4,TODOS POR HIDALGO,0,50,47.0,0
48924ecb-520f-4ce8-b3df-dc8b5f1bd2e6,2025-05-12,5,1,21.67,0,Recoger,5,LOCAL,0,30,38.0,1
d2c9384d-1754-4f43-97e0-8c08f9d273dd,2025-05-14,5,3,13.42,0,Recoger,4,LOCAL,0,30,22.0,0
48c5741c-0d4d-4881-b4c8-13ce0f4e53d7,2025-05-14,5,3,15.17,0,Domicilio,5,TODOS POR HIDALGO,0,50,51.0,1
6275db25-cd96-44d4-83ba-a93fd7dd455f,2025-05-14,5,3,15.58,0,Recoger,1,LOCAL,1,30,25.0,0
f8ddb24a-49dd-43a1-a43d-0f88c2526861,2025-05-14,5,3,18.42,0,Recoger en tienda,3,LOCAL,0,30,30.0,0
4d64a966-c5d8-4eb4-9eea-9fc7f4ba626f,2025-05-14,5,3,19.58,0,Mostrador,1,LOCAL,0,30,21.0,0
e889cdfe-351f-48a0-83f6-d2f4820484ef,2025-05-14,5,3,20.58,0,Recoger,2,LOCAL,0,30,28.0,0
00b9bd35-f4b7-4f91-b878-1038995d1ef4,2025-05-15,5,4,15.25,0,Mostrador,3,LOCAL,0,30,30.0,0
347013bf-8841-4e84-8974-281e2b4daeb8,2025-05-17,5,6,19.25,1,Domicilio,3,PARQUE DE POBLAMIENTO,0,50,52.0,1
8b663daa-10df-48e4-8782-18c1de7ca840,2025-05-17,5,6,19.42,1,Domicilio,7,SANTA IRENE,1,50,78.0,1
c04727a6-bcb7-400d-84ec-64586d9f1f2a,2025-05-17,5,6,20.92,1,Domicilio,2,SANTA IRENE,0,50,54.0,1
cdc7c170-92ef-4ca7-9d41-1849827a9500,2025-05-17,5,6,21.25,1,Domicilio,3,LOS CANTORES,1,50,56.0,1
d8eb44c8-a9d1-4337-b095-e53e814b0c5c,2025-05-18,5,7,15.58,1,Domicilio,6,TRES CRUCES,0,50,54.0,1
6a6fc2c1-a957-49b3-b52c-b58e40418abd,2025-05-18,5,7,17.5,1,Recoger,8,LOCAL,0,30,49.0,1
0e9ba14c-715b-482e-8da1-743fb3f3a3fc,2025-05-18,5,7,18.83,1,Domicilio,6,PARQUE DE POBLAMIENTO,0,50,63.0,1
9f8d4d91-402d-4be6-971b-f876338c7fec,2025-05-18,5,7,21.25,1,Recoger,1,LOCAL,0,30,23.0,0
e2fd8a19-a0a7-4c2f-af5c-ec186e1c2015,2025-05-18,5,7,22.0,1,Mostrador,4,LOCAL,0,30,32.0,1
2493ceb4-ba0b-45f3-b021-0c9b7c1231fa,2025-05-20,5,2,13.17,0,Recoger,3,LOCAL,0,30,27.0,0
99c82832-ec4f-455d-a317-3c702c422df8,2025-05-20,5,2,20.17,0,Domicilio,5,AVIACIÓN CIVIL,0,50,56.0,1
7a450831-70fe-4f46-b8ea-cec008b8fb3c,2025-05-21,5,3,20.83,0,Domicilio,1,LA LOMITA,0,50,46.0,0
05fad23e-3b8e-4659-b3b8-748d9e0bfffe,2025-05-21,5,3,21.08,0,Domicilio,3,CHACATITLA,1,50,49.0,0
cd29c42e-0050-40d8-b03a-3e7c177d544a,2025-05-21,5,3,23.75,0,Recoger,1,LOCAL,0,30,19.0,0
e6714244-47ee-46f8-9fab-a316a0ab28f5,2025-05-22,5,4,14.83,0,Recoger,1,LOCAL,0,30,26.0,0
2799e89a-c16f-4166-ac95-0033f7630468,2025-05-22,5,4,18.92,0,Domicilio,6,AVIACIÓN CIVIL,0,50,59.0,1
4ca1988a-ef6a-4466-ad4f-c618805439dd,2025-05-22,5,4,19.33,0,Domicilio,1,PARQUE DE POBLAMIENTO,1,50,47.0,0
fc297eac-af13-4994-8f5c-e0cf8711af2c,2025-05-23,5,5,15.42,0,Domicilio,5,TRES CRUCES,0,50,52.0,1
c5829b9b-cd98-4c44-b224-ac2116f8474f,2025-05-23,5,5,17.42,0,Domicilio,4,TODOS POR HIDALGO,0,50,39.0,0
65b65915-5195-440f-9b11-b2e9d6ccea67,2025-05-23,5,5,18.33,0,Domicilio,4,LA LOMITA,0,50,53.0,1
0edbf60d-1a2c-4822-9b41-486523e1ec9c,2025-05-23,5,5,19.17,0,Domicilio,1,AVIACIÓN CIVIL,0,50,36.0,0
94bb45e2-b3c9-43cb-8ea4-8cb04c435a92,2025-05-24,5,6,13.92,1,Mostrador,4,LOCAL,0,30,31.0,1
cf8e253b-84e1-4294-8ad7-254f10b42e0e,2025-05-24,5,6,15.08,1,Mostrador,6,LOCAL,0,30,39.0,1
5832242f-7714-4a9b-9b15-a8fee0df3a34,2025-05-24,5,6,15.58,1,Recoger en tienda,4,LOCAL,1,30,35.0,1
05b6e861-f8a0-4c0a-add5-f283fb6333e9,2025-05-24,5,6,20.25,1,Domicilio,3,SANTA IRENE,0,50,55.0,1
4394802d-9a8a-4eec-8c69-af476c5c0755,2025-05-25,5,7,14.17,1,Mostrador,4,LOCAL,0,30,34.0,1
f2cae602-e405-448b-8af9-233e80887da7,2025-05-25,5,7,18.17,1,Recoger,4,LOCAL,0,30,38.0,1
295733c8-2c13-4034-b1fb-34ae3741ba37,2025-05-25,5,7,18.58,1,Domicilio,4,LA LOMITA,1,50,51.0,1
a31fdcf1-9a78-4ef5-b8e4-1775169cbbec,2025-05-25,5,7,19.08,1,Recoger,5,LOCAL,1,30,46.0,1
7d330aca-6423-4ed5-9dae-eabcd8fc0cf4,2025-05-26,5,1,13.0,0,Domicilio,3,LOS CANTORES,0,50,44.0,0
09fb4693-16a9-4ed7-a7e2-fe81a4436e46,2025-05-26,5,1,20.08,0,Recoger,3,LOCAL,0,30,33.0,1
b5fa956a-3f8c-4118-8e2a-21b67913d582,2025-05-26,5,1,20.17,0,Domicilio,3,TODOS POR HIDALGO,1,50,56.0,1
3324ed1c-0fa8-48ea-958e-537e17a1bae9,2025-05-27,5,2,14.25,0,Recoger en tienda,3,LOCAL,0,30,26.0,0
b8bce619-a789-4129-8c6b-f3636955ecab,2025-05-27,5,2,19.08,0,Domicilio,3,LOS CANTORES,0,50,46.0,0
85871eba-19d6-4266-820a-ac604a912e52,2025-05-27,5,2,19.42,0,Domicilio,1,LA LOMITA,1,50,34.0,0
0857e6fd-8d8e-45ad-b9c7-2fad8be25886,2025-05-28,5,3,18.67,0,Mostrador,4,LOCAL,0,30,40.0,1
15714f26-2b0e-4231-8191-5d692eda1bf2,2025-05-28,5,3,19.92,0,Recoger,2,LOCAL,0,30,21.0,0
fbd3095b-89a3-4f9d-9b64-ae3daf812e6a,2025-05-28,5,3,20.5,0,Recoger en tienda,3,LOCAL,0,30,32.0,1
c338e304-92bd-425c-a0f3-1ff47b826e73,2025-05-28,5,3,21.25,0,Mostrador,1,LOCAL,0,30,20.0,0
605a5039-851d-46ca-a1c5-0d842287d1b3,2025-05-28,5,3,23.0,0,Recoger en tienda,2,LOCAL,0,30,20.0,0
c35d501a-2c79-47f5-b948-765744343e44,2025-05-29,5,4,13.75,0,Recoger en tienda,1,LOCAL,0,30,15.0,0
7160d969-e772-4d8e-ac84-7c19c32ba05c,2025-05-29,5,4,19.08,0,Recoger,3,LOCAL,0,30,42.0,1
1275c237-7d6c-45c1-85a2-a212577fd358,2025-05-29,5,4,20.33,0,Mostrador,2,LOCAL,0,30,35.0,1
a6a6fe6b-7f17-42e5-9df6-ddd214b3d9fb,2025-05-29,5,4,20.75,0,Domicilio,3,LOS CANTORES,1,50,56.0,1
508150ad-9574-4ca4-9b0e-474ac631213d,2025-05-30,5,5,15.5,0,Recoger,4,LOCAL,0,30,30.0,0
df3a0965-1b58-4d4f-acd2-5221ac7efeeb,2025-05-30,5,5,18.08,0,Mostrador,1,LOCAL,0,30,22.0,0
abb59ad7-e87c-475d-9991-1220b78e7f17,2025-05-30,5,5,18.58,0,Recoger en tienda,1,LOCAL,1,30,30.0,0
f12dc93e-cc58-46c8-8b26-7898439466f2,2025-05-31,5,6,13.0,1,Recoger en tienda,4,LOCAL,0,30,31.0,1
5bfb93d7-ab9d-4500-8621-6f571d5e8592,2025-05-31,5,6,15.08,1,Recoger,6,LOCAL,0,30,34.0,1
3a2622b7-0930-4c25-8aa3-449e30284977,2025-05-31,5,6,21.42,1,Domicilio,5,SANTA IRENE,0,50,60.0,1
b1d34d0e-6d84-48a9-b1e0-5fc3dae7206b,2025-06-01,6,7,18.08,1,Domicilio,3,TODOS POR HIDALGO,0,50,48.0,0
f26bacd1-0fb9-4479-a60e-2c9036f017e8,2025-06-03,6,2,21.25,0,Domicilio,2,TODOS POR HIDALGO,0,50,53.0,1
be449307-fb1a-4ab4-b905-9784ca2827e8,2025-06-03,6,2,21.75,0,Recoger en tienda,4,LOCAL,1,30,36.0,1
6b2b59c8-5242-4e6b-8b8f-dcc7ce69bb96,2025-06-04,6,3,15.58,0,Domicilio,1,COLALAMBRE,0,50,29.0,0
78a84213-c156-4dbf-98f8-b24a48824404,2025-06-04,6,3,21.58,0,Domicilio,2,AVIACIÓN CIVIL,0,50,43.0,0
d51d6da0-ddfa-499b-812e-e8e1a7638147,2025-06-06,6,5,13.92,0,Recoger,2,LOCAL,0,30,29.0,0
ae619cbf-b511-4b8b-a6fa-2be914cc29d7,2025-06-06,6,5,18.5,0,Mostrador,3,LOCAL,0,30,36.0,1
dbce25c6-940f-4ca1-9d7d-f4d9e3fed1cf,2025-06-06,6,5,18.92,0,Mostrador,3,LOCAL,1,30,44.0,1
42502074-a6d6-4d9c-b5b0-e06a5358a382,2025-06-07,6,6,13.33,1,Domicilio,4,LOS CANTORES,0,50,49.0,0
9032c177-54ab-492c-8648-6320b9b1c191,2025-06-07,6,6,17.25,1,Domicilio,5,ROJO GOMEZ,0,50,53.0,1
2e283559-08b7-436b-8205-288dfb9dd454,2025-06-07,6,6,18.0,1,Mostrador,4,LOCAL,0,30,42.0,1
da6c9f28-32f5-4958-a8c8-edf20f662776,2025-06-07,6,6,18.92,1,Domicilio,4,CENTRO,0,50,47.0,0
dca9aa48-38bb-4220-badf-b7857b22b59c,2025-06-07,6,6,19.17,1,Domicilio,1,LA LOMITA,1,50,41.0,0
c1a0720d-6599-4ea3-bbfd-cb6133c587ad,2025-06-07,6,6,19.17,1,Recoger en tienda,5,LOCAL,2,30,57.0,1
8c353fc3-f4ab-4aa2-b2e0-345b4d1755fb,2025-06-07,6,6,20.08,1,Mostrador,3,LOCAL,0,30,39.0,1
6b066c9b-2d20-4bc7-a274-1276a3fb8c43,2025-06-07,6,6,21.42,1,Recoger en tienda,6,LOCAL,0,30,49.0,1
32de0e1c-9adf-42b0-8960-811719297bc0,2025-06-07,6,6,21.67,1,Mostrador,3,LOCAL,1,30,31.0,1
320b3f6f-2683-41bb-9171-d1bd06f576b5,2025-06-08,6,7,15.83,1,Recoger en tienda,1,LOCAL,0,30,20.0,0
70d4c830-fd01-4ed4-b847-b7647403ad5d,2025-06-08,6,7,19.25,1,Recoger,1,LOCAL,0,30,31.0,1
62ac1761-8137-43be-bbdb-6d8b88e2292b,2025-06-08,6,7,20.33,1,Domicilio,2,TODOS POR HIDALGO,0,50,46.0,0
5f026a86-19c1-4ca4-9a15-6876e31135a8,2025-06-08,6,7,22.83,1,Recoger,1,LOCAL,0,30,15.0,0
3b6a0d02-a45b-4807-b118-8cf14c5d9388,2025-06-09,6,1,15.42,0,Recoger en tienda,1,LOCAL,0,30,22.0,0
cc1d610a-b9a6-444f-8e89-7213af6a5f6d,2025-06-09,6,1,15.58,0,Domicilio,3,LA LOMITA,1,50,39.0,0
dd7cffa2-7112-40b3-8f19-9b778dd8dbaa,2025-06-09,6,1,18.75,0,Domicilio,3,CENTRO,0,50,42.0,0
43887dd1-0f42-468d-a1c8-6522b2ec9e68,2025-06-09,6,1,19.83,0,Recoger,4,LOCAL,0,30,40.0,1
be7719bf-451a-437f-a390-b43032bad5fe,2025-06-09,6,1,20.5,0,Mostrador,4,LOCAL,0,30,31.0,1
a4c4d022-80f6-43e4-9320-de77936174c5,2025-06-09,6,1,23.5,0,Domicilio,4,TODOS POR HIDALGO,0,50,53.0,1
14211138-1036-43da-b81a-57cba1dbaa7d,2025-06-10,6,2,18.5,0,Domicilio,2,PARQUE DE POBLAMIENTO,0,50,46.0,0
d9c100e1-2fb5-4d03-9914-5bb8536b5910,2025-06-10,6,2,22.42,0,Recoger,5,LOCAL,0,30,37.0,1
05927016-86ce-4f77-8fe3-23a6a3ad6621,2025-06-11,6,3,15.67,0,Domicilio,2,CENTRO,0,50,31.0,0
496fdc24-98c3-4901-81a0-a6b177cbbd23,2025-06-11,6,3,22.25,0,Domicilio,1,PARQUE DE POBLAMIENTO,0,50,37.0,0
b7dfe416-ea1a-4911-994b-d42e071795e6,2025-06-11,6,3,23.42,0,Domicilio,3,TRES CRUCES,0,50,41.0,0
5efe49e1-dd80-4722-ae10-d224df12f877,2025-06-12,6,4,14.17,0,Domicilio,1,LOS CANTORES,0,50,37.0,0
0b9a57b8-6910-499f-a3af-38fd31f57576,2025-06-12,6,4,16.67,0,Mostrador,2,LOCAL,0,30,15.0,0
14b62739-c29c-47eb-ae78-83e7d49388e2,2025-06-12,6,4,18.33,0,Domicilio,1,LOS CANTORES,0,50,38.0,0
349c4885-66eb-4038-bae1-5c447b2febe4,2025-06-13,6,5,19.58,0,Mostrador,3,LOCAL,0,30,34.0,1
91d45c24-3806-4b3d-9207-727ec6bacf77,2025-06-13,6,5,21.42,0,Recoger en tienda,1,LOCAL,0,30,26.0,0
c442e1d6-60ce-47b4-a8cb-ffded331a30e,2025-06-14,6,6,13.92,1,Recoger en tienda,6,LOCAL,0,30,45.0,1
ffae9b90-fd63-4c5b-80e5-6dbb4a3eff17,2025-06-14,6,6,15.83,1,Recoger,3,LOCAL,0,30,29.0,0
4e15c5ae-78dd-4037-b1d9-abdbd6dd776a,2025-06-14,6,6,20.75,1,Recoger en tienda,3,LOCAL,0,30,38.0,1
8fb1018d-c88a-47cd-8551-01ebce9ba1d3,2025-06-15,6,7,14.08,1,Domicilio,1,AVIACIÓN CIVIL,0,50,35.0,0
45d8e14f-ae85-42af-b054-a8fe51a18b2b,2025-06-15,6,7,14.17,1,Domicilio,3,COLALAMBRE,1,50,44.0,0
351a3eea-28fd-4b78-bfa2-ffe902ffae50,2025-06-15,6,7,20.42,1,Recoger,2,LOCAL,0,30,30.0,0
5e6aa923-4a9e-454f-95bf-abae37a957e5,2025-06-15,6,7,23.5,1,Domicilio,3,LOS CANTORES,0,50,49.0,0
dc85b615-7841-4d94-bf99-00776fac8a99,2025-06-16,6,1,19.25,0,Mostrador,3,LOCAL,0,30,29.0,0
bbe2eccf-e0b6-4603-aa1e-fad934caab23,2025-06-16,6,1,19.92,0,Recoger en tienda,2,LOCAL,0,30,28.0,0
e8bae3b4-8b1a-4a85-b967-8f37c40632f6,2025-06-16,6,1,21.92,0,Recoger en tienda,4,LOCAL,0,30,38.0,1
d3edbd3e-acef-4764-b144-116d6f495208,2025-06-17,6,2,21.25,0,Domicilio,4,PARQUE DE POBLAMIENTO,0,50,55.0,1
2758ef66-06dc-418f-a6bf-3ecedc0b02fe,2025-06-18,6,3,13.08,0,Mostrador,1,LOCAL,0,30,16.0,0
72931ffb-3865-4fcb-b796-ee684ec73c48,2025-06-18,6,3,16.92,0,Recoger,4,LOCAL,0,30,21.0,0
3a8f7bbd-9199-4937-8944-535f77c9d79a,2025-06-18,6,3,18.67,0,Mostrador,3,LOCAL,0,30,33.0,1
d3dea5d0-10f3-477b-823c-0def24da3949,2025-06-18,6,3,21.08,0,Domicilio,2,TRES CRUCES,0,50,43.0,0
3ee1e8e6-0a86-4add-a572-d44ae682139b,2025-06-18,6,3,21.92,0,Recoger en tienda,5,LOCAL,0,30,44.0,1
1862325d-29f1-4852-a726-c89eaa5b5d82,2025-06-19,6,4,15.08,0,Domicilio,1,TRES CRUCES,0,50,39.0,0
9ca24c9d-b004-4424-9ca4-d113efd8f2f2,2025-06-19,6,4,16.25,0,Recoger,3,LOCAL,0,30,28.0,0
e472e2fb-f226-40be-8ccd-a087e03955bb,2025-06-19,6,4,20.17,0,Domicilio,2,LOS CANTORES,0,50,45.0,0
5af45483-47b6-4781-8d93-e03dde0a2ad2,2025-06-19,6,4,20.25,0,Mostrador,7,LOCAL,1,30,53.0,1
35a6c330-10bc-412a-9e58-d9d32bfe25dd,2025-06-19,6,4,20.33,0,Domicilio,4,TODOS POR HIDALGO,2,50,64.0,1
a3328022-ba75-46e6-9e74-76f58eb5b432,2025-06-19,6,4,21.42,0,Mostrador,3,LOCAL,0,30,31.0,1
52a0a3dd-812b-4d5a-9f02-f7fddd66c414,2025-06-20,6,5,15.92,0,Recoger en tienda,2,LOCAL,0,30,24.0,0
343189b8-d432-4bfa-95b4-a8567dbf9fd3,2025-06-20,6,5,19.25,0,Recoger,4,LOCAL,0,30,36.0,1
ad142d8b-5efa-4d6d-8111-556d30c6a6a3,2025-06-20,6,5,19.58,0,Recoger en tienda,2,LOCAL,1,30,35.0,1
07b47116-5d6f-44c3-8c4d-d2767bc0316e,2025-06-20,6,5,22.75,0,Mostrador,1,LOCAL,0,30,20.0,0
711ac4f7-68b5-45b9-816a-e6b0a48f8e15,2025-06-21,6,6,19.58,1,Recoger en tienda,5,LOCAL,0,30,43.0,1
8bf1594e-fbc3-42b5-a182-49bcc0898438,2025-06-21,6,6,23.42,1,Domicilio,1,TRES CRUCES,0,50,36.0,0
7a17a03d-fcb2-45f8-b77a-2a4ea3964d17,2025-06-22,6,7,14.42,1,Recoger,2,LOCAL,0,30,32.0,1
14870e10-8dd2-40b9-9624-742cbf51d4b1,2025-06-22,6,7,18.83,1,Mostrador,4,LOCAL,0,30,48.0,1
565716b8-8327-4c34-9fe5-b2b688326ae9,2025-06-22,6,7,18.83,1,Recoger en tienda,1,LOCAL,1,30,41.0,1
fe345b5a-ca3c-434c-9bb5-d428c05a0a0f,2025-06-22,6,7,19.67,1,Mostrador,1,LOCAL,0,30,27.0,0
03f064ee-78c9-410c-9a32-743c4a7b8e12,2025-06-22,6,7,21.25,1,Recoger en tienda,4,LOCAL,0,30,37.0,1
ec3a4677-c694-4894-bd3a-259fd3369108,2025-06-22,6,7,23.75,1,Mostrador,3,LOCAL,0,30,24.0,0
cb2b8795-20f3-413d-9c9d-9a5413356c14,2025-06-23,6,1,22.17,0,Domicilio,3,ROJO GOMEZ,0,50,45.0,0
b80784ff-c523-47c1-bcda-b4f48ec47061,2025-06-25,6,3,18.83,0,Recoger en tienda,2,LOCAL,0,30,22.0,0
5bce6b80-8efe-4b5d-b853-e74b927ee645,2025-06-25,6,3,19.08,0,Mostrador,4,LOCAL,1,30,37.0,1
3f8f85da-3211-4110-8757-001eb288f2ba,2025-06-25,6,3,19.67,0,Recoger en tienda,1,LOCAL,0,30,26.0,0
40d379ab-65b0-4919-820b-eef2727c93c9,2025-06-25,6,3,19.83,0,Recoger en tienda,1,LOCAL,1,30,31.0,1
b2f921a5-ec8d-489f-b662-3f6321565c1c,2025-06-25,6,3,20.0,0,Mostrador,3,LOCAL,2,30,37.0,1
547a32d0-f195-4848-a341-7e4e02d82a02,2025-06-25,6,3,20.67,0,Recoger en tienda,4,LOCAL,0,30,30.0,0
7e7032ca-bf7c-455d-98f1-f2e76bd80472,2025-06-25,6,3,22.67,0,Recoger,6,LOCAL,0,30,37.0,1
644b4c0d-a12b-4374-8643-6f4935232719,2025-06-25,6,3,23.83,0,Mostrador,2,LOCAL,0,30,25.0,0
9f49a29d-a5e5-4117-955a-8b1bd8a93d7c,2025-06-26,6,4,13.33,0,Mostrador,6,LOCAL,0,30,34.0,1
90ed42ae-4c9a-4bb1-9fb8-d6c461928529,2025-06-26,6,4,17.25,0,Domicilio,2,CHACATITLA,0,50,36.0,0
75ba596d-2fd5-4807-a4de-121371ca8f57,2025-06-26,6,4,18.08,0,Mostrador,2,LOCAL,0,30,36.0,1
31ade860-fe2a-4c8f-8ad7-a4f05221e250,2025-06-26,6,4,18.33,0,Domicilio,1,CHACATITLA,1,50,33.0,0
a1261aeb-57a9-4c89-95c1-75d5bb302ce6,2025-06-27,6,5,21.33,0,Mostrador,4,LOCAL,0,30,39.0,1
dad881b7-ecef-43f7-b418-a6c6325d3eaa,2025-06-27,6,5,21.42,0,Recoger,6,LOCAL,1,30,41.0,1
3b502b51-f1ac-4cbc-8e9a-8655326045ec,2025-06-28,6,6,13.25,1,Recoger en tienda,2,LOCAL,0,30,33.0,1
a94c37be-ba9b-4aad-a1bb-b9bcb3cad5b6,2025-06-28,6,6,16.25,1,Recoger,4,LOCAL,0,30,30.0,0
038b5122-7bbb-470c-b5b2-903dc6923bb3,2025-06-28,6,6,16.83,1,Recoger en tienda,6,LOCAL,0,30,46.0,1
8d45342e-7341-4707-b812-6d4e1ad5423c,2025-06-28,6,6,18.67,1,Domicilio,5,AVIACIÓN CIVIL,0,50,55.0,1
df974bcb-69b7-40f5-a808-66d8e4821f63,2025-06-28,6,6,18.83,1,Domicilio,7,CENTRO,1,50,64.0,1
77463c1c-b205-4720-8c0d-0c1483afe68a,2025-06-28,6,6,21.33,1,Domicilio,5,CENTRO,0,50,47.0,0
affd67ac-5a35-474b-b1cb-55dab3138031,2025-06-28,6,6,21.92,1,Domicilio,5,SANTA IRENE,0,50,53.0,1
46002b20-c156-4d9a-a0ca-3a67581c1791,2025-06-29,6,7,13.5,1,Domicilio,2,TODOS POR HIDALGO,0,50,43.0,0
50363a04-6c7e-46c4-8fdd-3265d54369cd,2025-06-29,6,7,18.42,1,Domicilio,5,LOS CANTORES,0,50,62.0,1
be6219b1-3055-4cf2-bf89-94139ea1155d,2025-06-29,6,7,19.67,1,Domicilio,5,LOS CANTORES,0,50,61.0,1
7761e916-5b58-4334-87ba-8064c7c4fd20,2025-06-29,6,7,19.75,1,Domicilio,2,ROJO GOMEZ,1,50,51.0,1
93789387-6957-418d-9f90-9da482e23006,2025-06-29,6,7,20.0,1,Domicilio,2,TRES CRUCES,2,50,59.0,1
59406e22-5089-4fe9-b001-856873bc207f,2025-06-29,6,7,21.0,1,Recoger,2,LOCAL,0,30,34.0,1
2592c86e-3c48-438c-8f29-d6d4c97cec99,2025-06-30,6,1,17.42,0,Domicilio,2,LA LOMITA,0,50,31.0,0
a1645477-8f37-42f5-a40c-093c38a49815,2025-06-30,6,1,18.83,0,Domicilio,1,TRES CRUCES,0,50,44.0,0
5c43941b-5f67-40f7-b1d8-5bfda3579769,2025-06-30,6,1,20.5,0,Recoger,2,LOCAL,0,30,28.0,0
da8f496b-2261-4c83-8c1d-3edb697acefe,2025-07-01,7,2,14.5,0,Domicilio,5,COLALAMBRE,0,50,51.0,1
dccfe7cb-d955-427e-af48-ad805e2fabd9,2025-07-01,7,2,21.0,0,Domicilio,5,CHACATITLA,0,50,54.0,1
7e8da54b-51e5-4fa4-94a2-09765b1fa057,2025-07-01,7,2,21.67,0,Mostrador,7,LOCAL,0,30,49.0,1
c3c0c629-dc6a-4c98-8875-66f8ebd5663e,2025-07-02,7,3,13.92,0,Domicilio,1,COLALAMBRE,0,50,33.0,0
c983c2b4-3864-4ca6-bcd9-db1159823e5f,2025-07-02,7,3,21.5,0,Domicilio,2,TRES CRUCES,0,50,45.0,0
acca7f50-85ae-4779-88f0-6dab4fbaee9f,2025-07-03,7,4,14.75,0,Recoger en tienda,2,LOCAL,0,30,24.0,0
47ca2dc4-0987-4faf-a9a1-fc42254ad1fc,2025-07-03,7,4,18.67,0,Recoger,5,LOCAL,0,30,45.0,1
8b39767d-93ee-49cd-93ea-47807ee6539d,2025-07-03,7,4,19.08,0,Mostrador,5,LOCAL,1,30,43.0,1
1a2a28d0-e742-452e-b2b6-1f01dee553c8,2025-07-03,7,4,19.75,0,Recoger en tienda,2,LOCAL,0,30,31.0,1
fa2da858-c81b-4010-8f01-f39d664d7840,2025-07-03,7,4,20.33,0,Mostrador,1,LOCAL,0,30,17.0,0
4dfbed6c-8536-443b-bab8-4d5129e95ca4,2025-07-04,7,5,15.75,0,Recoger,3,LOCAL,0,30,22.0,0
6888243c-9128-49c6-bebd-f874d7a36a6b,2025-07-04,7,5,22.33,0,Recoger,2,LOCAL,0,30,35.0,1
7cb34e97-24a8-4854-a106-534cbce0dc04,2025-07-05,7,6,14.42,1,Recoger en tienda,2,LOCAL,0,30,25.0,0
9f23c867-14b1-4775-b882-9d4d426e92f3,2025-07-05,7,6,14.5,1,Recoger,3,LOCAL,1,30,29.0,0
d43e6bf6-bdf1-416b-81d9-e8f543e000f6,2025-07-06,7,7,20.33,1,Recoger,7,LOCAL,0,30,51.0,1
175d7a31-e9ab-4f62-a17d-663d573fe6b5,2025-07-06,7,7,23.42,1,Recoger,2,LOCAL,0,30,26.0,0
a3d1b3a0-7b5c-475a-a30f-3bad42747631,2025-07-07,7,1,19.75,0,Recoger en tienda,2,LOCAL,0,30,28.0,0
af067103-453b-45a0-abba-41a89a68c102,2025-07-07,7,1,22.0,0,Mostrador,3,LOCAL,0,30,27.0,0
921bf5a2-e67f-468b-9818-459ed90f3a3b,2025-07-08,7,2,23.42,0,Recoger,2,LOCAL,0,30,22.0,0
61b44aaf-3216-4377-ba53-ea10b0b07737,2025-07-09,7,3,15.83,0,Mostrador,4,LOCAL,0,30,28.0,0
257e3526-77e6-4f54-8788-dc0e7e51995b,2025-07-09,7,3,21.58,0,Mostrador,2,LOCAL,0,30,28.0,0
bee9e70f-a868-4a50-b0bc-b91b0326a509,2025-07-10,7,4,14.0,0,Mostrador,2,LOCAL,0,30,26.0,0
f9b6c90e-19d5-43b1-9b7a-a65eb85fc92c,2025-07-10,7,4,18.25,0,Domicilio,2,TODOS POR HIDALGO,0,50,44.0,0
a50ee3c3-f8f4-4564-a808-98a36f8ba45b,2025-07-10,7,4,20.67,0,Recoger en tienda,2,LOCAL,0,30,32.0,1
ebbb5e41-0e92-4d71-895d-9dc57e61fcf9,2025-07-10,7,4,22.25,0,Mostrador,2,LOCAL,0,30,22.0,0
fddea518-e56e-4dc5-b478-ef052bf9a682,2025-07-11,7,5,18.08,0,Domicilio,2,ROJO GOMEZ,0,50,44.0,0
68daf8e5-418c-4dc0-9fcb-e9d4518ce5eb,2025-07-11,7,5,20.67,0,Domicilio,4,SANTA IRENE,0,50,44.0,0
45a355b7-611f-411b-b799-1778c3821564,2025-07-11,7,5,20.92,0,Recoger en tienda,4,LOCAL,1,30,42.0,1
0ff87b28-4e07-4174-9528-6be5229fa898,2025-07-12,7,6,15.08,1,Recoger,2,LOCAL,0,30,25.0,0
d576263a-8256-4cb9-9c85-fc092b9138b3,2025-07-12,7,6,18.0,1,Recoger en tienda,2,LOCAL,0,30,36.0,1
63a85cec-fab7-4ef5-9c44-949f23b79231,2025-07-12,7,6,19.0,1,Mostrador,2,LOCAL,0,30,34.0,1
9991fa9b-55e8-4568-9a9d-66ad0826e32e,2025-07-12,7,6,20.5,1,Recoger,6,LOCAL,0,30,53.0,1
fe9f3511-86fb-4b50-ab8e-de34099f6826,2025-07-12,7,6,21.08,1,Mostrador,2,LOCAL,0,30,37.0,1
2fcf187a-b496-4ce3-8366-c16130fda580,2025-07-13,7,7,15.75,1,Domicilio,2,CENTRO,0,50,35.0,0
12b89379-77b3-4bb0-86cb-de0a69b2c6fd,2025-07-13,7,7,18.25,1,Recoger,6,LOCAL,0,30,54.0,1
cbb94e82-3109-46d9-bfcc-7542d58920a9,2025-07-13,7,7,18.5,1,Mostrador,2,LOCAL,1,30,35.0,1
82fd2042-9bbd-462f-b81e-6575d0ca222b,2025-07-14,7,1,17.67,0,Domicilio,3,SANTA IRENE,0,50,48.0,0
ed0f3d83-6822-4096-a245-5eec47bbd5d6,2025-07-14,7,1,18.92,0,Recoger en tienda,2,LOCAL,0,30,28.0,0
0ea83c86-d573-4ab7-9669-adac20a08a2e,2025-07-14,7,1,19.08,0,Recoger,2,LOCAL,1,30,33.0,1
22411c06-45b0-4470-8042-7cd10dd51e7a,2025-07-15,7,2,19.25,0,Domicilio,5,COLALAMBRE,0,50,62.0,1
2e081fd5-3fe6-42dc-aed0-c93ec086fe5e,2025-07-15,7,2,19.67,0,Domicilio,2,LA LOMITA,1,50,49.0,0
0e148f4d-c34e-45b5-9c73-aaf74fd2d7f7,2025-07-16,7,3,18.75,0,Recoger,3,LOCAL,0,30,35.0,1
bcd664d7-e68e-452c-8aa0-02f05531f94a,2025-07-16,7,3,20.25,0,Domicilio,2,LA LOMITA,0,50,44.0,0
fde792c5-2523-4f7c-9828-e8e94b7fbeda,2025-07-16,7,3,21.92,0,Recoger en tienda,1,LOCAL,0,30,34.0,1
521a6baf-5804-44df-a25e-c2cbe970abd7,2025-07-18,7,5,17.58,0,Mostrador,3,LOCAL,0,30,20.0,0
3c1c8c61-d62b-43a2-a395-798cedcaa95d,2025-07-18,7,5,17.92,0,Domicilio,2,LA LOMITA,1,50,39.0,0
d826b835-f395-4995-b782-aa3c48acde80,2025-07-18,7,5,18.08,0,Domicilio,3,SANTA IRENE,2,50,59.0,1
99d2f426-b864-450c-8289-9b04b7287e9f,2025-07-18,7,5,18.42,0,Domicilio,4,CENTRO,2,50,49.0,0
38518243-12b2-489f-ab1c-e1d396e1beee,2025-07-19,7,6,20.25,1,Recoger,3,LOCAL,0,30,40.0,1
3c4cb7dd-d66f-4d9d-a32e-73f6e5d66b25,2025-07-19,7,6,23.0,1,Recoger,2,LOCAL,0,30,25.0,0
dfab92e8-21ce-4ae2-976f-743cfdc98e8b,2025-07-19,7,6,23.25,1,Recoger,1,LOCAL,1,30,26.0,0
47d7f357-8eb6-4582-ae58-228f4972e88e,2025-07-19,7,6,23.25,1,Recoger,5,LOCAL,2,30,40.0,1
64af52be-cc64-440f-891e-97a7aab4e277,2025-07-20,7,7,22.33,1,Recoger en tienda,2,LOCAL,0,30,33.0,1
d3f24005-ed51-4bbf-968a-ea0dd0d99430,2025-07-21,7,1,18.83,0,Domicilio,3,CHACATITLA,0,50,50.0,0
542d78df-1248-4520-af2d-2a03f187a58d,2025-07-21,7,1,20.33,0,Domicilio,2,LA LOMITA,0,50,37.0,0
bc96e9a7-42cb-4093-b74f-43564bc60ec2,2025-07-21,7,1,20.5,0,Recoger,6,LOCAL,1,30,41.0,1
e7ce6400-b949-4c1f-85a0-c6c853154995,2025-07-21,7,1,21.5,0,Recoger en tienda,4,LOCAL,0,30,37.0,1
b82afe77-dd59-4247-9f4c-f1fec55521b2,2025-07-22,7,2,19.17,0,Domicilio,5,CHACATITLA,0,50,56.0,1
c1ac0a9c-d9ec-47f0-95ee-9f2769ac6c65,2025-07-24,7,4,16.5,0,Recoger,2,LOCAL,0,30,18.0,0
278e2fde-60cc-4f20-bbc8-abdc904148f8,2025-07-24,7,4,18.08,0,Domicilio,2,TRES CRUCES,0,50,45.0,0
b3792420-6e69-4e75-ad4f-b06543e490b6,2025-07-24,7,4,20.0,0,Domicilio,7,CENTRO,0,50,59.0,1
38990e8a-71b3-4e45-b26f-7f6ab2ce1b9f,2025-07-24,7,4,22.0,0,Recoger en tienda,3,LOCAL,0,30,29.0,0
b69d9213-a1ea-4578-9a97-a3acfa6d0bba,2025-07-25,7,5,13.92,0,Domicilio,2,COLALAMBRE,0,50,38.0,0
a8e5195e-64aa-44bb-9a5f-7243fff39679,2025-07-25,7,5,22.08,0,Domicilio,3,CHACATITLA,0,50,41.0,0
fdcbd2a5-6332-4e43-ac02-e6d71d4ff545,2025-07-25,7,5,22.33,0,Recoger,2,LOCAL,1,30,30.0,0
add59e55-3fdd-4525-947f-8fa1d1d33397,2025-07-26,7,6,16.33,1,Recoger en tienda,6,LOCAL,0,30,45.0,1
9e37ef28-9538-4e65-af92-6e7360f8ad6d,2025-07-26,7,6,20.08,1,Mostrador,3,LOCAL,0,30,32.0,1
c09b262f-8bc4-4152-ae69-02421f7fc3da,2025-07-26,7,6,22.17,1,Recoger,3,LOCAL,0,30,25.0,0
77762124-4f98-4931-92a0-ee6a20c2f95e,2025-07-26,7,6,22.58,1,Recoger en tienda,1,LOCAL,1,30,20.0,0
6135a1dd-d6f5-4027-bb59-ffcf8145968a,2025-07-26,7,6,22.92,1,Domicilio,3,CHACATITLA,1,50,46.0,0
82617a80-c91d-41d6-9f1b-e573d28bcb4b,2025-07-26,7,6,23.58,1,Recoger,2,LOCAL,0,30,27.0,0
5b16c6c1-7f53-402a-9c56-fbea1f617842,2025-07-27,7,7,14.5,1,Domicilio,3,AVIACION,0,50,43.0,0
8a45e49e-0b93-43a9-9b71-16f582cc9c9c,2025-07-27,7,7,17.33,1,Mostrador,2,LOCAL,0,30,27.0,0
7f3fda4a-1f5c-48d8-b264-efb2b9236ec1,2025-07-27,7,7,19.5,1,Mostrador,3,LOCAL,0,30,33.0,1
6106394b-89f0-40b3-a990-a1772390453b,2025-07-27,7,7,20.92,1,Recoger en tienda,4,LOCAL,0,30,46.0,1
80e94a6e-f291-4b4a-85dd-a5b8500948ef,2025-07-27,7,7,21.5,1,Mostrador,5,LOCAL,0,30,47.0,1
fa8882ae-489f-43e9-8621-00b7f4dcb903,2025-07-27,7,7,23.08,1,Recoger en tienda,2,LOCAL,0,30,27.0,0
80eadea5-f803-4e9f-a662-73f69088bcf2,2025-07-28,7,1,16.67,0,Recoger en tienda,3,LOCAL,0,30,24.0,0
7e336aa3-a92b-43bc-93fa-6a8502eae499,2025-07-28,7,1,17.25,0,Domicilio,1,TRES CRUCES,0,50,28.0,0
832fd9a3-408a-4f60-a88e-057c039a1442,2025-07-28,7,1,23.0,0,Recoger,1,LOCAL,0,30,27.0,0
ac45b0c0-bf1d-41cc-a9de-54fa46848394,2025-07-29,7,2,15.0,0,Recoger,1,LOCAL,0,30,18.0,0
1d4adcd0-7a40-48fd-8410-bc111e067e73,2025-07-29,7,2,19.92,0,Recoger,3,LOCAL,0,30,32.0,1
c1591913-45f7-4a19-8805-da0d841dd132,2025-07-29,7,2,21.0,0,Recoger,2,LOCAL,0,30,23.0,0
0ba7cbfa-20ac-45bc-8cb1-23e504140a6a,2025-07-30,7,3,16.0,0,Recoger en tienda,4,LOCAL,0,30,34.0,1
dfd55829-aa18-4160-ad4e-b72daa181a05,2025-07-30,7,3,17.83,0,Recoger,2,LOCAL,0,30,24.0,0
83525ae9-0522-48b4-adbf-f94f7607feb0,2025-07-30,7,3,18.58,0,Domicilio,3,TRES CRUCES,0,50,56.0,1
8938a50a-8999-48c3-905a-aabc7e025447,2025-07-30,7,3,20.58,0,Recoger,6,LOCAL,0,30,42.0,1
2b73c9e1-0418-4412-bf63-b75ea760e380,2025-07-31,7,4,19.67,0,Recoger en tienda,4,LOCAL,0,30,27.0,0
e1d468e9-f5c1-4ad2-b24f-08f50acea7b0,2025-07-31,7,4,22.42,0,Domicilio,5,SANTA IRENE,0,50,51.0,1
c37f23d5-cbd7-49c0-b096-ac040680d7d3,2025-08-01,8,5,21.08,0,Recoger,2,LOCAL,0,30,32.0,1
6476ce64-dd07-4d9c-8f7b-4bf253fca64a,2025-08-01,8,5,21.67,0,Domicilio,2,CENTRO,0,50,38.0,0
5253f0fa-e793-4881-b3bc-3a78733c847d,2025-08-01,8,5,21.75,0,Domicilio,4,AVIACION,1,50,49.0,0
1be00271-e003-4df8-bc62-2f1f888d88a2,2025-08-01,8,5,23.17,0,Recoger,3,LOCAL,0,30,30.0,0
9158596c-0c8b-4c03-a691-12a238e937ae,2025-08-01,8,5,23.92,0,Mostrador,3,LOCAL,0,30,20.0,0
10f1605b-6e0e-4a10-bd74-47f20945d675,2025-08-02,8,6,13.33,1,Recoger en tienda,2,LOCAL,0,30,25.0,0
4dd90230-e0b2-44c8-91c3-6f205abbcf90,2025-08-02,8,6,15.83,1,Recoger en tienda,1,LOCAL,0,30,22.0,0
7adcd405-be3c-4197-8977-6ce03dcdc643,2025-08-02,8,6,17.0,1,Mostrador,5,LOCAL,0,30,40.0,1
cf42a6f4-c0f6-4fe4-8b13-83af03b27a4b,2025-08-02,8,6,18.17,1,Domicilio,4,ROJO GOMEZ,0,50,65.0,1
4d12425f-abfc-4206-b9bf-2dd2a9cfde6e,2025-08-02,8,6,19.42,1,Recoger en tienda,1,LOCAL,0,30,30.0,0
1786a2e4-4509-4710-b183-9133b01f5a46,2025-08-02,8,6,20.92,1,Mostrador,5,LOCAL,0,30,46.0,1
682056d3-4674-44bf-bfe0-f42ff46eb9d2,2025-08-02,8,6,21.25,1,Domicilio,7,AVIACION,1,50,67.0,1
33366b15-b9fe-4875-9910-523090388ae4,2025-08-02,8,6,22.17,1,Domicilio,5,PARQUE DE POBLAMIENTO,0,50,62.0,1
557eed57-ea8e-40c4-8299-fd97dee76710,2025-08-03,8,7,18.5,1,Domicilio,1,AVIACIÓN CIVIL,0,50,47.0,0
838262f4-8f63-4331-b44a-b7126871200f,2025-08-04,8,1,18.67,0,Mostrador,4,LOCAL,0,30,36.0,1
813d4f90-6666-4d57-a91c-78d0a792b67f,2025-08-05,8,2,17.83,0,Domicilio,7,AVIACIÓN CIVIL,0,50,53.0,1
a576ab75-4da9-402e-9698-19753957ee80,2025-08-05,8,2,18.33,0,Recoger,5,LOCAL,1,30,45.0,1
497d2792-b393-4cf8-b67e-a30ee269b1a7,2025-08-05,8,2,20.5,0,Mostrador,4,LOCAL,0,30,39.0,1
1c7fa2e1-a226-4045-8d26-5ad3f3ec3254,2025-08-05,8,2,21.33,0,Recoger en tienda,3,LOCAL,0,30,37.0,1
3c102cba-2a09-4e15-83ec-0b97efc39538,2025-08-05,8,2,23.75,0,Recoger,4,LOCAL,0,30,30.0,0
fa53a697-8697-4dcb-9e90-eac058922dd1,2025-08-06,8,3,19.83,0,Domicilio,4,ROJO GOMEZ,0,50,50.0,0
a2c97d0c-f26d-420f-b170-7497f160c599,2025-08-06,8,3,20.42,0,Mostrador,3,LOCAL,0,30,27.0,0
778997ca-8975-456f-b712-1d59e4389255,2025-08-07,8,4,22.58,0,Recoger en tienda,3,LOCAL,0,30,29.0,0
b0a708b2-8e3b-44e8-942f-3919bd4f1aaa,2025-08-08,8,5,20.0,0,Domicilio,2,PARQUE DE POBLAMIENTO,0,50,45.0,0
d3b146bd-2d1c-4631-9b74-fc65aec3a050,2025-08-08,8,5,20.25,0,Mostrador,2,LOCAL,1,30,31.0,1
afe438fc-f65e-4382-8a5b-eae3ee91eb19,2025-08-09,8,6,19.42,1,Recoger en tienda,7,LOCAL,0,30,62.0,1
9fa438d1-4fbe-44e3-8262-82848162d235,2025-08-09,8,6,20.42,1,Recoger,2,LOCAL,0,30,37.0,1
43a59216-1cb2-4e31-8b9a-9e2d021f33a2,2025-08-09,8,6,21.33,1,Domicilio,3,LA LOMITA,0,50,48.0,0
72160ef3-2a22-40c5-82b8-fc92f7409f3b,2025-08-09,8,6,21.58,1,Mostrador,3,LOCAL,1,30,40.0,1
bf542ed3-f6c1-416e-bb1b-b091fe584272,2025-08-09,8,6,22.0,1,Domicilio,1,PARQUE DE POBLAMIENTO,1,50,47.0,0
e14405f4-3c41-4b45-bca3-3ed32ec27b9a,2025-08-10,8,7,16.17,1,Recoger,5,LOCAL,0,30,38.0,1
7446ba60-a48c-45c9-9ba4-5d0b0d6225ea,2025-08-10,8,7,18.17,1,Recoger,3,LOCAL,0,30,36.0,1
4d8f4d8c-707c-4540-9db7-7eb9ce125d21,2025-08-10,8,7,19.75,1,Mostrador,2,LOCAL,0,30,34.0,1
21ba76cd-3845-46fe-aef1-701e07d98e94,2025-08-13,8,3,18.17,0,Domicilio,2,CHACATITLA,0,50,48.0,0
3eeae12a-611a-46e5-bd62-ae3ac382bece,2025-08-13,8,3,20.67,0,Domicilio,3,TRES CRUCES,0,50,46.0,0
1bf7a7fb-fa35-4b8b-883a-67b236fae7e8,2025-08-13,8,3,22.42,0,Domicilio,2,LA LOMITA,0,50,36.0,0
55438566-e136-434d-b02f-8b68084c1c4d,2025-08-13,8,3,22.58,0,Domicilio,1,COLALAMBRE,1,50,39.0,0
609eda70-0e30-4dee-a647-5359c57f0d42,2025-08-14,8,4,19.33,0,Domicilio,2,LA LOMITA,0,50,35.0,0
bf14a680-271f-4011-a8c5-271b8dbc0d28,2025-08-14,8,4,21.25,0,Domicilio,4,LOS CANTORES,0,50,51.0,1
1f42ba74-9ce9-40b0-a2c9-88993f26f0dd,2025-08-15,8,5,19.17,0,Domicilio,2,COLALAMBRE,0,50,46.0,0
a59fcfa8-169f-481f-8561-a58295dff929,2025-08-15,8,5,19.75,0,Domicilio,3,SANTA IRENE,0,50,47.0,0
8bea97c7-810f-4467-b57f-5b8fb36e7657,2025-08-15,8,5,21.83,0,Domicilio,3,CHACATITLA,0,50,50.0,0
be03f24e-554a-429a-8be2-b7b46710a1c2,2025-08-16,8,6,18.17,1,Domicilio,4,TODOS POR HIDALGO,0,50,59.0,1
0b9e9e46-3d4f-47c6-939d-ba1606674783,2025-08-16,8,6,19.83,1,Mostrador,4,LOCAL,0,30,47.0,1
fc9b515b-72e7-48b1-a10a-85cce295b37b,2025-08-16,8,6,21.5,1,Mostrador,2,LOCAL,0,30,34.0,1
d66c20ad-e393-451b-b65a-1b5b5ba6b8d3,2025-08-17,8,7,18.33,1,Recoger,1,LOCAL,0,30,31.0,1
bdd2ef69-cfb1-4548-8db5-c29e0aecde18,2025-08-17,8,7,19.08,1,Recoger,3,LOCAL,0,30,39.0,1
7dba0a3f-c880-464d-86f1-8ad7c0995b07,2025-08-17,8,7,20.33,1,Domicilio,6,TODOS POR HIDALGO,0,50,62.0,1
78e0cd8d-2cbe-48ad-ab14-6c9c8d966589,2025-08-17,8,7,21.5,1,Recoger,1,LOCAL,0,30,31.0,1
842f0755-b3d4-4516-8ae3-9e92d097692a,2025-08-18,8,1,16.0,0,Domicilio,3,LA LOMITA,0,50,34.0,0
acbbc061-e898-4532-a64b-62d8e411bb60,2025-08-18,8,1,21.33,0,Recoger,2,LOCAL,0,30,25.0,0
6a9c9e02-ece0-4998-83ca-b5bdc0c94602,2025-08-19,8,2,17.33,0,Recoger,4,LOCAL,0,30,23.0,0
f38d06c2-848b-4e12-bab7-ebcac026cdc5,2025-08-19,8,2,18.33,0,Recoger en tienda,1,LOCAL,0,30,33.0,1
d3ea7083-39c3-4ef2-b5a5-e023a0a30b1e,2025-08-19,8,2,21.17,0,Domicilio,6,TRES CRUCES,0,50,68.0,1
a1e2c146-5dbd-4635-ac95-30cdb4ff5410,2025-08-20,8,3,16.92,0,Recoger,4,LOCAL,0,30,31.0,1
63419bfe-02c4-4400-9d64-69c17f28fed5,2025-08-20,8,3,17.08,0,Recoger,1,LOCAL,1,30,17.0,0
455eceed-ef25-414c-944f-d214d1120fbd,2025-08-20,8,3,19.25,0,Domicilio,4,ROJO GOMEZ,0,50,58.0,1
10a8a176-0b62-4db1-ae92-f052c3a7a94b,2025-08-20,8,3,19.42,0,Recoger en tienda,4,LOCAL,1,30,39.0,1
ea97134d-d234-4252-856e-1a3ccccbcb2d,2025-08-20,8,3,20.67,0,Domicilio,3,CHACATITLA,0,50,44.0,0
a0578a03-22c1-4d73-a978-fdc2ebfa489c,2025-08-20,8,3,21.58,0,Recoger,2,LOCAL,0,30,34.0,1
9b9a066e-6eb7-4005-aedc-d5ecf78a0f7c,2025-08-21,8,4,14.42,0,Recoger,1,LOCAL,0,30,17.0,0
06426599-30f3-4f2a-9dd7-3e4ed29a01e2,2025-08-21,8,4,19.5,0,Recoger en tienda,2,LOCAL,0,30,28.0,0
ac94dcb2-9c12-40d5-b9bd-7aa2b1d476ee,2025-08-21,8,4,20.92,0,Mostrador,3,LOCAL,0,30,28.0,0
3b624428-41f6-4432-89d4-79e1a8565d9c,2025-08-23,8,6,15.25,1,Recoger,3,LOCAL,0,30,33.0,1
9a5b222e-e748-403f-ac2f-b7a2f5ac7480,2025-08-23,8,6,16.83,1,Recoger en tienda,2,LOCAL,0,30,28.0,0
8b4a48fd-da56-422c-9dcd-96a23f1fc52f,2025-08-23,8,6,22.5,1,Domicilio,5,AVIACION,0,50,55.0,1
6950ea2e-c51a-4bc9-9979-bfc3d30a0802,2025-08-23,8,6,23.5,1,Recoger en tienda,6,LOCAL,0,30,42.0,1
8cd7dbe2-8086-47ec-9eed-239f94516f6a,2025-08-24,8,7,13.08,1,Domicilio,6,ROJO GOMEZ,0,50,58.0,1
733d30fe-a7da-4e07-a85e-8919c1cec185,2025-08-24,8,7,13.42,1,Domicilio,3,LA LOMITA,1,50,37.0,0
7417abd6-2961-4dbd-8dc7-de3c95ee809c,2025-08-24,8,7,15.58,1,Recoger,1,LOCAL,0,30,22.0,0
2e617ae0-e55d-4b9d-9918-6948712cb538,2025-08-24,8,7,18.75,1,Recoger,3,LOCAL,0,30,46.0,1
5b4a3039-e0ae-4298-9440-22e461ef5e7a,2025-08-24,8,7,21.33,1,Recoger,6,LOCAL,0,30,48.0,1
b85cf350-4687-44d0-9bc3-ace5d579c5fc,2025-08-24,8,7,23.33,1,Domicilio,3,PARQUE DE POBLAMIENTO,0,50,41.0,0
f84b25e3-23cc-4f03-9c81-c124cfc7900e,2025-08-24,8,7,23.83,1,Recoger,3,LOCAL,1,30,33.0,1
cf295aa3-c970-47db-acec-4457d8182c38,2025-08-25,8,1,18.0,0,Domicilio,3,CENTRO,0,50,40.0,0
a716acc3-aaf0-4bd4-ba5e-47656b2b22e5,2025-08-25,8,1,19.75,0,Domicilio,3,AVIACIÓN CIVIL,0,50,48.0,0
73414d27-3027-4686-b88e-9bbb696bf3c2,2025-08-25,8,1,21.25,0,Domicilio,7,TODOS POR HIDALGO,0,50,71.0,1
3137a3b2-9c2f-4a55-8e34-00ca45f5ba88,2025-08-26,8,2,14.83,0,Domicilio,1,SANTA IRENE,0,50,38.0,0
205d0091-45da-43ab-b595-f3464e0ba73d,2025-08-26,8,2,21.0,0,Mostrador,1,LOCAL,0,30,23.0,0
64964959-a153-47ce-8adf-487e4256c921,2025-08-26,8,2,22.5,0,Recoger en tienda,3,LOCAL,0,30,26.0,0
5af565c1-f73c-487f-8011-2a5abe4b43fa,2025-08-27,8,3,18.92,0,Domicilio,2,AVIACION,0,50,49.0,0
fcda1637-7cb1-4133-a12f-2bf1c432f4de,2025-08-28,8,4,17.42,0,Recoger,4,LOCAL,0,30,36.0,1
83d3ddfb-2fdd-4671-aded-e6c4fd7f5566,2025-08-28,8,4,21.17,0,Mostrador,1,LOCAL,0,30,26.0,0
fdeebf43-a410-4172-b7f0-e4d3fab35914,2025-08-29,8,5,18.08,0,Domicilio,4,AVIACION,0,50,56.0,1
d5da4cd9-230d-47b8-b111-2cea4e9c3332,2025-08-30,8,6,18.0,1,Mostrador,4,LOCAL,0,30,36.0,1
3a542fdc-7620-4290-a739-7eb038c7a7d1,2025-08-30,8,6,20.92,1,Mostrador,5,LOCAL,0,30,44.0,1
6fea8fe0-2d2b-4798-9028-58788037578b,2025-08-30,8,6,21.92,1,Recoger,1,LOCAL,0,30,26.0,0
5eb6222d-4041-41d9-900e-70e82d4c161f,2025-08-31,8,7,18.92,1,Recoger en tienda,3,LOCAL,0,30,39.0,1
a9c0fec7-2213-4efe-9316-321e436d0df3,2025-08-31,8,7,21.0,1,Domicilio,6,SANTA IRENE,0,50,64.0,1
0e592a6f-f653-4e69-aaa8-2c28e6759f70,2025-08-31,8,7,22.67,1,Domicilio,4,AVIACIÓN CIVIL,0,50,46.0,0
d8184865-519a-41b7-b2ef-7dc64a07d13b,2025-09-01,9,1,13.33,0,Domicilio,3,LOS CANTORES,0,50,46.0,0
cfe3e9d0-966f-4475-b95b-d5f61f8c859e,2025-09-01,9,1,22.17,0,Recoger,1,LOCAL,0,30,15.0,0
c9ee0d2b-9834-4d1d-9e72-2c925eb2500c,2025-09-02,9,2,18.42,0,Recoger en tienda,6,LOCAL,0,30,40.0,1
ec9d6a10-e9c6-4d6b-a08a-8c2479937801,2025-09-02,9,2,21.08,0,Mostrador,4,LOCAL,0,30,38.0,1
02d81259-fd29-46e5-b883-7a3634be2963,2025-09-02,9,2,22.92,0,Recoger en tienda,1,LOCAL,0,30,15.0,0
8edcdd51-c44e-4764-9496-7273ecfc03d2,2025-09-03,9,3,19.58,0,Recoger,3,LOCAL,0,30,31.0,1
f0b2a69f-0132-41d8-8500-29023d5cc69f,2025-09-03,9,3,21.33,0,Mostrador,3,LOCAL,0,30,30.0,0
32ba5a88-cf6c-4b2c-91d9-b85b2a3a759a,2025-09-05,9,5,16.0,0,Recoger,2,LOCAL,0,30,29.0,0
8881d55c-f6ad-4612-963e-0448cf09629f,2025-09-05,9,5,19.08,0,Domicilio,2,PARQUE DE POBLAMIENTO,0,50,52.0,1
26053ea4-32a2-4991-a919-3bd8f5a218aa,2025-09-05,9,5,22.33,0,Domicilio,2,PARQUE DE POBLAMIENTO,0,50,44.0,0
caa04a1e-630a-43bd-b33c-641d72ca21b5,2025-09-06,9,6,17.33,1,Recoger,3,LOCAL,0,30,34.0,1
7a18521a-ff7a-41a1-950d-534904820bb1,2025-09-06,9,6,19.0,1,Recoger en tienda,1,LOCAL,0,30,27.0,0
4d3306c8-766f-4bd4-90cb-3819317d47cb,2025-09-06,9,6,19.75,1,Domicilio,4,AVIACIÓN CIVIL,0,50,54.0,1
2cf9879f-f375-4cb6-8d6d-d712c186b7d6,2025-09-06,9,6,21.17,1,Recoger,3,LOCAL,0,30,32.0,1
a86b7aa0-6937-4fb3-bba8-3935c5383b1a,2025-09-06,9,6,22.17,1,Domicilio,3,AVIACIÓN CIVIL,0,50,42.0,0
c04f4c47-3316-4e64-80fa-2af9ab45cbdc,2025-09-07,9,7,21.25,1,Domicilio,4,LOS CANTORES,0,50,58.0,1
8eba55b9-e522-464e-a856-1fec220a8d62,2025-09-08,9,1,18.33,0,Recoger,6,LOCAL,0,30,40.0,1
0433ff4d-2ae7-40a7-b71a-f38d42b672d4,2025-09-08,9,1,20.83,0,Domicilio,1,SANTA IRENE,0,50,36.0,0
b169a396-2ba1-4e2b-b267-8aca05350b22,2025-09-08,9,1,23.42,0,Domicilio,4,AVIACION,0,50,41.0,0
59a90ca3-6d7e-4196-ade8-0afaf4debedd,2025-09-09,9,2,20.92,0,Domicilio,5,LA LOMITA,0,50,53.0,1
4ffc88c3-d948-4a28-b29a-d8c937f4254a,2025-09-09,9,2,21.25,0,Domicilio,7,CENTRO,1,50,58.0,1
6f51d23d-e8c0-49cb-a9b4-8cb71a0054f8,2025-09-09,9,2,21.25,0,Domicilio,6,SANTA IRENE,2,50,71.0,1
059ee049-c075-4009-9f5f-c86f025ea2dc,2025-09-10,9,3,14.58,0,Domicilio,8,AVIACION,0,50,57.0,1
15daf707-2df6-44a0-a04c-4f3bc27176ce,2025-09-10,9,3,20.5,0,Recoger,2,LOCAL,0,30,28.0,0
5d8960b1-26a8-48ad-895f-864f6eec3e71,2025-09-11,9,4,18.17,0,Domicilio,4,COLALAMBRE,0,50,53.0,1
0b8c2077-bd5e-4636-84be-45ef5d4e1cf3,2025-09-12,9,5,15.33,0,Recoger,3,LOCAL,0,30,23.0,0
07725a83-3052-4cad-96bf-e00959780763,2025-09-12,9,5,17.58,0,Recoger en tienda,5,LOCAL,0,30,32.0,1
9b058e12-326d-49bf-b358-e5795024d195,2025-09-12,9,5,19.58,0,Domicilio,1,CHACATITLA,0,50,48.0,0
a3590463-973c-4096-a888-52130157546a,2025-09-12,9,5,21.5,0,Recoger,4,LOCAL,0,30,35.0,1
eac8318a-2e0d-438d-928d-8936ae307eb0,2025-09-12,9,5,22.5,0,Domicilio,1,SANTA IRENE,0,50,29.0,0
c60ef8fa-7c17-4937-8324-d05aef2f2ed5,2025-09-12,9,5,23.83,0,Domicilio,1,LOS CANTORES,0,50,33.0,0
01346428-944c-4604-a25e-d44a12b8a8c6,2025-09-13,9,6,16.42,1,Recoger,5,LOCAL,0,30,41.0,1
84d8f8b1-4e70-4064-844d-1c1b2cd05726,2025-09-13,9,6,17.33,1,Domicilio,2,CHACATITLA,0,50,32.0,0
60cc402f-9b1b-4e6e-8675-175e13f4f5ec,2025-09-13,9,6,18.33,1,Domicilio,3,LOS CANTORES,0,50,54.0,1
e6aaaa6c-9338-4be7-a10f-953981d2cdde,2025-09-13,9,6,19.0,1,Recoger,3,LOCAL,0,30,33.0,1
780a9442-5e2e-4d9b-a1fe-02554b0f888f,2025-09-13,9,6,22.17,1,Recoger en tienda,4,LOCAL,0,30,32.0,1
ac12a7f7-d414-41fd-85a3-18fdb7507b1b,2025-09-14,9,7,14.17,1,Domicilio,3,CHACATITLA,0,50,39.0,0
99171e48-b51b-4aac-98e4-97336869f8cf,2025-09-14,9,7,15.67,1,Recoger,3,LOCAL,0,30,35.0,1
6edd8494-fd13-4378-b65b-63b9b27e51f7,2025-09-14,9,7,18.83,1,Domicilio,3,LA LOMITA,0,50,45.0,0
4ffe7742-d6fb-4d8b-bd00-a744aff8b670,2025-09-14,9,7,19.0,1,Domicilio,6,AVIACION,1,50,65.0,1
cfabafd4-7c0d-4f46-9e94-8e430013ae50,2025-09-14,9,7,22.08,1,Domicilio,4,ROJO GOMEZ,0,50,56.0,1
773c517d-94c5-4956-a894-bfe3421a9bf0,2025-09-14,9,7,22.25,1,Domicilio,2,PARQUE DE POBLAMIENTO,1,50,38.0,0
a0d41556-9762-4f7e-b263-8ca986e51d0c,2025-09-14,9,7,23.33,1,Domicilio,4,ROJO GOMEZ,0,50,51.0,1
23a88694-ec3d-43ab-89bd-d9d1930076ea,2025-09-15,9,1,13.83,0,Domicilio,5,TRES CRUCES,0,50,50.0,0
df60e107-f750-4c1c-932a-cafe8828cfff,2025-09-16,9,2,17.33,0,Domicilio,6,COLALAMBRE,0,50,46.0,0
b68caf7c-671f-49d3-9499-c10f3308560f,2025-09-16,9,2,17.75,0,Domicilio,1,TRES CRUCES,1,50,35.0,0
b1c27872-c0b9-48b5-9c4e-09bfaa6e6f20,2025-09-16,9,2,19.92,0,Recoger,7,LOCAL,0,30,51.0,1
2ed75cf4-7b4c-4742-abbe-113e2bc3bf63,2025-09-17,9,3,18.92,0,Mostrador,1,LOCAL,0,30,29.0,0
6272d17f-5093-4923-b308-e6dcbe5d451c,2025-09-17,9,3,21.17,0,Domicilio,1,ROJO GOMEZ,0,50,39.0,0
d95e4715-af27-43bb-885d-c78f15686621,2025-09-18,9,4,13.17,0,Domicilio,2,TODOS POR HIDALGO,0,50,39.0,0
ba10c275-0fd5-44e0-8de2-60929ab9631c,2025-09-18,9,4,16.92,0,Mostrador,1,LOCAL,0,30,18.0,0
6d667015-946e-4fb1-ac39-330f994b0da9,2025-09-19,9,5,13.0,0,Recoger en tienda,4,LOCAL,0,30,29.0,0
4bd682f0-0c7d-423a-b518-0da8eeb61ead,2025-09-19,9,5,16.0,0,Recoger,3,LOCAL,0,30,30.0,0
d385173e-90cc-470e-81bb-f6947806e9a2,2025-09-19,9,5,19.0,0,Mostrador,5,LOCAL,0,30,40.0,1
240af369-6c32-4f0b-b70c-f5c6b2b9a478,2025-09-19,9,5,19.58,0,Recoger en tienda,7,LOCAL,0,30,50.0,1
7ed8a58e-96db-4916-9879-861d910f39e3,2025-09-19,9,5,20.5,0,Domicilio,2,CENTRO,0,50,38.0,0
9ce92625-6862-49b7-9ffb-bdcceec83f8d,2025-09-19,9,5,22.58,0,Domicilio,5,CENTRO,0,50,42.0,0
0fe65864-3916-4971-a158-5e169936fbee,2025-09-19,9,5,23.67,0,Domicilio,3,LA LOMITA,0,50,42.0,0
c601c7a7-e95e-4deb-a240-694839d9264e,2025-09-20,9,6,16.5,1,Mostrador,5,LOCAL,0,30,40.0,1
d5ac3bd4-8d87-4549-ab70-8eaac53fae2d,2025-09-20,9,6,17.0,1,Domicilio,2,COLALAMBRE,1,50,49.0,0
d8905a9b-47c6-4623-831a-330ee0d81a70,2025-09-20,9,6,21.75,1,Recoger en tienda,4,LOCAL,0,30,46.0,1
a390fc47-d577-40b1-beb1-f20dcaa7fb97,2025-09-21,9,7,15.58,1,Domicilio,5,AVIACIÓN CIVIL,0,50,52.0,1
3d7230a1-67bb-4f91-9000-c76056811a8a,2025-09-21,9,7,15.67,1,Domicilio,2,AVIACIÓN CIVIL,1,50,38.0,0
8d137722-4466-49f1-9c79-eb9dc0db5cb2,2025-09-21,9,7,18.58,1,Domicilio,8,COLALAMBRE,0,50,72.0,1
19b98006-db3c-44b5-b432-ef2e1bb9e930,2025-09-22,9,1,21.33,0,Domicilio,2,CENTRO,0,50,40.0,0
9fc954b9-04b9-484f-a8eb-456e23a263bc,2025-09-23,9,2,15.58,0,Domicilio,2,ROJO GOMEZ,0,50,43.0,0
dee8345f-8a87-4845-bb95-67e905db2b53,2025-09-24,9,3,21.75,0,Mostrador,3,LOCAL,0,30,36.0,1
1cbb86a7-c448-4ff4-8cd2-eb49b2be7c7c,2025-09-25,9,4,18.25,0,Recoger en tienda,4,LOCAL,0,30,38.0,1
f0d0cd00-fb1a-41a8-a609-28f859e96817,2025-09-25,9,4,20.58,0,Domicilio,2,AVIACIÓN CIVIL,0,50,40.0,0
6310aabf-fef0-4fa2-91e3-d165d19223fa,2025-09-26,9,5,17.58,0,Domicilio,1,CENTRO,0,50,24.0,0
39619f8a-342a-4aff-ae78-07b34808bc46,2025-09-26,9,5,19.33,0,Domicilio,5,TODOS POR HIDALGO,0,50,56.0,1
0d02d2e0-a9db-417b-81cc-4f4c7101f193,2025-09-26,9,5,21.17,0,Domicilio,2,LA LOMITA,0,50,28.0,0
3c4654c5-7583-46c9-a3d8-c7c740874d91,2025-09-27,9,6,19.08,1,Recoger en tienda,5,LOCAL,0,30,48.0,1
50f154fd-b173-4a2d-ac9e-0b71da0c7af8,2025-09-27,9,6,23.08,1,Mostrador,4,LOCAL,0,30,35.0,1
71612fb7-f25e-4ae4-af9f-3d9858fdd97b,2025-09-28,9,7,15.0,1,Recoger en tienda,4,LOCAL,0,30,40.0,1
b989cbcb-3936-4101-80f4-e304deb2fc6b,2025-09-28,9,7,15.67,1,Mostrador,1,LOCAL,0,30,18.0,0
0c5ecc49-374d-49a3-946e-adfbc9d39df4,2025-09-28,9,7,19.17,1,Domicilio,3,COLALAMBRE,0,50,51.0,1
d85693f4-e415-42b9-86f5-30d0763eae98,2025-09-28,9,7,20.42,1,Recoger,5,LOCAL,0,30,50.0,1
a59a431e-2874-4a8f-9f2a-3c444fb6c22b,2025-09-28,9,7,22.17,1,Recoger en tienda,2,LOCAL,0,30,30.0,0
9dd888c5-73c5-4123-a2a8-2e7d605b0c2d,2025-09-29,9,1,15.17,0,Domicilio,2,AVIACION,0,50,36.0,0
3276bfd8-3baa-46df-85f1-d879dc87cff8,2025-09-29,9,1,15.17,0,Mostrador,1,LOCAL,1,30,21.0,0
68ce4adf-a6f8-422e-b20f-1072feaf0237,2025-09-29,9,1,18.58,0,Mostrador,4,LOCAL,0,30,40.0,1
fed28a65-78b8-41a8-8a4b-acb2510277e9,2025-09-29,9,1,18.92,0,Domicilio,2,SANTA IRENE,1,50,46.0,0
08e47c2d-d6f0-4a1c-a709-2ad185c69512,2025-09-29,9,1,23.0,0,Domicilio,2,PARQUE DE POBLAMIENTO,0,50,37.0,0
9f8425a4-6f83-4327-a2a0-2191f2ea8d39,2025-09-29,9,1,23.58,0,Recoger,1,LOCAL,0,30,18.0,0
75f83457-9b36-443d-b4c8-a2302c396a1f,2025-09-30,9,2,18.92,0,Recoger en tienda,5,LOCAL,0,30,43.0,1
3eeca9ed-fb80-4638-bfdc-5e26bd5584c7,2025-09-30,9,2,19.58,0,Recoger,2,LOCAL,0,30,31.0,1
ad5f6ee2-a7f9-4c1f-a3a0-fe2224bac1e7,2025-10-01,10,3,13.33,0,Domicilio,2,TODOS POR HIDALGO,0,50,48.0,0
60f7735d-4988-47c5-ae1a-6b83ab896c2a,2025-10-01,10,3,17.0,0,Domicilio,3,TRES CRUCES,0,50,37.0,0
171ede3f-6118-4f9c-919c-b44c9f0a7dbf,2025-10-01,10,3,19.67,0,Recoger,4,LOCAL,0,30,37.0,1
8e807d9d-e548-4c03-9a3d-b01e1f76793c,2025-10-01,10,3,19.75,0,Domicilio,4,LOS CANTORES,1,50,58.0,1
712e53d8-25ee-4251-bcef-b1bcf7159864,2025-10-01,10,3,21.67,0,Domicilio,3,ROJO GOMEZ,0,50,54.0,1
03ae3c8b-5816-4daa-982a-42b45d2ba1b6,2025-10-02,10,4,14.08,0,Recoger en tienda,1,LOCAL,0,30,22.0,0
43738a6e-1703-41f4-b7d6-9ec78cf35ebb,2025-10-02,10,4,19.67,0,Domicilio,3,LA LOMITA,0,50,50.0,0
d33292c9-2eea-40b9-99cc-55afda7b62e3,2025-10-02,10,4,20.67,0,Domicilio,3,PARQUE DE POBLAMIENTO,0,50,58.0,1
982cc284-9e89-446d-9187-1467e05182ec,2025-10-02,10,4,20.92,0,Recoger,3,LOCAL,1,30,30.0,0
00830b65-9eff-48a8-8df0-20c1a554a53c,2025-10-02,10,4,21.25,0,Recoger en tienda,7,LOCAL,1,30,44.0,1
d31b8f5c-08dc-4989-bfe6-85862ca5f33f,2025-10-03,10,5,20.17,0,Recoger en tienda,1,LOCAL,0,30,30.0,0
ad1239a7-7ce8-4a43-b74f-5a08ceec70d2,2025-10-03,10,5,20.33,0,Mostrador,5,LOCAL,1,30,49.0,1
22644dae-6e88-4002-88a3-4c2c88024f80,2025-10-03,10,5,21.92,0,Recoger en tienda,1,LOCAL,0,30,25.0,0
a8fb4423-9c94-4c4c-9bc4-0c59ee6a35c1,2025-10-04,10,6,15.5,1,Domicilio,3,CENTRO,0,50,39.0,0
fed27dc0-8278-4e1d-b5c9-d721a623ff99,2025-10-04,10,6,18.83,1,Recoger,1,LOCAL,0,30,34.0,1
fcf9dea7-fcb6-4ae1-ae3e-1e1afae7a6d2,2025-10-04,10,6,19.17,1,Recoger en tienda,4,LOCAL,1,30,45.0,1
98faa4f0-782d-4c63-8581-60d754cc7050,2025-10-04,10,6,19.42,1,Domicilio,2,TRES CRUCES,1,50,50.0,0
b64a3350-cfea-4e42-8a4e-6beca193bb8b,2025-10-04,10,6,20.08,1,Domicilio,6,AVIACIÓN CIVIL,0,50,66.0,1
2e48cbc4-b3d2-43a7-aebd-7b2a32afce26,2025-10-04,10,6,20.42,1,Recoger,5,LOCAL,1,30,50.0,1
37ab1b95-ca31-4c15-a037-7eb2cdac3c24,2025-10-04,10,6,20.58,1,Domicilio,1,SANTA IRENE,2,50,54.0,1
947c006c-6f19-4af0-a15e-68354c54f4cc,2025-10-04,10,6,21.5,1,Recoger,5,LOCAL,0,30,44.0,1
72fec033-b5c9-4111-b4d4-cbe5f3c46f14,2025-10-05,10,7,13.08,1,Recoger,2,LOCAL,0,30,22.0,0
1478b9c9-1e25-4528-a335-28725661f335,2025-10-05,10,7,16.17,1,Recoger en tienda,4,LOCAL,0,30,31.0,1
794fa346-e2c5-45c7-8db1-7763a2996a02,2025-10-06,10,1,21.08,0,Domicilio,3,SANTA IRENE,0,50,53.0,1
9f032576-3956-4f46-a82c-43229adea778,2025-10-06,10,1,23.08,0,Domicilio,2,AVIACIÓN CIVIL,0,50,32.0,0
4580cdd0-7929-488a-bb16-7b7740996901,2025-10-07,10,2,18.92,0,Domicilio,3,ROJO GOMEZ,0,50,52.0,1
8d062774-f744-4869-b0d8-32d559e4b418,2025-10-08,10,3,18.25,0,Recoger en tienda,1,LOCAL,0,30,35.0,1
059b36c9-f1b0-4eb6-96b2-15dbc2c56d54,2025-10-08,10,3,19.58,0,Recoger,2,LOCAL,0,30,34.0,1
49546072-e164-46ad-a29b-0f57aa9d0b26,2025-10-09,10,4,18.0,0,Domicilio,4,LA LOMITA,0,50,53.0,1
93428e30-8dca-4529-8685-3302f2d9398f,2025-10-09,10,4,18.42,0,Recoger,2,LOCAL,1,30,33.0,1
7c536843-0ae7-444e-bd6f-076593ca94ee,2025-10-09,10,4,20.67,0,Recoger,4,LOCAL,0,30,39.0,1
79b02233-b697-4108-9d12-0caeba11f179,2025-10-09,10,4,20.75,0,Mostrador,3,LOCAL,1,30,33.0,1
b4ce37be-f827-4613-b6ac-c5a25220a83c,2025-10-10,10,5,13.33,0,Domicilio,2,LOS CANTORES,0,50,41.0,0
99f49834-1e4a-4bae-bc65-42f45f381562,2025-10-10,10,5,15.08,0,Mostrador,1,LOCAL,0,30,20.0,0
fe3a59cd-288e-45e9-9282-aa36219eeafb,2025-10-10,10,5,15.42,0,Domicilio,5,LA LOMITA,1,50,52.0,1
411e5137-c5d9-4c59-85cf-4974350c3e6f,2025-10-10,10,5,19.25,0,Recoger,2,LOCAL,0,30,24.0,0
6a48e692-7b0f-46f0-986f-d872cccb9ddc,2025-10-10,10,5,23.08,0,Recoger,2,LOCAL,0,30,25.0,0
c48ead25-4328-42ac-99f9-f1ddf31f835c,2025-10-11,10,6,16.17,1,Domicilio,4,ROJO GOMEZ,0,50,53.0,1
72131a7d-20a7-405e-bae4-51d21bd62c5d,2025-10-11,10,6,20.42,1,Domicilio,5,TODOS POR HIDALGO,0,50,55.0,1
38f8af8e-97a2-4acd-ab33-95cd9914a35c,2025-10-12,10,7,15.25,1,Recoger,2,LOCAL,0,30,27.0,0
ad5a9009-66a1-4e8f-81a4-507fbf97965d,2025-10-12,10,7,17.92,1,Recoger,7,LOCAL,0,30,39.0,1
a99f451d-5c3c-4925-ba12-583a4c8117a0,2025-10-12,10,7,18.25,1,Recoger en tienda,3,LOCAL,1,30,40.0,1
e0d62e69-141c-406c-9c49-182406a717b4,2025-10-12,10,7,20.67,1,Recoger en tienda,4,LOCAL,0,30,42.0,1
88eece66-b6b1-479f-b8a4-1859a57e905a,2025-10-15,10,3,18.42,0,Mostrador,1,LOCAL,0,30,19.0,0
76d230bb-a484-4dba-84d5-1df9d7d0d6af,2025-10-15,10,3,21.0,0,Domicilio,3,TRES CRUCES,0,50,47.0,0
054b3cdd-6f3d-49c6-9023-31dd3d876a1d,2025-10-15,10,3,21.0,0,Recoger en tienda,4,LOCAL,1,30,45.0,1
5dcad155-7864-4e65-a2d2-9496da75f0da,2025-10-16,10,4,19.33,0,Domicilio,4,COLALAMBRE,0,50,54.0,1
57c79f59-8f49-47be-bd5c-9bdef36f27f2,2025-10-16,10,4,20.42,0,Recoger en tienda,2,LOCAL,0,30,32.0,1
3059cbd6-d871-41b8-9c06-d05f07ccfef8,2025-10-17,10,5,18.67,0,Domicilio,1,COLALAMBRE,0,50,44.0,0
ab1501c5-2564-48c7-b50d-4a0e9a3a2c89,2025-10-17,10,5,19.92,0,Recoger en tienda,3,LOCAL,0,30,35.0,1
11966922-14f7-404a-b17e-f8d211aaa626,2025-10-18,10,6,18.25,1,Domicilio,2,LA LOMITA,0,50,44.0,0
d7695202-5f2e-4b28-857c-9095475926ae,2025-10-18,10,6,18.33,1,Recoger,4,LOCAL,1,30,43.0,1
8ebaa1b6-3257-42be-8585-33488c69a325,2025-10-18,10,6,19.17,1,Recoger,1,LOCAL,0,30,29.0,0
fa2a5b53-869d-4bcd-a94f-d2ff1f4b0229,2025-10-18,10,6,19.5,1,Recoger,2,LOCAL,1,30,32.0,1
ae94cfae-d236-4126-8970-6bf9680a9c4f,2025-10-18,10,6,19.75,1,Recoger,5,LOCAL,1,30,49.0,1
fdef5d13-6873-4cfa-b014-f08d0b1dad72,2025-10-18,10,6,20.25,1,Recoger en tienda,3,LOCAL,1,30,41.0,1
8dbf8e50-7cf3-4af6-9090-55f1487c3957,2025-10-18,10,6,23.83,1,Domicilio,2,TRES CRUCES,0,50,37.0,0
ca5bb6d7-2186-4f73-8a66-7a8eb05f076e,2025-10-19,10,7,16.08,1,Recoger en tienda,1,LOCAL,0,30,25.0,0
4e402ece-5979-4368-85e9-25848a952b79,2025-10-19,10,7,17.08,1,Recoger en tienda,2,LOCAL,0,30,23.0,0
410e1a1e-8587-45fe-a893-d22271e1fbc2,2025-10-19,10,7,17.83,1,Recoger,6,LOCAL,0,30,38.0,1
650acb24-9c11-4340-ab99-5c420b1571ea,2025-10-19,10,7,18.92,1,Domicilio,5,SANTA IRENE,0,50,55.0,1
78e003f5-9502-4ffa-b993-513adb2f3b6c,2025-10-19,10,7,19.5,1,Domicilio,4,ROJO GOMEZ,0,50,60.0,1
cc6e6fe8-1654-4493-98af-f6a7f0ea71c2,2025-10-19,10,7,21.67,1,Domicilio,3,ROJO GOMEZ,0,50,58.0,1
ad7d5c84-1def-4bdd-82d2-8108ecdee22d,2025-10-19,10,7,21.75,1,Mostrador,1,LOCAL,1,30,33.0,1
22238685-ba37-4af8-98ff-fb1f856301ac,2025-10-19,10,7,22.17,1,Recoger en tienda,1,LOCAL,2,30,24.0,0
2462a328-baba-40eb-afe8-d19a7ae45a13,2025-10-20,10,1,18.58,0,Mostrador,2,LOCAL,0,30,20.0,0
99a63b26-e212-44a2-b3b8-3941cec12c80,2025-10-20,10,1,19.75,0,Recoger,2,LOCAL,0,30,29.0,0
b4901689-53a0-4e1d-aeaa-23cbafba5feb,2025-10-20,10,1,20.17,0,Domicilio,4,TODOS POR HIDALGO,1,50,55.0,1
a3e0c88a-b707-4519-8099-440c85c50f15,2025-10-20,10,1,21.08,0,Recoger,4,LOCAL,0,30,42.0,1
2ad948ea-317a-4a13-922a-8aad93abc52c,2025-10-20,10,1,23.0,0,Recoger en tienda,1,LOCAL,0,30,28.0,0
4705732f-7e49-4033-a64a-6de506725c72,2025-10-21,10,2,20.75,0,Recoger,5,LOCAL,0,30,40.0,1
6a0c6a68-6d4d-408f-a5d3-8d334926a21b,2025-10-22,10,3,18.33,0,Domicilio,3,AVIACION,0,50,48.0,0
4508ede6-962f-4737-85c1-3fd58d031f97,2025-10-22,10,3,18.58,0,Domicilio,7,ROJO GOMEZ,1,50,69.0,1
d35830e9-e8a7-4981-89de-37f8338ebf2f,2025-10-22,10,3,20.67,0,Recoger,1,LOCAL,0,30,29.0,0
f6186bf1-a451-4720-b327-2ba9ae212347,2025-10-22,10,3,22.75,0,Domicilio,3,CENTRO,0,50,35.0,0
acaf8378-1d2e-499a-8cba-32268c87e554,2025-10-23,10,4,17.5,0,Domicilio,2,LA LOMITA,0,50,38.0,0
561ebad4-8aee-4333-950c-a93d1e5de672,2025-10-23,10,4,18.5,0,Domicilio,1,LOS CANTORES,0,50,40.0,0
b4c1a591-0bd5-40b0-830e-f572a4038a41,2025-10-24,10,5,19.5,0,Domicilio,1,TODOS POR HIDALGO,0,50,45.0,0
c046d253-8a37-46e4-a422-cb82b0936a63,2025-10-24,10,5,19.92,0,Recoger,3,LOCAL,1,30,42.0,1
0551327a-a0be-41d8-b9aa-b3e00673192d,2025-10-24,10,5,20.92,0,Domicilio,2,ROJO GOMEZ,0,50,50.0,0
210f30fd-037a-4e33-a8da-388eee3beb66,2025-10-25,10,6,14.58,1,Mostrador,2,LOCAL,0,30,28.0,0
23a76f59-43cf-4266-a2ee-dd71c30c5a61,2025-10-25,10,6,15.33,1,Domicilio,3,SANTA IRENE,0,50,46.0,0
aaae5b88-02ea-4741-9fa2-838d7a0bff69,2025-10-25,10,6,18.42,1,Domicilio,3,TODOS POR HIDALGO,0,50,55.0,1
a6dd340b-d02a-4832-b473-93645e7ca7e5,2025-10-25,10,6,19.42,1,Domicilio,4,CHACATITLA,0,50,56.0,1
ddba54ac-f818-4a4d-a070-192527a766d9,2025-10-25,10,6,22.33,1,Recoger en tienda,3,LOCAL,0,30,30.0,0
90ae8cfb-bf8b-4533-9de3-ad3307aa4f02,2025-10-26,10,7,13.33,1,Recoger,1,LOCAL,0,30,20.0,0
54eba61f-91bb-4c65-873e-c613e300baf1,2025-10-26,10,7,13.42,1,Recoger en tienda,1,LOCAL,1,30,26.0,0
c2293f9d-1aa1-4479-92e9-abb77265128b,2025-10-26,10,7,15.33,1,Domicilio,1,LA LOMITA,0,50,35.0,0
19d7083b-855a-44e2-8332-b99b01d1941a,2025-10-26,10,7,18.0,1,Mostrador,2,LOCAL,0,30,31.0,1
48eee996-ac3c-4bd3-bdfb-c91db5818473,2025-10-27,10,1,19.25,0,Domicilio,3,TODOS POR HIDALGO,0,50,57.0,1
7926b08a-3f89-4d74-8fa4-b599b958d18f,2025-10-27,10,1,21.33,0,Domicilio,2,ROJO GOMEZ,0,50,44.0,0
a4847553-f655-4879-a949-ae7ee7a212c3,2025-10-28,10,2,21.0,0,Domicilio,4,SANTA IRENE,0,50,47.0,0
934a616c-cab7-4de5-81bf-d52f4cfe3f00,2025-10-28,10,2,22.83,0,Recoger en tienda,2,LOCAL,0,30,25.0,0
a34e260e-6a4d-478d-86a5-607b27e06ffe,2025-10-29,10,3,19.58,0,Domicilio,3,CHACATITLA,0,50,43.0,0
5906b399-8a87-4e93-b313-6d84652a9197,2025-10-30,10,4,13.08,0,Recoger,2,LOCAL,0,30,18.0,0
e380611c-82d7-4d4d-8908-b313ff864cd6,2025-10-30,10,4,15.92,0,Mostrador,2,LOCAL,0,30,26.0,0
27801245-bdf7-47e7-b7ca-ba172e8231f2,2025-10-30,10,4,16.58,0,Recoger en tienda,2,LOCAL,0,30,24.0,0
1abb9f11-149f-4bf7-91c1-6c756cb37548,2025-10-30,10,4,18.0,0,Domicilio,4,AVIACION,0,50,49.0,0
82674854-a858-4214-a340-fb5fdcb2ccca,2025-10-30,10,4,19.42,0,Recoger en tienda,3,LOCAL,0,30,26.0,0
447aacb0-ca9d-4e77-bd7d-66652c640f4b,2025-10-30,10,4,23.25,0,Mostrador,2,LOCAL,0,30,19.0,0
ab25d426-bee5-4900-be54-6f36f47e5d77,2025-10-31,10,5,13.08,0,Domicilio,3,COLALAMBRE,0,50,37.0,0
d1252ee6-a743-4675-9e18-d9ac68ac2c4c,2025-10-31,10,5,14.25,0,Mostrador,3,LOCAL,0,30,19.0,0
76c5fd8d-ab2f-471b-b7a4-4ca24b51c900,2025-10-31,10,5,21.17,0,Domicilio,5,ROJO GOMEZ,0,50,65.0,1
70a5300d-0adf-4239-a1c7-1059fe4ea32d,2025-10-31,10,5,21.83,0,Recoger,6,LOCAL,0,30,45.0,1
81b763ef-e17a-4054-8cb7-b2beb49db270,2025-11-01,11,6,15.5,1,Recoger,2,LOCAL,0,30,24.0,0
2daa92da-a565-4f44-be5b-e7d9193abd9b,2025-11-01,11,6,19.5,1,Recoger,3,LOCAL,0,30,38.0,1
45b1bfdd-55e4-419c-ab7c-603349a99032,2025-11-02,11,7,14.25,1,Domicilio,5,TODOS POR HIDALGO,0,50,55.0,1
abed4bdb-2bce-4e1c-9205-e770df6db3dd,2025-11-02,11,7,17.75,1,Recoger,2,LOCAL,0,30,26.0,0
d561a46e-ad1d-4abd-b53f-60e925a4e0ed,2025-11-02,11,7,18.83,1,Recoger,3,LOCAL,0,30,36.0,1
0ddf3e9a-e1c4-4da7-b223-3523e486bbca,2025-11-02,11,7,21.58,1,Domicilio,1,TRES CRUCES,0,50,41.0,0
bbbe2a2d-b728-482b-a2ef-79af0384490d,2025-11-03,11,1,16.58,0,Domicilio,2,ROJO GOMEZ,0,50,41.0,0
5ea32a7b-74f4-4e9c-9e28-947505207f94,2025-11-03,11,1,20.42,0,Recoger en tienda,2,LOCAL,0,30,31.0,1
3ceee183-e35f-4328-bfdf-6ee1c564926b,2025-11-07,11,5,18.0,0,Domicilio,5,ROJO GOMEZ,0,50,63.0,1
632da1bd-8410-447d-8abd-953911f51308,2025-11-07,11,5,19.92,0,Recoger,3,LOCAL,0,30,32.0,1
46aa064f-640c-4de0-9f71-c127de3d3b01,2025-11-07,11,5,20.83,0,Recoger en tienda,4,LOCAL,0,30,30.0,0
be456412-5458-458e-9287-03bbccb12cb7,2025-11-07,11,5,22.25,0,Domicilio,2,CENTRO,0,50,31.0,0
63b44b33-075d-41ad-8103-8058d7fb99b9,2025-11-08,11,6,19.33,1,Domicilio,3,TRES CRUCES,0,50,55.0,1
0735e4d5-f977-472a-86d9-e4de6315d2f8,2025-11-08,11,6,19.58,1,Recoger en tienda,5,LOCAL,1,30,46.0,1
7379b8f3-efd5-4b5b-9c81-ce7082f32184,2025-11-08,11,6,20.75,1,Recoger en tienda,2,LOCAL,0,30,33.0,1
31b10f8c-8893-4359-a73a-2205b9c2d779,2025-11-08,11,6,21.83,1,Recoger,2,LOCAL,0,30,38.0,1
91d3036e-92e3-4fcb-a39a-69e0387edbcb,2025-11-09,11,7,19.17,1,Recoger,2,LOCAL,0,30,37.0,1
2124b3ec-e335-47a9-a227-b82b1b753c5f,2025-11-09,11,7,19.42,1,Domicilio,2,CHACATITLA,1,50,51.0,1
b8a29402-e049-4f15-b3b2-5a171c9008ce,2025-11-09,11,7,20.0,1,Recoger en tienda,4,LOCAL,0,30,37.0,1
66d36263-7ce2-4a6d-8300-015577be561b,2025-11-09,11,7,20.75,1,Domicilio,4,LOS CANTORES,0,50,60.0,1
f538ee1c-af6b-44a0-a068-1cb4067d38cc,2025-11-09,11,7,21.0,1,Recoger en tienda,4,LOCAL,1,30,40.0,1
daf90def-bc9d-40a0-a919-b216361d3c83,2025-11-09,11,7,21.92,1,Recoger en tienda,4,LOCAL,0,30,37.0,1
eeef02d4-2c69-44ea-839b-a18a2f384498,2025-11-10,11,1,19.25,0,Recoger en tienda,1,LOCAL,0,30,25.0,0
50fe5929-a0ce-46e2-84b4-874cc52bb101,2025-11-10,11,1,20.33,0,Recoger,3,LOCAL,0,30,25.0,0
24b2eee8-d93d-4874-b6be-9e8cd2254667,2025-11-10,11,1,20.58,0,Domicilio,5,CENTRO,1,50,55.0,1
d3039b32-f2ad-473e-abf2-f1d3c631b4a8,2025-11-10,11,1,21.08,0,Domicilio,4,CHACATITLA,1,50,58.0,1
dc777ca6-127f-4a06-8879-0ca1b8b9258d,2025-11-11,11,2,18.92,0,Recoger,2,LOCAL,0,30,30.0,0
49d91a17-dcd9-46c0-9670-124214f7e13f,2025-11-11,11,2,20.33,0,Domicilio,8,LA LOMITA,0,50,67.0,1
853e5f4b-7a41-407f-9528-b156d615bfcd,2025-11-11,11,2,21.58,0,Recoger,3,LOCAL,0,30,25.0,0
f0014950-a456-4abd-b802-165c06db4ac2,2025-11-12,11,3,13.0,0,Recoger,4,LOCAL,0,30,36.0,1
40de0a8f-9ad7-4f29-8184-882cadcc164f,2025-11-12,11,3,18.67,0,Recoger,2,LOCAL,0,30,25.0,0
29bfa7df-239d-413f-ac92-e3c92d50e8f1,2025-11-12,11,3,19.33,0,Domicilio,3,COLALAMBRE,0,50,51.0,1
ad99441b-5a07-45b5-8702-507402f5d932,2025-11-12,11,3,21.33,0,Domicilio,5,LOS CANTORES,0,50,53.0,1
b45a3867-fe9f-45fb-a0a4-49ec2a429190,2025-11-12,11,3,23.0,0,Domicilio,5,TODOS POR HIDALGO,0,50,47.0,0
a141020c-4c70-47e6-a581-ca3e192e033f,2025-11-13,11,4,21.67,0,Recoger,1,LOCAL,0,30,27.0,0
a244301c-97a3-4b85-ae7e-f799418a49fd,2025-11-13,11,4,22.83,0,Domicilio,2,AVIACIÓN CIVIL,0,50,39.0,0
1088d537-d0d2-435d-a102-da2b0b8fe32e,2025-11-14,11,5,20.17,0,Domicilio,5,ROJO GOMEZ,0,50,57.0,1
af376d50-3c81-4242-b3fc-ce5abf8fdb55,2025-11-14,11,5,22.75,0,Mostrador,4,LOCAL,0,30,35.0,1
71de4e96-f0f3-4d1e-87dd-3f72cf210e28,2025-11-14,11,5,23.08,0,Recoger en tienda,6,LOCAL,1,30,40.0,1
ce58ed85-ba6f-4b4d-9fd4-3a051835e852,2025-11-15,11,6,13.83,1,Recoger en tienda,5,LOCAL,0,30,39.0,1
301bf8c1-1ad2-476b-bf9f-844473885c9b,2025-11-15,11,6,15.75,1,Domicilio,3,PARQUE DE POBLAMIENTO,0,50,49.0,0
2b0e4b9f-13fa-4478-b50f-faffc0ffa854,2025-11-15,11,6,18.5,1,Recoger,6,LOCAL,0,30,54.0,1
0fead003-ca93-411e-bbba-7832be3b1cbe,2025-11-15,11,6,18.75,1,Domicilio,3,ROJO GOMEZ,1,50,47.0,0
15efd854-747d-43d8-b289-5de830b03ea8,2025-11-15,11,6,18.83,1,Recoger,3,LOCAL,2,30,38.0,1
7f62d39b-a56f-4431-a2ff-101082fd296a,2025-11-15,11,6,20.67,1,Domicilio,3,AVIACION,0,50,48.0,0
c6a66efb-8320-4b13-b54c-980b5151f69b,2025-11-15,11,6,21.0,1,Domicilio,2,CHACATITLA,1,50,52.0,1
9385b571-5510-4705-aa80-62a6cf5491c2,2025-11-16,11,7,14.33,1,Domicilio,4,AVIACIÓN CIVIL,0,50,46.0,0
af752f87-5b2c-4703-980f-860cdcd50590,2025-11-16,11,7,15.58,1,Recoger,3,LOCAL,0,30,27.0,0
9262fd6d-1e1a-4109-a05a-b86540b400d6,2025-11-16,11,7,18.0,1,Recoger,4,LOCAL,0,30,32.0,1
b42744df-ba5f-4748-ab18-49c27d85716c,2025-11-16,11,7,19.08,1,Domicilio,1,PARQUE DE POBLAMIENTO,0,50,46.0,0
06628b9c-582f-456b-b369-1cd1764c50e3,2025-11-16,11,7,21.25,1,Recoger,3,LOCAL,0,30,41.0,1
435ecac3-18cf-45cf-a082-a24160c7a3d4,2025-11-16,11,7,21.83,1,Mostrador,1,LOCAL,0,30,24.0,0
867aeaff-6c33-4072-81dc-ff4969327301,2025-11-17,11,1,14.75,0,Mostrador,5,LOCAL,0,30,32.0,1
32dd8869-e864-4afe-a00e-bb514cefca6a,2025-11-17,11,1,22.42,0,Recoger,3,LOCAL,0,30,22.0,0
a3517820-0155-4e59-be8b-d073a5834df8,2025-11-17,11,1,22.83,0,Mostrador,1,LOCAL,1,30,21.0,0
01912412-06b5-49ce-8309-6df886ed8544,2025-11-18,11,2,17.25,0,Domicilio,1,CHACATITLA,0,50,36.0,0
9b7adb82-efdb-4f41-8306-bfc4562fd6c7,2025-11-18,11,2,18.42,0,Domicilio,4,PARQUE DE POBLAMIENTO,0,50,56.0,1
7f28f86c-544a-4a19-a5e4-0acec140c679,2025-11-18,11,2,20.5,0,Domicilio,1,LA LOMITA,0,50,32.0,0
5c87af69-a37a-4184-8bd9-b76e1078102c,2025-11-18,11,2,23.42,0,Recoger en tienda,2,LOCAL,0,30,29.0,0
6e113a73-5f70-4f5e-a34f-9d49bfc0d8a7,2025-11-19,11,3,16.08,0,Recoger en tienda,2,LOCAL,0,30,23.0,0
9d1a945b-02f1-4677-81da-92b3485175cd,2025-11-20,11,4,21.0,0,Domicilio,4,TODOS POR HIDALGO,0,50,44.0,0
144f2ea9-2e92-46a5-ac46-f5a8bb9235c7,2025-11-20,11,4,22.5,0,Recoger,1,LOCAL,0,30,18.0,0
2bed7abd-b373-4640-bca5-21b5b3bb87d5,2025-11-20,11,4,22.58,0,Recoger,5,LOCAL,1,30,36.0,1
4c7bd5de-56b8-45c6-9294-aed16ea13c4c,2025-11-21,11,5,14.92,0,Mostrador,1,LOCAL,0,30,15.0,0
43d30284-ba70-4046-88d0-c538b396c0e0,2025-11-21,11,5,21.0,0,Domicilio,5,ROJO GOMEZ,0,50,59.0,1
a633a19d-2f3b-4aff-a92f-fd6db044f632,2025-11-21,11,5,22.42,0,Recoger,1,LOCAL,0,30,18.0,0
719eed71-09f9-4425-a1dd-699da58c69ba,2025-11-22,11,6,19.42,1,Domicilio,5,CENTRO,0,50,54.0,1
4ef20441-e223-409e-b4d2-418490a2850c,2025-11-23,11,7,18.42,1,Domicilio,6,SANTA IRENE,0,50,63.0,1
d846dd22-891a-42af-9d6d-6f15dbc6b418,2025-11-23,11,7,19.0,1,Domicilio,5,CENTRO,0,50,51.0,1
43eb0f97-e73b-4f34-9264-65fe846955c4,2025-11-23,11,7,19.83,1,Recoger,10,LOCAL,0,30,57.0,1
8898f914-cc1c-4029-8c74-263d713ba3f3,2025-11-23,11,7,21.17,1,Recoger,3,LOCAL,0,30,38.0,1
b9b1d0de-487c-4991-a5af-4ef15f53d57e,2025-11-24,11,1,14.25,0,Domicilio,3,LA LOMITA,0,50,30.0,0
574a2a55-5104-4a7a-a2f9-b7999556bbc4,2025-11-24,11,1,14.42,0,Recoger,4,LOCAL,1,30,29.0,0
50dab9f8-74ec-4fa5-a67f-0edf36e2a04b,2025-11-24,11,1,15.25,0,Recoger en tienda,6,LOCAL,0,30,43.0,1
1fc4c602-df5b-4b18-9067-12b4d8668eea,2025-11-24,11,1,17.0,0,Domicilio,3,SANTA IRENE,0,50,45.0,0
6f969403-0b32-4f4b-8402-39c3540a2945,2025-11-24,11,1,18.75,0,Domicilio,4,TODOS POR HIDALGO,0,50,53.0,1
f97d4f9b-06b5-46d7-be92-35585e7c355c,2025-11-24,11,1,19.33,0,Domicilio,2,SANTA IRENE,0,50,44.0,0
9f3f8cb2-1fb0-4de4-9710-257435cee453,2025-11-24,11,1,20.0,0,Domicilio,3,COLALAMBRE,0,50,57.0,1
34f21648-4088-44aa-a590-d9a8b81625e6,2025-11-24,11,1,20.67,0,Recoger,3,LOCAL,0,30,30.0,0
53d23189-ffd7-458e-a295-85f22ab94d4c,2025-11-24,11,1,21.17,0,Recoger,5,LOCAL,1,30,45.0,1
f5f262db-b5b4-4b9a-ad51-c8d9562e05a6,2025-11-25,11,2,18.75,0,Recoger en tienda,3,LOCAL,0,30,33.0,1
a3c27bb7-28b7-4232-90da-ae0d8e1919d4,2025-11-25,11,2,21.92,0,Recoger en tienda,6,LOCAL,0,30,39.0,1
b554edf2-f12e-4e8d-9e05-6992d8e5e544,2025-11-25,11,2,23.17,0,Mostrador,3,LOCAL,0,30,22.0,0
68e8c67a-c370-49f4-b70c-25e707ec1bad,2025-11-26,11,3,14.92,0,Domicilio,4,LOS CANTORES,0,50,48.0,0
92d97931-c4e4-4d2f-88f6-b43986345c4f,2025-11-26,11,3,15.0,0,Domicilio,3,LA LOMITA,1,50,39.0,0
93435393-8b88-4ea6-8c07-933aed30531f,2025-11-26,11,3,18.83,0,Domicilio,3,SANTA IRENE,0,50,45.0,0
2163c0fe-e1db-48e1-affa-a90729974cd6,2025-11-26,11,3,19.17,0,Domicilio,2,CENTRO,1,50,41.0,0
709fa805-bf54-4b19-9e59-4130c5bd8606,2025-11-27,11,4,19.5,0,Recoger en tienda,4,LOCAL,0,30,38.0,1
61d70091-5a74-4d0b-8a97-bf8f64f402f2,2025-11-27,11,4,22.67,0,Domicilio,2,AVIACIÓN CIVIL,0,50,32.0,0
e804326c-f6b8-4145-bfb6-493fa0aa54a4,2025-11-27,11,4,22.83,0,Domicilio,1,SANTA IRENE,1,50,34.0,0
e7560f97-d9e5-45e2-aaf1-37b2f179b414,2025-11-27,11,4,22.92,0,Recoger,2,LOCAL,2,30,27.0,0
52604d4a-31f7-48f6-ba25-6710ec02c1d7,2025-11-28,11,5,18.08,0,Domicilio,5,TODOS POR HIDALGO,0,50,55.0,1
e6400478-72a7-4330-9d61-3c61311a2688,2025-11-28,11,5,18.33,0,Recoger,4,LOCAL,1,30,39.0,1
cfaebb5c-2099-41be-acf4-f79d7977f7c3,2025-11-28,11,5,18.67,0,Domicilio,3,CENTRO,1,50,38.0,0
b51606af-4389-4d78-9328-04cefb6eb4fc,2025-11-28,11,5,19.25,0,Recoger en tienda,5,LOCAL,0,30,34.0,1
02c4c8b8-0303-4bd6-a1f7-8cd10e43c91e,2025-11-28,11,5,19.83,0,Recoger en tienda,1,LOCAL,0,30,20.0,0
18b49d76-398d-4620-824f-b6f6f07ba584,2025-11-29,11,6,15.42,1,Recoger,2,LOCAL,0,30,22.0,0
237c53ca-33ff-425c-a7cd-5cce256e4374,2025-11-29,11,6,18.08,1,Domicilio,4,SANTA IRENE,0,50,56.0,1
f34c55bf-2175-4d17-95bb-899d8ab43a1a,2025-11-29,11,6,23.42,1,Domicilio,2,SANTA IRENE,0,50,42.0,0
cb60cd34-d478-4adc-bd6f-5f230836e9c7,2025-11-30,11,7,20.75,1,Domicilio,2,SANTA IRENE,0,50,50.0,0
e54a18e3-1edf-4d6c-adfa-288e8144c23d,2025-12-01,12,1,14.58,0,Mostrador,5,LOCAL,0,30,42.0,1
2ee01820-fd0f-4c8c-b476-f6301ee665d2,2025-12-01,12,1,19.25,0,Domicilio,3,PARQUE DE POBLAMIENTO,0,50,50.0,0
232ff6bb-f247-4749-9fff-f5c35c99bf0e,2025-12-02,12,2,15.92,0,Domicilio,5,COLALAMBRE,0,50,48.0,0
1cbf62df-7b89-470b-a34d-0974c104b71d,2025-12-02,12,2,17.0,0,Recoger,1,LOCAL,0,30,19.0,0
26fc504c-fa11-4aeb-84c5-baf9d3a93c0b,2025-12-02,12,2,20.67,0,Domicilio,1,SANTA IRENE,0,50,39.0,0
277be67c-46b0-4c46-ae66-3334589b0fc6,2025-12-03,12,3,15.83,0,Domicilio,1,PARQUE DE POBLAMIENTO,0,50,35.0,0
f9faea56-6046-4681-98f8-cd81ef4588d9,2025-12-03,12,3,16.17,0,Mostrador,1,LOCAL,1,30,16.0,0
47f5f4d1-9c44-4ec5-a421-3dac657fc777,2025-12-03,12,3,20.25,0,Domicilio,1,LOS CANTORES,0,50,39.0,0
43646451-ebdd-4fa7-9a77-8c223d42ed10,2025-12-04,12,4,21.0,0,Recoger,2,LOCAL,0,30,35.0,1
7ee61f44-544a-4d81-834a-573823d90ed4,2025-12-05,12,5,17.67,0,Domicilio,4,LA LOMITA,0,50,50.0,0
2ea2c102-2960-4363-8d88-22d59908973f,2025-12-05,12,5,23.67,0,Domicilio,1,AVIACION,0,50,30.0,0
e2414426-b501-4da2-9838-24178d1228a1,2025-12-06,12,6,13.33,1,Recoger en tienda,2,LOCAL,0,30,26.0,0
1d4119a6-3dcd-4bfb-8baa-fa93e8178776,2025-12-06,12,6,16.92,1,Domicilio,2,SANTA IRENE,0,50,46.0,0
ed3c9f46-6195-4ebc-8ee7-4df3a1f26c67,2025-12-06,12,6,17.08,1,Recoger,3,LOCAL,1,30,27.0,0
57adf61a-02f0-43c7-b4ac-2d3386f42557,2025-12-06,12,6,18.0,1,Domicilio,3,PARQUE DE POBLAMIENTO,0,50,55.0,1
8e50b1c4-aa89-46d1-b3f5-463d7fb541d8,2025-12-06,12,6,18.33,1,Domicilio,1,CHACATITLA,1,50,49.0,0
8e663899-eb23-4119-a988-533e0ec25e1b,2025-12-06,12,6,19.75,1,Domicilio,3,TODOS POR HIDALGO,0,50,51.0,1
289d447a-32d7-49bd-b2d3-7d845f4864d3,2025-12-06,12,6,21.08,1,Recoger,5,LOCAL,0,30,43.0,1
bfb9970e-581e-4477-8a08-634ed8399c03,2025-12-06,12,6,22.67,1,Domicilio,5,PARQUE DE POBLAMIENTO,0,50,57.0,1
7b2fe1bc-42d9-4519-a9e2-ad222cf48eb7,2025-12-06,12,6,22.75,1,Domicilio,7,PARQUE DE POBLAMIENTO,1,50,71.0,1
502a82b4-a589-4fd5-8b4b-8fa4574224ba,2025-12-07,12,7,19.75,1,Recoger en tienda,4,LOCAL,0,30,46.0,1
81ec9efe-e75e-493b-bd33-92372d8cca74,2025-12-08,12,1,13.33,0,Recoger en tienda,1,LOCAL,0,30,19.0,0
447a3126-e2b6-40a6-a776-b1956ae67967,2025-12-08,12,1,14.42,0,Mostrador,3,LOCAL,0,30,23.0,0
a254db26-4e23-4262-8a63-289a9815cf02,2025-12-08,12,1,22.25,0,Recoger en tienda,2,LOCAL,0,30,22.0,0
a83306e2-1352-4da7-9b52-a29ba929eef7,2025-12-10,12,3,15.25,0,Domicilio,1,SANTA IRENE,0,50,37.0,0
c005def5-5cb0-4559-bb90-781c4d91c9b8,2025-12-10,12,3,20.08,0,Mostrador,1,LOCAL,0,30,33.0,1
64ec46ee-1798-44ae-a6ac-15466843a5b8,2025-12-10,12,3,21.42,0,Domicilio,3,AVIACIÓN CIVIL,0,50,51.0,1
dc5b9d5e-4f43-491c-809b-be7eb2b36436,2025-12-11,12,4,16.17,0,Mostrador,2,LOCAL,0,30,18.0,0
010144e9-0c67-4500-9a87-2df2f51246f4,2025-12-11,12,4,19.25,0,Mostrador,3,LOCAL,0,30,38.0,1
eabe0e6f-23a3-4a71-a8a3-86fde2210fd3,2025-12-12,12,5,17.42,0,Recoger en tienda,1,LOCAL,0,30,15.0,0
e0fa5e31-fef8-46f9-bb4f-1c07d4fac6fe,2025-12-12,12,5,18.25,0,Recoger,3,LOCAL,0,30,33.0,1
90e94194-6a0b-4035-8f8b-9bdc578ca25a,2025-12-12,12,5,21.25,0,Recoger en tienda,5,LOCAL,0,30,34.0,1
0b51f19c-f017-4851-b11c-71dc472f0154,2025-12-13,12,6,17.17,1,Recoger,2,LOCAL,0,30,23.0,0
303f0af9-cfb7-443f-85b9-7e545dfc2c35,2025-12-13,12,6,18.17,1,Recoger en tienda,1,LOCAL,0,30,28.0,0
1287976a-a218-40d8-95d9-ffaba9814b75,2025-12-13,12,6,19.08,1,Recoger,2,LOCAL,0,30,39.0,1
be12db44-b0d2-4b3b-854b-493ba46e374d,2025-12-13,12,6,19.42,1,Domicilio,8,SANTA IRENE,1,50,72.0,1
46d3cb55-8f7b-4715-9885-790f37e63806,2025-12-13,12,6,20.08,1,Domicilio,6,ROJO GOMEZ,0,50,67.0,1
a60be4f7-d825-4553-a603-0046a12c7a87,2025-12-14,12,7,15.17,1,Recoger en tienda,8,LOCAL,0,30,48.0,1
334abd39-5517-4bd4-bee5-26f81bb00035,2025-12-14,12,7,18.33,1,Recoger,4,LOCAL,0,30,35.0,1
283afc05-8b68-4bbf-8492-619dc07c7df0,2025-12-14,12,7,20.67,1,Recoger,4,LOCAL,0,30,38.0,1
9dcc3ca8-c35e-4726-b8a0-d16f9cc50540,2025-12-15,12,1,13.67,0,Mostrador,1,LOCAL,0,30,19.0,0
bb647700-7abc-4dbd-9155-5eaf3f13dd3c,2025-12-15,12,1,16.08,0,Domicilio,2,AVIACION,0,50,32.0,0
b5c0bccc-0caa-48ac-a686-37da069a8d7a,2025-12-15,12,1,21.08,0,Domicilio,2,AVIACIÓN CIVIL,0,50,38.0,0
8a35345c-39d9-4b3e-96c9-1bd82815dec4,2025-12-15,12,1,21.92,0,Recoger,4,LOCAL,0,30,36.0,1
747659dd-0010-4946-8d5e-91a77cc707c9,2025-12-16,12,2,13.5,0,Recoger en tienda,3,LOCAL,0,30,17.0,0
71d80d10-800b-48ab-97de-f5c7df2ae726,2025-12-16,12,2,15.08,0,Domicilio,7,ROJO GOMEZ,0,50,60.0,1
7fd34b53-90a8-49da-a1a8-30b551b11e52,2025-12-16,12,2,18.5,0,Domicilio,3,SANTA IRENE,0,50,52.0,1
c29517c3-cfa0-4111-bb39-6862e599623a,2025-12-16,12,2,19.17,0,Mostrador,3,LOCAL,0,30,31.0,1
713bf720-c175-4327-b235-de9e29e31827,2025-12-16,12,2,22.75,0,Mostrador,4,LOCAL,0,30,23.0,0
cdc390b8-0175-4338-84c9-87954953e523,2025-12-17,12,3,13.42,0,Domicilio,4,LOS CANTORES,0,50,48.0,0
09ccdb3e-d539-4d62-90fc-aa21ff65d42e,2025-12-17,12,3,18.0,0,Domicilio,5,CHACATITLA,0,50,59.0,1
cd41f1ee-a49d-495d-80b1-1176a81de634,2025-12-17,12,3,18.67,0,Domicilio,2,CHACATITLA,0,50,38.0,0
326925ed-15f8-48e0-8768-16dbb0c3041a,2025-12-18,12,4,20.17,0,Domicilio,2,LOS CANTORES,0,50,53.0,1
fb9e74fe-b4c3-4fe6-b6d9-ff0e7907fdd7,2025-12-19,12,5,13.0,0,Domicilio,1,LOS CANTORES,0,50,35.0,0
1e371857-a42b-4e4a-87e5-0879d8d22ef0,2025-12-19,12,5,18.42,0,Recoger en tienda,1,LOCAL,0,30,23.0,0
435824e4-2f7c-4a29-9e36-809f8d27ebc0,2025-12-19,12,5,20.33,0,Recoger,6,LOCAL,0,30,45.0,1
c6311a61-332d-4208-8d95-1c6d429e085d,2025-12-20,12,6,18.08,1,Mostrador,3,LOCAL,0,30,30.0,0
6746f8e0-7d4a-4389-ab0f-f461dd5c3dcb,2025-12-20,12,6,18.58,1,Recoger,1,LOCAL,1,30,28.0,0
d6f3ea8d-bb69-4a60-920d-bec6e094840c,2025-12-20,12,6,18.92,1,Domicilio,5,SANTA IRENE,1,50,65.0,1
99e2c6d4-57b2-48b9-996c-dd16961736ff,2025-12-20,12,6,18.92,1,Recoger en tienda,4,LOCAL,2,30,45.0,1
055f1a7d-6ed0-4a1c-a03a-5f127519cfb0,2025-12-20,12,6,23.25,1,Domicilio,4,ROJO GOMEZ,0,50,52.0,1
66afe297-b47f-4a72-ac0a-f612dd7e84d1,2025-12-21,12,7,18.08,1,Mostrador,4,LOCAL,0,30,41.0,1
f3a471a5-3e9d-4982-9380-90bee7eb63e8,2025-12-21,12,7,18.5,1,Mostrador,5,LOCAL,1,30,53.0,1
35612ec4-9b86-40db-bec8-fc9e33fbf6b9,2025-12-21,12,7,19.5,1,Recoger,5,LOCAL,0,30,36.0,1
59528710-8f1d-41b6-af9c-80ee4c09dc6e,2025-12-21,12,7,23.67,1,Recoger,4,LOCAL,0,30,43.0,1
dd7b9649-f915-4505-9e1b-dc778129d5c1,2025-12-22,12,1,15.17,0,Recoger,1,LOCAL,0,30,15.0,0
d56fcd8d-dbf5-4e5a-ad90-8f692358e15e,2025-12-22,12,1,15.58,0,Domicilio,3,CHACATITLA,1,50,46.0,0
af2efc34-50a7-45c3-a3ac-aa0446fe0a5a,2025-12-22,12,1,20.75,0,Domicilio,4,CENTRO,0,50,47.0,0
f9a73f83-8729-44a0-8387-f6cac316f855,2025-12-23,12,2,21.33,0,Domicilio,1,AVIACION,0,50,42.0,0
8ec3d633-6991-4f3b-8580-08e7caf5f9d2,2025-12-23,12,2,21.33,0,Mostrador,5,LOCAL,1,30,48.0,1
f942aa04-7e36-48ad-adf8-fa25f46b58dd,2025-12-23,12,2,21.67,0,Domicilio,2,AVIACIÓN CIVIL,2,50,48.0,0
de4a0d3d-75fc-495e-986d-91040669eba4,2025-12-23,12,2,22.5,0,Mostrador,2,LOCAL,0,30,16.0,0
93ef4817-8a0a-41da-8632-e2c1caf99366,2025-12-24,12,3,13.42,0,Recoger en tienda,1,LOCAL,0,30,15.0,0
9957ddc8-68e7-4097-a1e6-c574c6df51dc,2025-12-24,12,3,15.0,0,Domicilio,2,TODOS POR HIDALGO,0,50,38.0,0
8d485f58-01c0-4079-9eb0-5416e132ab36,2025-12-24,12,3,21.75,0,Recoger en tienda,6,LOCAL,0,30,46.0,1
d04dea68-4fe1-40c7-bdd2-28e43a739e26,2025-12-24,12,3,22.5,0,Recoger,2,LOCAL,0,30,19.0,0
57fd8bb9-59d9-4599-9e74-9526033845be,2025-12-24,12,3,23.33,0,Mostrador,4,LOCAL,0,30,29.0,0
254170c4-9160-47c1-9d9a-0564d004b4c8,2025-12-26,12,5,18.25,0,Recoger,5,LOCAL,0,30,38.0,1
e4bc4c77-dd8e-4eeb-bf4e-779834700f0c,2025-12-26,12,5,19.0,0,Recoger en tienda,3,LOCAL,0,30,36.0,1
ff4aa605-99ec-45c5-980c-9bf67438c024,2025-12-26,12,5,19.33,0,Recoger en tienda,4,LOCAL,1,30,37.0,1
027d0ff7-7473-4fe9-ad09-6904ae242c56,2025-12-26,12,5,19.67,0,Domicilio,1,AVIACION,1,50,38.0,0
1262fc50-9bff-408b-8c66-9c930a0f7eb8,2025-12-26,12,5,19.83,0,Recoger en tienda,2,LOCAL,2,30,36.0,1
d1ecef93-2a41-42bd-9407-9f50a3c6ea24,2025-12-26,12,5,23.08,0,Recoger,2,LOCAL,0,30,27.0,0
c044cd56-fa3a-4f33-80d8-f143e54978b5,2025-12-27,12,6,18.42,1,Mostrador,2,LOCAL,0,30,38.0,1
6eaeca30-376b-4dc3-a72e-31c05c6867e2,2025-12-27,12,6,19.75,1,Recoger,3,LOCAL,0,30,35.0,1
574d2444-30eb-43d9-8104-81535ba455b3,2025-12-27,12,6,21.83,1,Domicilio,3,CENTRO,0,50,44.0,0
0151abd8-bdaa-46aa-a62f-27c1f75898da,2025-12-27,12,6,22.0,1,Domicilio,2,ROJO GOMEZ,1,50,48.0,0
51f81f03-4081-46cd-97e1-2a33ffd0ae06,2025-12-27,12,6,22.33,1,Recoger en tienda,1,LOCAL,2,30,32.0,1
ce575e7b-4b33-4166-989c-447d9a860685,2025-12-27,12,6,23.17,1,Recoger en tienda,4,LOCAL,0,30,31.0,1
8d508a9a-ce50-4a14-864d-6de87c9dd690,2025-12-28,12,7,18.0,1,Recoger,5,LOCAL,0,30,45.0,1
d171ed58-2638-4a4b-b510-aa5384647f23,2025-12-28,12,7,18.75,1,Recoger en tienda,6,LOCAL,0,30,48.0,1
16b09132-2270-43e8-988e-23f4f155e156,2025-12-28,12,7,20.17,1,Domicilio,3,ROJO GOMEZ,0,50,51.0,1
24c6dfd9-bb99-4357-ad8b-19561ddfc9e0,2025-12-28,12,7,22.08,1,Recoger,2,LOCAL,0,30,29.0,0
f41bd92a-1247-4df5-925d-08fa5d193fed,2025-12-30,12,2,18.17,0,Recoger,5,LOCAL,0,30,40.0,1
067780b9-26de-42bc-abec-031beabc3329,2025-12-30,12,2,19.5,0,Recoger,3,LOCAL,0,30,33.0,1
67423db2-ffdd-424b-b661-28a26a0da1e6,2025-12-30,12,2,21.92,0,Mostrador,4,LOCAL,0,30,38.0,1
0dc696d1-0198-4210-b1e2-87ebda453ddf,2025-12-31,12,3,13.75,0,Recoger,4,LOCAL,0,30,38.0,1
3e7586b2-c98f-4976-84f9-af2fff983cb7,2025-12-31,12,3,15.0,0,Domicilio,2,CENTRO,0,50,25.0,0
d03b88d9-326a-4f5b-9940-bbcf1c40f7fd,2025-12-31,12,3,18.0,0,Recoger en tienda,3,LOCAL,0,30,27.0,0
bc41ef50-d275-4285-bba8-ca68b0e6f2d0,2026-01-01,1,4,18.25,0,Recoger,3,LOCAL,0,30,31.0,1
bbb0d39a-8c2b-4f83-a1ad-242998ab8865,2026-01-01,1,4,19.08,0,Recoger en tienda,6,LOCAL,0,30,53.0,1
0475327e-8f6d-4b55-a965-f87f4b41cc5b,2026-01-02,1,5,14.5,0,Domicilio,1,COLALAMBRE,0,50,37.0,0
2c4b1357-966f-4f76-923e-e464d1c94a2b,2026-01-02,1,5,16.0,0,Recoger en tienda,4,LOCAL,0,30,30.0,0
2b934e35-cf1e-4f4a-a925-6339baf45b1c,2026-01-02,1,5,19.33,0,Recoger,4,LOCAL,0,30,34.0,1
fe030527-b1ba-4c38-bf2b-2e336cdc8f03,2026-01-03,1,6,15.17,1,Recoger en tienda,3,LOCAL,0,30,31.0,1
ad196c77-9553-4ee2-9b9a-6ebcde7ab3ed,2026-01-03,1,6,18.0,1,Recoger en tienda,5,LOCAL,0,30,41.0,1
a314b6d1-7105-48dd-8860-7784fd2ab537,2026-01-03,1,6,21.5,1,Recoger,5,LOCAL,0,30,40.0,1
199c1ec9-0442-4de2-88c6-a2d3f3ccef82,2026-01-04,1,7,15.67,1,Recoger en tienda,6,LOCAL,0,30,41.0,1
c9b68349-9c0d-4c73-bfe0-8f6a872914cc,2026-01-04,1,7,20.0,1,Recoger,3,LOCAL,0,30,33.0,1
3b208c8e-5258-48f4-adb0-8d17f9209a9b,2026-01-04,1,7,23.75,1,Recoger,2,LOCAL,0,30,25.0,0
e50133de-7be0-4b07-8711-1dcdadad36ca,2026-01-05,1,1,18.17,0,Domicilio,2,LOS CANTORES,0,50,43.0,0
c54ff585-0cd4-4b99-b2f9-0b6f54a46078,2026-01-05,1,1,18.17,0,Mostrador,3,LOCAL,1,30,28.0,0
f7d3b29e-c434-431f-92ed-8503878a3575,2026-01-05,1,1,18.5,0,Domicilio,1,LA LOMITA,2,50,45.0,0
96e8c7e3-cb50-411b-b155-5e50e2695a59,2026-01-05,1,1,20.92,0,Recoger,3,LOCAL,0,30,31.0,1
3b5f6fa6-adee-4b14-ada6-66ddc0bdddcd,2026-01-06,1,2,13.92,0,Domicilio,4,LA LOMITA,0,50,37.0,0
9e6ac7e4-2e84-4143-90bb-2539ed9854db,2026-01-06,1,2,19.5,0,Recoger en tienda,3,LOCAL,0,30,33.0,1
acc3c8d1-3b7d-441f-90a8-e836c2a66856,2026-01-07,1,3,21.42,0,Domicilio,2,LA LOMITA,0,50,42.0,0
6e31a1a1-c742-476f-b1a8-9237f1a2ab98,2026-01-07,1,3,21.67,0,Recoger,1,LOCAL,1,30,30.0,0
3d212f28-1012-41db-be24-6f65dd6d070d,2026-01-09,1,5,14.42,0,Mostrador,2,LOCAL,0,30,20.0,0
6d9e40c7-bb5c-44ad-b5d9-c7cfeed0abcb,2026-01-09,1,5,19.58,0,Mostrador,2,LOCAL,0,30,27.0,0
94efa1a2-b662-4034-9a84-b5045ef65c5e,2026-01-09,1,5,22.92,0,Recoger,3,LOCAL,0,30,26.0,0
8ec0ae58-54e3-4610-9327-8795a9303d51,2026-01-09,1,5,23.5,0,Domicilio,3,TODOS POR HIDALGO,0,50,43.0,0
55ea3efe-6b9d-40cd-9b28-2cd4873df2be,2026-01-10,1,6,18.08,1,Recoger en tienda,6,LOCAL,0,30,45.0,1
6f057ae1-e962-4a4d-8235-e43467a06219,2026-01-10,1,6,18.42,1,Domicilio,3,SANTA IRENE,1,50,51.0,1
07993939-d2a1-4884-a43f-f1b5bf968d73,2026-01-10,1,6,23.0,1,Domicilio,3,CENTRO,0,50,45.0,0
f2cfa0d4-91ec-4580-a517-44a7de8fd07c,2026-01-11,1,7,14.08,1,Domicilio,2,ROJO GOMEZ,0,50,44.0,0
880d898a-c305-42d9-866f-d3b3ce51f2b5,2026-01-11,1,7,18.33,1,Domicilio,5,TRES CRUCES,0,50,57.0,1
e64bbfbe-9333-4322-b455-9e1e1ca05dcf,2026-01-12,1,1,17.5,0,Domicilio,4,PARQUE DE POBLAMIENTO,0,50,44.0,0
c056e54c-5735-4740-9418-95b5ae14b433,2026-01-13,1,2,14.67,0,Domicilio,1,ROJO GOMEZ,0,50,33.0,0
aa9ba213-f80d-4e94-a22e-4b22cd027f09,2026-01-13,1,2,20.17,0,Recoger en tienda,2,LOCAL,0,30,26.0,0
6cd65954-8d2a-4e2a-a071-b4c54515ba4a,2026-01-14,1,3,13.92,0,Domicilio,1,CENTRO,0,50,20.0,0
5076303a-3dde-479b-96db-4727605574dc,2026-01-14,1,3,14.08,0,Domicilio,2,AVIACION,1,50,42.0,0
93a8f0bf-17b2-41d9-b2d6-a442bbf34db2,2026-01-14,1,3,18.58,0,Recoger en tienda,3,LOCAL,0,30,39.0,1
6ac42a39-fb36-4365-943c-06882eb366fb,2026-01-14,1,3,19.58,0,Recoger en tienda,4,LOCAL,0,30,38.0,1
e7f0ae28-f6dd-4083-90b5-0671de7829ff,2026-01-14,1,3,20.83,0,Recoger,3,LOCAL,0,30,34.0,1
1371bacd-b1da-4be6-b096-4c8e2e154a93,2026-01-15,1,4,20.75,0,Recoger,2,LOCAL,0,30,25.0,0
f6aec9ab-f61e-4160-8f9b-86f2f4738997,2026-01-16,1,5,20.58,0,Domicilio,7,COLALAMBRE,0,50,65.0,1
9390ce4c-07cb-459a-bf6c-fb8b7f06b751,2026-01-16,1,5,20.67,0,Domicilio,3,CHACATITLA,1,50,55.0,1
4d548720-8b3d-45a2-9dd0-6dddc3d6b43a,2026-01-16,1,5,20.75,0,Recoger,5,LOCAL,2,30,48.0,1
282aae0b-1fc0-4b21-a8d6-6e9ab68ea299,2026-01-17,1,6,14.33,1,Recoger,1,LOCAL,0,30,18.0,0
b44cf556-f3ab-4f52-bcc5-bd159346a51f,2026-01-17,1,6,15.92,1,Domicilio,4,CENTRO,0,50,45.0,0
b8f43829-9f00-483d-977c-5a0e92c81548,2026-01-17,1,6,17.0,1,Domicilio,2,SANTA IRENE,0,50,31.0,0
7fcb4383-96ac-45d4-9806-c487b98209fa,2026-01-17,1,6,19.92,1,Mostrador,6,LOCAL,0,30,50.0,1
8612c56b-55d3-411a-a943-5a2b35b2958a,2026-01-18,1,7,14.67,1,Recoger,3,LOCAL,0,30,30.0,0
10646890-c1c4-4a7d-b777-0c778fd7bd7a,2026-01-18,1,7,19.92,1,Domicilio,4,CENTRO,0,50,55.0,1
d58586ff-cdb8-495d-ac78-7d1028f2f391,2026-01-18,1,7,20.67,1,Recoger,7,LOCAL,0,30,56.0,1
57be0d6c-2661-4bf8-b07c-c4fa6d1e6380,2026-01-18,1,7,21.42,1,Domicilio,2,SANTA IRENE,0,50,57.0,1
ed1375f1-5df2-4260-8636-e22ef34f67c8,2026-01-18,1,7,21.42,1,Mostrador,6,LOCAL,1,30,52.0,1
c90afd14-68e4-40b0-b626-453fa6ca98be,2026-01-18,1,7,21.5,1,Domicilio,8,SANTA IRENE,2,50,82.0,1
2cde0d7c-809b-41cc-a890-5790dc297707,2026-01-18,1,7,23.92,1,Mostrador,5,LOCAL,0,30,33.0,1
ef8af33f-dc8a-4892-a5d9-2772c1366657,2026-01-19,1,1,19.58,0,Domicilio,2,TODOS POR HIDALGO,0,50,42.0,0
97b32e08-c549-4608-9d38-a78c469cd8dc,2026-01-19,1,1,23.33,0,Recoger,3,LOCAL,0,30,23.0,0
c45234b2-4ba2-41e1-a5e1-5dbeedb80e3a,2026-01-20,1,2,20.0,0,Recoger,2,LOCAL,0,30,29.0,0
be88218e-6575-4775-ac8f-65514cf017a0,2026-01-20,1,2,21.5,0,Recoger en tienda,4,LOCAL,0,30,30.0,0
903e2d0d-474a-40a6-8181-39d7b53948d6,2026-01-20,1,2,23.75,0,Mostrador,4,LOCAL,0,30,31.0,1
092f3547-d659-4f0e-ab99-511fdd43f334,2026-01-21,1,3,16.33,0,Recoger,5,LOCAL,0,30,34.0,1
23e69780-1999-4f47-adfb-8d387b6549ce,2026-01-21,1,3,20.42,0,Recoger en tienda,3,LOCAL,0,30,32.0,1
f840d253-bf1c-429c-968b-3f98be3ee6ab,2026-01-22,1,4,22.58,0,Recoger,3,LOCAL,0,30,24.0,0
24fd4b92-6d24-4f73-aea8-ce7714f9d9ac,2026-01-23,1,5,22.33,0,Mostrador,2,LOCAL,0,30,22.0,0
05a38497-b769-40b4-a6fb-59a280411033,2026-01-24,1,6,13.08,1,Recoger en tienda,3,LOCAL,0,30,31.0,1
fbc83c7f-d15a-49d0-8673-7d492be1654a,2026-01-24,1,6,17.0,1,Recoger en tienda,2,LOCAL,0,30,23.0,0
7121a382-c64f-4f37-a534-ca9ac0e5d6c4,2026-01-25,1,7,18.83,1,Domicilio,5,CENTRO,0,50,48.0,0
0ad40a44-8469-45f4-87a4-c987399eb0fc,2026-01-26,1,1,19.0,0,Domicilio,2,TRES CRUCES,0,50,53.0,1
03832729-63fa-441a-aa2c-864ba00fe8bb,2026-01-26,1,1,19.0,0,Domicilio,3,CENTRO,1,50,45.0,0
b4b37c63-62b1-48f5-824b-b92fe8c71492,2026-01-26,1,1,19.33,0,Domicilio,2,LOS CANTORES,2,50,51.0,1
be318824-3979-4de5-ba26-ce2625ba6212,2026-01-26,1,1,19.67,0,Domicilio,5,SANTA IRENE,1,50,57.0,1
bede33f7-0358-4f3d-80da-42117cdc82e8,2026-01-27,1,2,13.33,0,Recoger,1,LOCAL,0,30,15.0,0
a40969f3-ccc0-48e3-8887-97f693613dc5,2026-01-27,1,2,20.0,0,Recoger,3,LOCAL,0,30,36.0,1
977f730c-378b-4b4d-a11a-1caf8907102d,2026-01-27,1,2,21.58,0,Domicilio,4,LOS CANTORES,0,50,52.0,1
c01f13d2-775b-4d94-b262-3ba0aeaf99e4,2026-01-28,1,3,18.33,0,Domicilio,2,AVIACION,0,50,38.0,0
b1588bad-02ae-47c4-98bd-d9c3211d268f,2026-01-29,1,4,16.5,0,Mostrador,2,LOCAL,0,30,15.0,0
1133fde6-0467-4225-af5b-8ad9739bda2b,2026-01-30,1,5,14.5,0,Mostrador,2,LOCAL,0,30,21.0,0
89a07e77-7eca-4f95-8897-f569a760c435,2026-01-30,1,5,16.33,0,Domicilio,4,TRES CRUCES,0,50,52.0,1
bae78434-67e0-4aba-9757-6349e5028fe4,2026-01-30,1,5,20.75,0,Domicilio,3,CHACATITLA,0,50,46.0,0
bd08debc-97d4-4a6a-8611-e728d666403a,2026-01-31,1,6,20.0,1,Recoger,4,LOCAL,0,30,39.0,1
ad38869f-172e-4742-8c6b-34bef7294f53,2026-01-31,1,6,20.92,1,Recoger en tienda,3,LOCAL,0,30,41.0,1
020ad3e0-a691-4c44-b268-3388d812aa5e,2026-01-31,1,6,21.75,1,Recoger en tienda,6,LOCAL,0,30,51.0,1
e4830e19-9e67-4bc4-8743-26e66e832f44,2026-02-01,2,7,15.08,1,Recoger en tienda,5,LOCAL,0,30,34.0,1
312fd2c7-43d6-4843-9f53-e4278f32df3c,2026-02-01,2,7,19.08,1,Domicilio,1,TRES CRUCES,0,50,49.0,0
01d63d51-fbda-448c-82f0-4e8fedd4d7ef,2026-02-01,2,7,19.25,1,Recoger,2,LOCAL,1,30,35.0,1
6c300b79-f5ab-480d-b6e8-7e6dd1dc9f0f,2026-02-01,2,7,20.67,1,Recoger en tienda,2,LOCAL,0,30,27.0,0
e0524692-8690-49bd-aa86-023d0b66f5cb,2026-02-02,2,1,15.0,0,Recoger en tienda,4,LOCAL,0,30,29.0,0
639451c1-a1f2-4741-994f-b5a3a3c4c528,2026-02-02,2,1,15.17,0,Recoger en tienda,3,LOCAL,1,30,24.0,0
87428ab1-a5b6-4605-ad5b-5fa4862256b3,2026-02-02,2,1,16.33,0,Domicilio,3,SANTA IRENE,0,50,40.0,0
572b450a-115d-406d-82a5-7ffa3ca62e9f,2026-02-02,2,1,17.75,0,Recoger,5,LOCAL,0,30,35.0,1
2ba1d78b-cbcf-4f2b-8429-9aee94fdcdb7,2026-02-02,2,1,18.25,0,Recoger en tienda,2,LOCAL,1,30,32.0,1
4fc9f02e-4a4f-442c-9379-fde68f948f72,2026-02-02,2,1,18.5,0,Recoger,1,LOCAL,1,30,29.0,0
b6472222-f344-40f5-93e0-d5fbb73efa00,2026-02-02,2,1,22.08,0,Recoger,1,LOCAL,0,30,19.0,0
a7648dfb-0c1f-40da-9dc4-fa7972d5586e,2026-02-03,2,2,20.58,0,Domicilio,1,PARQUE DE POBLAMIENTO,0,50,38.0,0
f5518b34-3b72-4064-813b-d00e843e452e,2026-02-03,2,2,20.92,0,Recoger en tienda,6,LOCAL,1,30,50.0,1
7a0727c8-fad8-4fcd-9c63-e2ecb3a875ed,2026-02-03,2,2,21.33,0,Domicilio,6,PARQUE DE POBLAMIENTO,1,50,64.0,1
747cdea8-405a-45a3-9ed0-e4ea3e8fb924,2026-02-03,2,2,21.67,0,Domicilio,2,LOS CANTORES,1,50,47.0,0
ee1cccd7-6216-48e9-9973-cc7c824c5441,2026-02-04,2,3,18.58,0,Mostrador,3,LOCAL,0,30,39.0,1
285bb78a-a7a8-4f01-b37c-a14c4518e4fa,2026-02-04,2,3,23.67,0,Mostrador,4,LOCAL,0,30,29.0,0
43d67aa2-eca4-48ca-a6eb-5e46f2649dc1,2026-02-05,2,4,19.08,0,Mostrador,1,LOCAL,0,30,34.0,1
5717f822-afa5-47bf-9228-11e9510886bf,2026-02-05,2,4,19.75,0,Domicilio,1,ROJO GOMEZ,0,50,45.0,0
b5880765-71d9-4819-93c0-1b6b4d9c9728,2026-02-05,2,4,21.25,0,Domicilio,2,SANTA IRENE,0,50,45.0,0
6f259597-6db3-44c6-b2d0-170584df01a4,2026-02-06,2,5,20.08,0,Mostrador,4,LOCAL,0,30,40.0,1
9967cb12-20dd-4ea9-acf1-a2b7df49167b,2026-02-07,2,6,15.58,1,Recoger en tienda,2,LOCAL,0,30,29.0,0
38344ca0-ea37-4228-a9e0-1fa33cba2b94,2026-02-07,2,6,20.75,1,Recoger en tienda,4,LOCAL,0,30,38.0,1
f96b7cf9-84af-43ac-9f9b-677c5c153c4e,2026-02-07,2,6,22.08,1,Recoger en tienda,2,LOCAL,0,30,28.0,0
d9d5608d-3f1e-436a-872a-251e36d1bd00,2026-02-07,2,6,23.08,1,Recoger,5,LOCAL,0,30,36.0,1
4e76e115-a282-4184-83e7-a2a2649937c6,2026-02-08,2,7,13.0,1,Domicilio,6,TRES CRUCES,0,50,50.0,0
af46ec67-b029-4aff-8c08-7e71c8dd6749,2026-02-08,2,7,15.83,1,Recoger,4,LOCAL,0,30,27.0,0
1e0b4c79-9a46-4ad0-a94a-67a38233ca96,2026-02-09,2,1,17.08,0,Recoger,4,LOCAL,0,30,29.0,0
d5f43f42-8fbb-4b45-b167-0f2884651384,2026-02-09,2,1,21.58,0,Domicilio,2,ROJO GOMEZ,0,50,47.0,0
57925758-b640-4072-992f-735f61101f0e,2026-02-09,2,1,21.92,0,Recoger en tienda,1,LOCAL,1,30,28.0,0
4f544f33-dfd2-4996-8e0a-1691c82f7e31,2026-02-10,2,2,21.33,0,Mostrador,5,LOCAL,0,30,44.0,1
df014ef9-7daa-4ef7-b2de-cdabd12f3c0c,2026-02-11,2,3,21.08,0,Domicilio,4,ROJO GOMEZ,0,50,57.0,1
4a263604-c525-44be-97ca-560335590a7b,2026-02-11,2,3,22.42,0,Domicilio,3,LA LOMITA,0,50,40.0,0
44103797-5385-46f6-99ad-d1baa345cfd8,2026-02-12,2,4,13.58,0,Domicilio,4,PARQUE DE POBLAMIENTO,0,50,54.0,1
9078b562-2de1-42fe-8463-d5cf9cbbc3c2,2026-02-12,2,4,19.83,0,Domicilio,5,LOS CANTORES,0,50,52.0,1
ccf98185-b59a-4740-a5fa-d29ccaeedd53,2026-02-12,2,4,20.75,0,Domicilio,3,TRES CRUCES,0,50,50.0,0
47744708-026b-4249-a04c-181851b0ad20,2026-02-13,2,5,18.58,0,Mostrador,4,LOCAL,0,30,34.0,1
5c45d870-cc08-471a-aa7a-fbae4637fd4c,2026-02-13,2,5,19.0,0,Domicilio,2,ROJO GOMEZ,1,50,48.0,0
5574083c-4dc4-489c-97cb-2129022b6351,2026-02-13,2,5,20.83,0,Recoger en tienda,3,LOCAL,0,30,30.0,0
3f719c14-8800-445e-8b2b-c7c5dbcc6490,2026-02-13,2,5,21.25,0,Recoger en tienda,4,LOCAL,1,30,39.0,1
e22eea6b-55b1-4377-95d2-15272055f315,2026-02-14,2,6,13.17,1,Recoger,6,LOCAL,0,30,47.0,1
6b74182b-f19e-4b24-ab4c-7f574f07dd87,2026-02-14,2,6,13.42,1,Domicilio,2,ROJO GOMEZ,1,50,55.0,1
9f0450bb-134a-4449-baf5-6bfe9815dca6,2026-02-14,2,6,19.42,1,Domicilio,2,TRES CRUCES,0,50,43.0,0
131fb0f6-59a2-4460-ad60-fd51d5a143be,2026-02-14,2,6,21.17,1,Domicilio,4,TODOS POR HIDALGO,0,50,53.0,1
5a9e52f4-34b2-45df-a3f7-939e7290b009,2026-02-14,2,6,21.25,1,Recoger,3,LOCAL,1,30,38.0,1
9865028f-a17f-4996-a119-80a11c07acc4,2026-02-15,2,7,14.67,1,Domicilio,5,CENTRO,0,50,47.0,0
99a08e14-976e-4745-82e0-9590eaf98bc5,2026-02-15,2,7,23.58,1,Mostrador,2,LOCAL,0,30,30.0,0
21a552fb-9265-43c5-b17e-6d9a43492b09,2026-02-16,2,1,17.67,0,Recoger,3,LOCAL,0,30,28.0,0
e9a1ec27-1458-4f54-bed7-6505d398aafd,2026-02-16,2,1,20.67,0,Domicilio,1,COLALAMBRE,0,50,40.0,0
49d3553e-534e-499e-9deb-a980123c39db,2026-02-16,2,1,21.83,0,Domicilio,3,AVIACIÓN CIVIL,0,50,45.0,0
bd153a11-1e35-42d5-a8a9-81d95a6d1dac,2026-02-17,2,2,15.58,0,Domicilio,3,AVIACIÓN CIVIL,0,50,38.0,0
5ce0b43c-fd91-49e2-88cc-89163dcc950e,2026-02-17,2,2,21.92,0,Recoger en tienda,2,LOCAL,0,30,35.0,1
287ee6ff-cafe-492a-a208-5d6c69930862,2026-02-17,2,2,22.5,0,Domicilio,3,CENTRO,0,50,34.0,0
ab06c317-ade5-488a-968c-daab52cbf62d,2026-02-18,2,3,14.75,0,Domicilio,3,AVIACION,0,50,47.0,0
7952c769-15af-49e2-b394-8d7fdc3d9dd4,2026-02-18,2,3,18.58,0,Domicilio,2,ROJO GOMEZ,0,50,44.0,0
8fd6a33a-1160-4ddd-960c-a61f9cd4785a,2026-02-18,2,3,19.75,0,Domicilio,3,PARQUE DE POBLAMIENTO,0,50,54.0,1
9d0e6e83-11b1-4888-93a0-2a50f0a92bb3,2026-02-18,2,3,22.75,0,Recoger en tienda,8,LOCAL,0,30,49.0,1
655b4908-dd19-4d76-9c94-816402fc1ac2,2026-02-18,2,3,23.75,0,Domicilio,1,TODOS POR HIDALGO,0,50,42.0,0
6016edb0-e070-495a-a939-5484f4997522,2026-02-19,2,4,13.33,0,Recoger,4,LOCAL,0,30,31.0,1
3912ce5b-5e0c-4411-b112-49d1ee779ec2,2026-02-19,2,4,18.75,0,Recoger,5,LOCAL,0,30,40.0,1
eb526cfb-96b6-45e1-ab13-e9006070e130,2026-02-19,2,4,19.17,0,Domicilio,2,AVIACION,1,50,48.0,0
ee9021d8-ab4f-4570-a29e-f87d6e2631b1,2026-02-19,2,4,19.5,0,Mostrador,1,LOCAL,1,30,31.0,1
4a50d36f-9c34-4eda-9296-056d9b945962,2026-02-19,2,4,21.33,0,Mostrador,2,LOCAL,0,30,29.0,0
cefb0850-02f6-48ef-a6d0-eeca54310fb5,2026-02-20,2,5,13.58,0,Recoger,2,LOCAL,0,30,22.0,0
d10310d1-a2a2-4362-af5e-b0d225ab7769,2026-02-20,2,5,21.08,0,Recoger,2,LOCAL,0,30,28.0,0
abc31e18-8701-4d04-a702-6edc823206ab,2026-02-20,2,5,21.5,0,Recoger,4,LOCAL,1,30,42.0,1
35d093ad-7386-4178-9030-20482ab2890d,2026-02-20,2,5,22.67,0,Recoger,1,LOCAL,0,30,22.0,0
7fe5e97c-445e-4123-a4fa-9e6d2a7161c6,2026-02-21,2,6,19.42,1,Domicilio,3,LA LOMITA,0,50,46.0,0
7f10386b-2ded-4197-bde5-d1c76bdab068,2026-02-21,2,6,20.42,1,Domicilio,7,PARQUE DE POBLAMIENTO,0,50,71.0,1
4d75045e-0513-427b-a907-dbdab82a93ff,2026-02-21,2,6,21.58,1,Recoger en tienda,7,LOCAL,0,30,52.0,1
6405585e-35e8-411c-a9e1-fb50a6779077,2026-02-22,2,7,13.92,1,Recoger en tienda,1,LOCAL,0,30,26.0,0
7144714c-63f4-41f4-ab17-95fab6bbeb68,2026-02-22,2,7,20.5,1,Domicilio,1,ROJO GOMEZ,0,50,44.0,0
14466746-4054-4e08-add0-793abb0089c4,2026-02-23,2,1,18.58,0,Domicilio,2,CHACATITLA,0,50,42.0,0
0bbb8a88-35b0-4f25-8f65-4ffb1856e6f5,2026-02-23,2,1,20.5,0,Domicilio,6,LA LOMITA,0,50,54.0,1
f33dd776-d23c-4e4d-b33e-f7012b43e7d7,2026-02-23,2,1,21.5,0,Domicilio,3,LOS CANTORES,0,50,46.0,0
57f106a3-c6c0-408b-abd4-a68856126eb4,2026-02-24,2,2,20.83,0,Domicilio,6,PARQUE DE POBLAMIENTO,0,50,64.0,1
0bed6c40-7096-4e44-b145-b78e1274c9ca,2026-02-24,2,2,21.0,0,Domicilio,1,COLALAMBRE,1,50,48.0,0
418258c6-eab3-44d7-84c9-da45c5af319b,2026-02-25,2,3,14.33,0,Domicilio,1,SANTA IRENE,0,50,29.0,0
65ccf6c4-ff85-4bb0-9071-d96adee1f18d,2026-02-25,2,3,18.92,0,Recoger en tienda,3,LOCAL,0,30,32.0,1
44173e24-c10e-48ad-a828-de9a55298757,2026-02-26,2,4,15.5,0,Mostrador,2,LOCAL,0,30,22.0,0
fc91ad73-e199-43fe-aaff-c18c07c40543,2026-02-26,2,4,18.25,0,Domicilio,2,SANTA IRENE,0,50,48.0,0
e49eab03-9f00-4275-b428-2df4e6d3fd33,2026-02-26,2,4,18.58,0,Domicilio,2,AVIACION,1,50,52.0,1
d36ab789-7343-4da5-b56c-d209fb1ce45c,2026-02-26,2,4,23.58,0,Domicilio,3,AVIACION,0,50,38.0,0
6b208102-0352-45e0-a53d-fcb3135f65a6,2026-02-27,2,5,19.5,0,Recoger,3,LOCAL,0,30,29.0,0
64e34571-df75-48e9-8f36-98b860f202e4,2026-02-27,2,5,20.08,0,Mostrador,2,LOCAL,0,30,27.0,0
c6eae49d-84ba-49af-aca6-fd3b0684aee5,2026-02-27,2,5,20.33,0,Recoger en tienda,3,LOCAL,1,30,37.0,1
3d27d70a-cab4-40bb-8a31-be813d60e40b,2026-02-27,2,5,20.92,0,Domicilio,7,AVIACION,0,50,65.0,1
6c152bd2-4949-4780-92e3-901e7eb1e5e9,2026-02-28,2,6,15.0,1,Domicilio,3,CHACATITLA,0,50,50.0,0
f5157815-ec47-4a11-9441-8c78c250a5d6,2026-02-28,2,6,17.08,1,Recoger,3,LOCAL,0,30,25.0,0
3762ab56-82f0-4db6-828f-04a1984d97ea,2026-02-28,2,6,19.58,1,Domicilio,4,ROJO GOMEZ,0,50,64.0,1
5d846dd4-9e9d-436a-95f5-5dd253c6c5d8,2026-02-28,2,6,21.42,1,Recoger,3,LOCAL,0,30,30.0,0
e83d27f8-1b68-4d3d-9ea6-0e1cce8c1db7,2026-02-28,2,6,23.75,1,Recoger,3,LOCAL,0,30,21.0,0
10d639b2-ffb4-420c-97fc-5ada0702b665,2026-03-01,3,7,20.17,1,Domicilio,5,CHACATITLA,0,50,57.0,1
ffa67938-14aa-49d5-a98e-4938483b4f94,2026-03-01,3,7,20.42,1,Recoger,2,LOCAL,1,30,36.0,1
457dc78f-a47e-433b-a9b5-d24f90b29e4b,2026-03-02,3,1,21.0,0,Recoger,3,LOCAL,0,30,28.0,0
fe8a953b-aff5-4190-a836-f2d86c1808f8,2026-03-02,3,1,22.08,0,Mostrador,3,LOCAL,0,30,26.0,0
88303ea7-ba28-4ebf-91b2-e6cd194e3cb0,2026-03-03,3,2,18.25,0,Mostrador,4,LOCAL,0,30,47.0,1
51cabe25-c446-4006-ad91-78adedc0f597,2026-03-04,3,3,21.17,0,Mostrador,8,LOCAL,0,30,55.0,1
effaeec0-7340-4200-81c3-6939d0c640b3,2026-03-05,3,4,15.17,0,Recoger,2,LOCAL,0,30,15.0,0
ade27343-aa25-405b-b56e-d7c1325d1f0b,2026-03-06,3,5,15.5,0,Mostrador,3,LOCAL,0,30,28.0,0
617e07c9-e136-4229-a079-6be1ec373a4d,2026-03-06,3,5,18.67,0,Recoger en tienda,2,LOCAL,0,30,33.0,1
f5908859-3bf4-4a6b-9148-2e63dff92aa1,2026-03-06,3,5,21.0,0,Domicilio,3,CENTRO,0,50,45.0,0
b8732b54-619a-4900-ab68-4dbecd2636c4,2026-03-06,3,5,21.92,0,Mostrador,1,LOCAL,0,30,25.0,0
dc3a9802-dbf3-4f98-94d0-55e6face3441,2026-03-06,3,5,22.83,0,Recoger en tienda,1,LOCAL,0,30,17.0,0
37b29383-f7bb-4bd4-ae77-8f602dd83818,2026-03-07,3,6,19.0,1,Recoger,4,LOCAL,0,30,43.0,1
f977709b-9746-477d-8a94-9a67c32d1d0a,2026-03-07,3,6,21.92,1,Recoger,2,LOCAL,0,30,33.0,1
7a3b4d38-c12f-4cd3-941e-79075b9b7c7f,2026-03-07,3,6,22.58,1,Recoger en tienda,2,LOCAL,0,30,29.0,0
75ad19d6-3650-4841-af00-95bcb20b45de,2026-03-08,3,7,13.5,1,Recoger,6,LOCAL,0,30,37.0,1
9b512ef9-143b-4b79-9553-25d4fb01b36a,2026-03-08,3,7,18.67,1,Recoger,1,LOCAL,0,30,33.0,1
037b6566-d688-4a20-ae38-79f1bc7c5977,2026-03-08,3,7,20.67,1,Mostrador,1,LOCAL,0,30,30.0,0
48cf0128-2897-4253-b43c-f60f756f28d9,2026-03-08,3,7,21.33,1,Domicilio,5,LOS CANTORES,0,50,63.0,1
b9271122-522e-44b6-a5d8-8eb99f1e8e5a,2026-03-08,3,7,23.58,1,Domicilio,2,TRES CRUCES,0,50,46.0,0
25551483-7da9-42f4-8dd0-5fbf53de48b0,2026-03-09,3,1,17.67,0,Mostrador,3,LOCAL,0,30,33.0,1
e426174b-5d7c-4eee-baa2-baa6509d5d60,2026-03-09,3,1,18.33,0,Recoger,5,LOCAL,0,30,42.0,1
46859c6a-d5d3-4672-9e23-8158bd55e684,2026-03-11,3,3,18.92,0,Recoger,2,LOCAL,0,30,39.0,1
2fc1db35-ce48-4b2d-a056-f7732e756fab,2026-03-11,3,3,19.58,0,Mostrador,3,LOCAL,0,30,39.0,1
50e8ec8c-3c03-43c4-82e6-0d71c08ff83e,2026-03-11,3,3,23.58,0,Recoger en tienda,2,LOCAL,0,30,17.0,0
2e5bcba5-fb62-46bc-857c-f2b78081c11f,2026-03-12,3,4,21.0,0,Recoger,5,LOCAL,0,30,41.0,1
34f57f7c-9cf8-49b6-b4d8-b2c9b7044e83,2026-03-12,3,4,21.67,0,Domicilio,5,COLALAMBRE,0,50,60.0,1
0c51781e-dfc3-4e80-bee2-1127153006ca,2026-03-13,3,5,19.08,0,Domicilio,6,TODOS POR HIDALGO,0,50,61.0,1
baca212f-de2a-48a2-bc10-e68a1fb82ad5,2026-03-13,3,5,20.67,0,Mostrador,2,LOCAL,0,30,25.0,0
d078fec5-7d70-446d-a5a0-f569e8816a7f,2026-03-13,3,5,20.92,0,Domicilio,3,TRES CRUCES,1,50,48.0,0
10c08163-b686-435a-8917-47b0fefa8eb6,2026-03-14,3,6,16.75,1,Domicilio,4,AVIACIÓN CIVIL,0,50,49.0,0
e5929cf3-1df7-4462-87a3-c38759954f50,2026-03-14,3,6,17.42,1,Recoger en tienda,2,LOCAL,0,30,21.0,0
51cd693c-c7cd-468e-8a7c-eab316cf0db9,2026-03-14,3,6,19.42,1,Domicilio,2,PARQUE DE POBLAMIENTO,0,50,43.0,0
00a7d490-180e-431d-a5a1-dbd5544af10d,2026-03-14,3,6,21.17,1,Recoger,5,LOCAL,0,30,42.0,1
5a2b2b7d-6f4f-44ee-b337-c86b7e4646b5,2026-03-15,3,7,18.42,1,Recoger en tienda,4,LOCAL,0,30,41.0,1
6fec4f32-4b8d-444f-b8af-d4b771f10539,2026-03-15,3,7,22.67,1,Domicilio,4,TRES CRUCES,0,50,47.0,0
5e5ec56e-7a74-4ce6-8405-ede2f0b2576e,2026-03-16,3,1,20.58,0,Mostrador,2,LOCAL,0,30,28.0,0
d89fe150-a61d-4e8d-b4a1-61df97a07daa,2026-03-16,3,1,23.08,0,Recoger,3,LOCAL,0,30,23.0,0
0eaeb9f4-3172-453a-8b94-874993888783,2026-03-18,3,3,21.83,0,Recoger,4,LOCAL,0,30,43.0,1
0cfca630-9baa-4d44-811c-cf5d21d4a076,2026-03-20,3,5,15.42,0,Domicilio,3,CHACATITLA,0,50,45.0,0
ab6691d5-fc90-4bce-a379-ded2fbad6098,2026-03-20,3,5,18.67,0,Domicilio,8,PARQUE DE POBLAMIENTO,0,50,74.0,1
0f554a25-2f6f-40a0-8c9c-aa9bcaf432d2,2026-03-20,3,5,20.75,0,Domicilio,6,ROJO GOMEZ,0,50,63.0,1
0fa02b0f-bf52-4530-a11f-9df3edd1972f,2026-03-21,3,6,21.25,1,Recoger en tienda,8,LOCAL,0,30,66.0,1
1588737e-b849-4c6c-9300-14be2e420fcd,2026-03-21,3,6,21.33,1,Recoger en tienda,5,LOCAL,1,30,44.0,1
7e11ac39-40cc-4484-8c13-6685775b41cc,2026-03-21,3,6,22.17,1,Mostrador,4,LOCAL,0,30,32.0,1
c1517374-e118-4861-b360-562399cb234f,2026-03-21,3,6,23.67,1,Domicilio,1,CENTRO,0,50,29.0,0
24ad5620-389b-42ea-8704-acfac8ddb7d5,2026-03-22,3,7,20.33,1,Mostrador,3,LOCAL,0,30,31.0,1
a3689a3d-69e2-4769-9034-b029745083c6,2026-03-22,3,7,21.17,1,Domicilio,2,CENTRO,0,50,46.0,0
52039f8a-c8cb-4913-8023-36968886caa1,2026-03-22,3,7,23.08,1,Mostrador,3,LOCAL,0,30,34.0,1
87629710-cc67-49fd-926b-b5320acf57ee,2026-03-23,3,1,14.17,0,Recoger en tienda,3,LOCAL,0,30,20.0,0
acd88d9e-c063-48c7-99bb-e180c0b4e2d4,2026-03-23,3,1,18.83,0,Domicilio,2,ROJO GOMEZ,0,50,48.0,0
1f726417-40d5-48ff-9b27-b4d3c5c9dd8b,2026-03-23,3,1,20.67,0,Recoger,2,LOCAL,0,30,27.0,0
4fb35fdd-b9d9-4b55-b154-879e48a44dd1,2026-03-23,3,1,22.5,0,Domicilio,4,AVIACIÓN CIVIL,0,50,42.0,0
21145019-a34a-4af4-804e-da251b2248d5,2026-03-24,3,2,13.08,0,Domicilio,3,TODOS POR HIDALGO,0,50,43.0,0
9a6350d9-1ea8-4492-b8e4-40da43ce3e92,2026-03-24,3,2,18.33,0,Domicilio,2,ROJO GOMEZ,0,50,40.0,0
19f34daf-27e7-462f-ab4a-6c202c77a49e,2026-03-25,3,3,18.08,0,Recoger,1,LOCAL,0,30,25.0,0
92f71b68-5ba0-4cb7-9cc2-fc7b1d4a93f7,2026-03-25,3,3,23.25,0,Recoger,5,LOCAL,0,30,40.0,1
64dad80b-7162-4f35-8cab-308065b24477,2026-03-26,3,4,15.25,0,Domicilio,2,CENTRO,0,50,28.0,0
971e2540-cbaa-4e85-9f2d-70c45fc1edf3,2026-03-26,3,4,18.58,0,Recoger,2,LOCAL,0,30,32.0,1
28c1eafd-5e69-4fbf-aa82-582e3cd37b43,2026-03-26,3,4,20.75,0,Recoger,1,LOCAL,0,30,26.0,0
c8772409-0447-4280-9eca-2073c01b283f,2026-03-27,3,5,16.83,0,Domicilio,2,PARQUE DE POBLAMIENTO,0,50,36.0,0
3410934e-f7bb-4718-91cf-6d3cc80c9595,2026-03-27,3,5,18.08,0,Domicilio,1,AVIACION,0,50,36.0,0
5cb5d0f3-1bf0-4be1-8be6-744340705a53,2026-03-28,3,6,15.75,1,Recoger,3,LOCAL,0,30,32.0,1
405bcb8c-a31d-42e6-9055-7a85b7aaee7f,2026-03-28,3,6,17.92,1,Recoger en tienda,4,LOCAL,0,30,34.0,1
a0d7b29a-cc43-4095-83e0-795bfcbc2e15,2026-03-28,3,6,18.08,1,Recoger en tienda,7,LOCAL,1,30,56.0,1
9ef17a91-26f7-4bd6-bcfb-956808806296,2026-03-28,3,6,19.75,1,Recoger,3,LOCAL,0,30,40.0,1
884a5f3e-e023-40e2-ac8a-8f51e5ca8ff0,2026-03-28,3,6,20.0,1,Domicilio,6,COLALAMBRE,1,50,66.0,1
3cc3fa6f-0b56-4113-aaca-7d4f5920faa2,2026-03-28,3,6,22.0,1,Domicilio,2,ROJO GOMEZ,0,50,40.0,0
4613fa83-c7b4-4b6a-9c96-90f5b6c3d618,2026-03-28,3,6,23.08,1,Domicilio,5,AVIACION,0,50,52.0,1
71911688-c1ec-4629-8bc6-1f3b697d4c81,2026-03-29,3,7,19.25,1,Recoger en tienda,2,LOCAL,0,30,34.0,1
20fa4c7d-8c56-4e7d-90d1-a5b9d8cba9ef,2026-03-29,3,7,20.33,1,Recoger en tienda,5,LOCAL,0,30,46.0,1
0bea71e7-2197-4a87-ad28-f379eb24bad6,2026-03-29,3,7,21.58,1,Domicilio,3,ROJO GOMEZ,0,50,55.0,1
9ef89b30-d9b6-45d7-b74c-03472d7b3854,2026-03-29,3,7,22.92,1,Recoger,8,LOCAL,0,30,53.0,1
7eaa8b2c-abbf-4ae0-adaa-b636a8a56704,2026-03-29,3,7,23.33,1,Recoger en tienda,3,LOCAL,1,30,32.0,1
dc4015ad-0136-4231-90a4-594321c38b49,2026-03-30,3,1,19.0,0,Mostrador,4,LOCAL,0,30,32.0,1
5ae2a733-f905-45ab-a0c8-b2ec2fdfc96e,2026-03-30,3,1,19.0,0,Domicilio,2,AVIACIÓN CIVIL,1,50,44.0,0
0138d36b-4ccd-418d-9c39-156c75b956ae,2026-03-30,3,1,21.0,0,Domicilio,2,SANTA IRENE,0,50,49.0,0
e0e6418f-3481-4185-afbd-45485c06e77d,2026-03-30,3,1,22.33,0,Domicilio,4,COLALAMBRE,0,50,46.0,0
93bd3b2e-c7c3-4635-9d4f-f406ce386ee3,2026-03-31,3,2,16.25,0,Domicilio,2,COLALAMBRE,0,50,34.0,0
481f8467-3e40-41c8-997c-9cf42ab4bdd8,2026-03-31,3,2,18.17,0,Recoger en tienda,1,LOCAL,0,30,28.0,0
6fdf5748-3896-4fc9-a820-f54c901a4423,2026-03-31,3,2,22.33,0,Recoger en tienda,4,LOCAL,0,30,29.0,0
aab3474c-5ad0-4f02-89fa-83415516a176,2026-04-01,4,3,19.0,0,Domicilio,4,LA LOMITA,0,50,47.0,0
3695f01b-e034-476a-a02f-e17d39efa72e,2026-04-01,4,3,19.67,0,Domicilio,2,COLALAMBRE,0,50,37.0,0
da56892c-5a55-4372-8f33-7eb84f88e274,2026-04-01,4,3,19.67,0,Recoger,2,LOCAL,1,30,23.0,0
557238b1-b0ff-4c5a-9035-a2c8a37c7c30,2026-04-01,4,3,19.75,0,Domicilio,2,ROJO GOMEZ,2,50,51.0,1
1871112a-beab-41e7-821f-6b3e3b8d993b,2026-04-02,4,4,18.25,0,Domicilio,1,ROJO GOMEZ,0,50,42.0,0
51da678b-0ba9-4109-b791-d81c6657861a,2026-04-03,4,5,20.67,0,Recoger en tienda,4,LOCAL,0,30,30.0,0
4c57772a-dc8a-4668-a0bb-a4a6924767ec,2026-04-03,4,5,21.5,0,Recoger,3,LOCAL,0,30,36.0,1
8527b565-9fb3-41f7-8de6-1c9ade1e8e0c,2026-04-03,4,5,21.83,0,Recoger,1,LOCAL,1,30,30.0,0
42b3ba75-4ae2-4601-9dcc-ea1ee9dbe25a,2026-04-03,4,5,22.75,0,Domicilio,2,TRES CRUCES,0,50,42.0,0
605cdcef-5448-4869-a7ee-3946eb10b31d,2026-04-04,4,6,19.5,1,Domicilio,3,PARQUE DE POBLAMIENTO,0,50,49.0,0
ae837fbe-fa78-4688-a97b-39968688a80c,2026-04-04,4,6,20.92,1,Mostrador,5,LOCAL,0,30,45.0,1
24b57dcf-4fc4-40ae-b3b6-f2c613a5ff91,2026-04-05,4,7,18.17,1,Domicilio,4,AVIACION,0,50,58.0,1
f17d1344-16c5-4883-ba2a-12e963f52232,2026-04-05,4,7,18.92,1,Recoger,2,LOCAL,0,30,28.0,0
397ad9fa-32f6-42ce-8f78-c5b68ef36120,2026-04-05,4,7,21.58,1,Mostrador,4,LOCAL,0,30,41.0,1
1e4a98da-5e20-456c-8c5b-9e6da61e7e3b,2026-04-06,4,1,18.17,0,Recoger en tienda,9,LOCAL,0,30,60.0,1
99c2d663-fbc2-435d-91f8-c2ccdd0c4cbf,2026-04-06,4,1,21.67,0,Mostrador,1,LOCAL,0,30,24.0,0
90e8c0c2-8de1-4590-abab-5537084fe019,2026-04-06,4,1,21.83,0,Recoger,2,LOCAL,1,30,37.0,1
2f04eaa3-6c03-42fd-8b5d-755008066090,2026-04-08,4,3,17.25,0,Recoger,3,LOCAL,0,30,28.0,0
1e456088-5de7-428a-8ca1-b4eb4751a1d8,2026-04-08,4,3,20.67,0,Domicilio,3,LA LOMITA,0,50,44.0,0
acd14da2-9cf6-4085-9ac6-1c4e7953d5c0,2026-04-08,4,3,21.42,0,Domicilio,2,CENTRO,0,50,34.0,0
a914fda4-6f1b-4afa-9b5e-e5201e676a29,2026-04-08,4,3,22.17,0,Domicilio,3,LA LOMITA,0,50,39.0,0
df64836b-7e32-4c43-a883-c7059efc7a69,2026-04-08,4,3,23.83,0,Domicilio,4,AVIACIÓN CIVIL,0,50,38.0,0
a96833f2-60c3-4ba4-9747-33e6d5fbb757,2026-04-09,4,4,19.08,0,Recoger,1,LOCAL,0,30,24.0,0
c77681fa-89ea-498e-9e26-4868ee59960c,2026-04-09,4,4,19.67,0,Mostrador,2,LOCAL,0,30,28.0,0
77e03007-1a3a-4c99-a775-0758a528baee,2026-04-09,4,4,20.0,0,Recoger,4,LOCAL,1,30,36.0,1
a749cb89-dffa-484a-93ca-13431ac698fe,2026-04-09,4,4,20.92,0,Domicilio,2,TRES CRUCES,0,50,51.0,1
c1c390e2-6b8b-4a1d-982e-02513ccf3da9,2026-04-09,4,4,23.58,0,Recoger en tienda,3,LOCAL,0,30,30.0,0
62f33fe9-4860-41a4-b1f1-ef5c8c288fea,2026-04-10,4,5,21.08,0,Recoger en tienda,4,LOCAL,0,30,39.0,1
d7f89c18-0724-49e7-b8c4-c6eb3ca7115a,2026-04-11,4,6,13.75,1,Domicilio,3,LA LOMITA,0,50,34.0,0
62165623-ca2c-42ed-978b-2f3e0879015f,2026-04-11,4,6,14.0,1,Domicilio,2,LA LOMITA,1,50,37.0,0
0fb1e30e-3cbe-43b9-b872-93a6bd19b2b2,2026-04-11,4,6,14.83,1,Domicilio,5,CHACATITLA,0,50,52.0,1
672ba98f-ab24-49fa-91a5-258513051d19,2026-04-11,4,6,19.33,1,Recoger,1,LOCAL,0,30,30.0,0
29b0fe21-1a71-42d9-82e2-d03f3d6b0f1f,2026-04-11,4,6,22.42,1,Domicilio,3,LOS CANTORES,0,50,48.0,0
93477be4-e4db-4da1-bc14-4f16c6bec48f,2026-04-12,4,7,19.92,1,Recoger,1,LOCAL,0,30,21.0,0
d0f55c1b-56d1-4509-9682-46f49ca996b3,2026-04-12,4,7,20.67,1,Recoger,2,LOCAL,0,30,35.0,1
0b7aa63a-9d95-4a8f-8301-21d764d67790,2026-04-12,4,7,22.58,1,Domicilio,4,CENTRO,0,50,44.0,0
9b272a8c-40c9-418e-9aff-33af000b2403,2026-04-12,4,7,23.5,1,Domicilio,2,TODOS POR HIDALGO,0,50,46.0,0
52835425-1c82-4345-8c82-93d964d9f81f,2026-04-13,4,1,18.75,0,Domicilio,4,AVIACIÓN CIVIL,0,50,52.0,1
489e51c0-3383-464e-baf1-23ee3b637363,2026-04-13,4,1,18.83,0,Recoger en tienda,7,LOCAL,1,30,49.0,1
ad22a80b-e710-499e-b5fd-ff1b7c427c3a,2026-04-13,4,1,20.83,0,Domicilio,3,COLALAMBRE,0,50,49.0,0
754ce6b1-b873-4b50-be40-2f2bbdd03ee5,2026-04-14,4,2,20.42,0,Recoger,2,LOCAL,0,30,23.0,0
594cc43e-ccfb-4009-8555-a85e508d054e,2026-04-16,4,4,20.08,0,Recoger,5,LOCAL,0,30,41.0,1
85d4a790-44dd-4527-a000-b22e8391f7a2,2026-04-16,4,4,21.17,0,Domicilio,4,CHACATITLA,0,50,50.0,0
17aecbbd-91a9-4b82-b223-387e31b86a5e,2026-04-18,4,6,13.5,1,Recoger,5,LOCAL,0,30,30.0,0
310f34a5-5e51-4626-8f6b-0e8327065b10,2026-04-18,4,6,19.0,1,Domicilio,6,TODOS POR HIDALGO,0,50,68.0,1
d70a1ad2-bc3b-4316-900c-93ba9d5f8f2b,2026-04-18,4,6,21.33,1,Mostrador,2,LOCAL,0,30,31.0,1
c240158c-18d8-4c05-966e-35c283d6ed2c,2026-04-19,4,7,15.5,1,Recoger,2,LOCAL,0,30,25.0,0
7eb9b4be-b92d-4cc4-a342-e58dcbdc1c54,2026-04-19,4,7,18.92,1,Domicilio,4,LA LOMITA,0,50,51.0,1
4d2254ca-a40e-41bf-b26a-169073ea7933,2026-04-19,4,7,23.67,1,Recoger en tienda,8,LOCAL,0,30,51.0,1
4e452ba6-e9d2-4181-8d0b-ca19ac0753b8,2026-04-19,4,7,23.83,1,Domicilio,2,ROJO GOMEZ,1,50,49.0,0
9b04c89a-e632-4e56-9138-986e46083a41,2026-04-20,4,1,22.17,0,Domicilio,4,CENTRO,0,50,43.0,0
8209f067-c73f-4c4c-a7a8-4b9da14a4638,2026-04-20,4,1,22.83,0,Recoger en tienda,2,LOCAL,0,30,15.0,0
4e4c1833-b806-485a-82e8-17b1bf55ed52,2026-04-22,4,3,19.25,0,Mostrador,1,LOCAL,0,30,23.0,0
0ff5fc99-6020-4161-b812-d3c25e1894a7,2026-04-22,4,3,19.83,0,Recoger en tienda,5,LOCAL,0,30,40.0,1
9b7663b5-5048-4338-8bb5-92dfc4e74074,2026-04-23,4,4,19.58,0,Mostrador,4,LOCAL,0,30,37.0,1
7fdca9aa-c690-4f27-aa24-f17c146ae77b,2026-04-23,4,4,21.0,0,Recoger,2,LOCAL,0,30,38.0,1
d72cc2f3-37ac-4a90-a539-378b4cabea09,2026-04-23,4,4,23.5,0,Recoger en tienda,3,LOCAL,0,30,23.0,0
afb837aa-eee0-46e1-8f79-428ec5050f16,2026-04-24,4,5,14.67,0,Recoger,6,LOCAL,0,30,38.0,1
26674c61-1d4f-41e8-9101-2bc393c6c258,2026-04-24,4,5,18.67,0,Mostrador,4,LOCAL,0,30,37.0,1
65dde319-2510-4029-b395-c64f2f5785f2,2026-04-24,4,5,20.25,0,Domicilio,5,CHACATITLA,0,50,59.0,1
d10e0632-41a8-4bac-9f34-2de1daf3bcee,2026-04-24,4,5,20.75,0,Recoger en tienda,6,LOCAL,1,30,51.0,1
aaa7ff11-fa0f-4e50-acc7-6065246dd66f,2026-04-24,4,5,20.75,0,Recoger en tienda,1,LOCAL,2,30,24.0,0
05143343-e7df-4574-8c9a-544957bce8b7,2026-04-24,4,5,21.0,0,Domicilio,4,TODOS POR HIDALGO,2,50,67.0,1
97c09122-dc23-4b48-8736-127e070313b6,2026-04-25,4,6,18.08,1,Recoger,3,LOCAL,0,30,31.0,1
977a7895-cd80-43bf-98af-c421ef723c84,2026-04-25,4,6,19.25,1,Recoger,4,LOCAL,0,30,41.0,1
fcee70ad-9207-46af-90b5-e5c4ab0af50a,2026-04-25,4,6,19.67,1,Recoger en tienda,4,LOCAL,1,30,44.0,1
1759b45c-56d2-4744-9662-aada18bb6c13,2026-04-25,4,6,20.33,1,Domicilio,3,ROJO GOMEZ,0,50,57.0,1
1773a58b-7d9b-4f05-888f-1be00066687f,2026-04-25,4,6,20.75,1,Recoger,4,LOCAL,1,30,45.0,1
87dd50df-103a-4534-9066-583a161e0924,2026-04-25,4,6,21.92,1,Domicilio,4,LOS CANTORES,0,50,53.0,1
ce84f06f-16f3-423d-bda4-dcca784069f9,2026-04-25,4,6,22.75,1,Recoger en tienda,2,LOCAL,0,30,27.0,0
9416ef7b-f82d-46f5-bbd4-10a758ac54c0,2026-04-26,4,7,13.0,1,Domicilio,2,SANTA IRENE,0,50,37.0,0
492f0e67-bf68-47ab-93ad-3a837286beb0,2026-04-26,4,7,13.08,1,Recoger,2,LOCAL,1,30,37.0,1
e8783461-1d37-486a-967e-6a9d15075ad5,2026-04-26,4,7,19.67,1,Domicilio,3,TODOS POR HIDALGO,0,50,57.0,1
1fe5c5c2-ec4b-4ddd-915f-002f12052991,2026-04-26,4,7,21.0,1,Recoger en tienda,2,LOCAL,0,30,26.0,0
82bdb4bb-403f-47f9-a6fe-33b21c5684c8,2026-04-26,4,7,23.58,1,Domicilio,1,LA LOMITA,0,50,35.0,0
50748936-f4cf-4c42-8080-ee673768e341,2026-04-27,4,1,23.0,0,Recoger en tienda,2,LOCAL,0,30,15.0,0
d32a5e7b-a977-408d-a6e0-85190a92abf1,2026-04-28,4,2,15.83,0,Domicilio,2,AVIACIÓN CIVIL,0,50,33.0,0
ed1af13d-f4d4-4cf7-8d17-4b6794dacc57,2026-04-29,4,3,18.42,0,Recoger en tienda,4,LOCAL,0,30,41.0,1
c8d47aeb-0052-4f0d-a034-8ca50399cc50,2026-04-29,4,3,21.42,0,Mostrador,4,LOCAL,0,30,34.0,1
fef44f67-e3fc-4a80-a723-9a3bc2c3c342,2026-04-29,4,3,21.92,0,Domicilio,2,SANTA IRENE,1,50,38.0,0
427592a1-9f1d-43e4-8c9e-5dd5b7f830dd,2026-04-29,4,3,23.0,0,Domicilio,1,COLALAMBRE,0,50,32.0,0
a3a017a2-6494-4321-9e44-3e6359932756,2026-04-29,4,3,23.17,0,Recoger en tienda,2,LOCAL,1,30,19.0,0
77af31b8-215d-4b9f-8220-5729dc08aaab,2026-05-01,5,5,14.17,0,Domicilio,2,CHACATITLA,0,50,36.0,0
c432339c-3451-4a28-b226-6c861a927123,2026-05-01,5,5,18.83,0,Domicilio,2,CENTRO,0,50,38.0,0
d5a2fcb7-984d-4acb-a399-4e88741fd2c7,2026-05-01,5,5,23.33,0,Recoger,1,LOCAL,0,30,16.0,0
6b618d69-342c-4643-95cb-42a639f20051,2026-05-02,5,6,19.25,1,Domicilio,1,CENTRO,0,50,33.0,0
97f606b8-e51c-4764-8b22-bc3ff5eed48b,2026-05-02,5,6,20.67,1,Domicilio,3,CENTRO,0,50,45.0,0
25738d03-4044-4825-a1a6-61d2a77d5eea,2026-05-02,5,6,22.25,1,Recoger,4,LOCAL,0,30,29.0,0
4c82c91f-ec90-46d3-a7b6-5e3681e1fb5a,2026-05-03,5,7,15.58,1,Domicilio,2,LOS CANTORES,0,50,39.0,0
03ae785a-1660-40aa-a839-e43183022589,2026-05-03,5,7,18.42,1,Recoger,2,LOCAL,0,30,31.0,1
619816f5-3205-47c2-b32e-466e6972783a,2026-05-03,5,7,19.25,1,Domicilio,2,CHACATITLA,0,50,45.0,0
31c7428c-0d85-40ea-bd08-e4aa399605e0,2026-05-03,5,7,19.83,1,Recoger,3,LOCAL,0,30,33.0,1
9c5aed49-7035-44d7-87ad-affb49c21826,2026-05-03,5,7,21.42,1,Recoger en tienda,4,LOCAL,0,30,39.0,1
f191a8c3-336c-4e6a-bb0f-ab6ca5e505fc,2026-05-04,5,1,17.25,0,Domicilio,1,TRES CRUCES,0,50,37.0,0
10157fa9-9d25-4fb4-89cf-7d7d5beee788,2026-05-04,5,1,21.08,0,Recoger,1,LOCAL,0,30,21.0,0
b88262bd-9e23-4330-b036-8014b4538be5,2026-05-05,5,2,18.17,0,Recoger en tienda,2,LOCAL,0,30,31.0,1
31bc4685-80cd-4550-a491-f6aa06d9b874,2026-05-05,5,2,19.83,0,Recoger en tienda,3,LOCAL,0,30,36.0,1
0753cee1-b4c5-46a6-b609-b0adb1631ff9,2026-05-05,5,2,20.58,0,Mostrador,4,LOCAL,0,30,36.0,1
2ed73092-65dd-413e-8d75-758118be0d68,2026-05-06,5,3,14.0,0,Recoger en tienda,3,LOCAL,0,30,28.0,0
a14463b9-c2ae-42c8-9fd2-41539db4e256,2026-05-06,5,3,15.83,0,Mostrador,2,LOCAL,0,30,22.0,0
6bdcdef8-8bce-4377-89d6-021ea55002d5,2026-05-06,5,3,19.75,0,Domicilio,1,TODOS POR HIDALGO,0,50,37.0,0
b86b15f4-c442-4778-aa74-1e1b4c9488f7,2026-05-07,5,4,16.08,0,Mostrador,6,LOCAL,0,30,35.0,1
ee76dc11-a22e-4192-94f7-2764886de093,2026-05-07,5,4,18.08,0,Domicilio,3,TRES CRUCES,0,50,54.0,1
2d2dd591-21df-450f-96e8-5eac85c291d8,2026-05-07,5,4,19.5,0,Domicilio,6,CENTRO,0,50,50.0,0
09508882-d45b-48b5-a1e3-33b5f9aef92d,2026-05-08,5,5,15.08,0,Recoger en tienda,6,LOCAL,0,30,36.0,1
8c0a937d-25fe-452b-bcb9-8c717b2a0341,2026-05-08,5,5,21.67,0,Domicilio,2,CHACATITLA,0,50,46.0,0
0c79654e-9ca9-438f-b823-f81c89582bca,2026-05-08,5,5,22.17,0,Recoger,2,LOCAL,1,30,23.0,0
32d35a4c-09d2-4be2-90fb-e8ec23a3c1f0,2026-05-09,5,6,14.42,1,Domicilio,1,SANTA IRENE,0,50,39.0,0
31938f4f-f8ba-4150-9e53-5ef4020e5ec5,2026-05-09,5,6,20.42,1,Mostrador,4,LOCAL,0,30,35.0,1
15413652-62cb-459d-96fd-d44c08a10ff7,2026-05-09,5,6,21.25,1,Domicilio,3,AVIACION,0,50,56.0,1
6cb31b3b-2b43-4303-b7e9-e2a33c867f0a,2026-05-09,5,6,23.17,1,Domicilio,4,CHACATITLA,0,50,53.0,1
369a7aa7-f724-40ff-aae9-cd02d01124f4,2026-05-10,5,7,17.5,1,Mostrador,5,LOCAL,0,30,33.0,1
a325da1e-081b-454e-955b-1e57ce059726,2026-05-10,5,7,17.75,1,Recoger,2,LOCAL,1,30,36.0,1
84f068ec-2e5c-4275-834f-3937b75aab74,2026-05-10,5,7,20.67,1,Domicilio,5,LOS CANTORES,0,50,61.0,1
8ef5d3a5-407f-4211-942a-e96f168699ca,2026-05-10,5,7,21.0,1,Recoger en tienda,4,LOCAL,1,30,47.0,1
35ea997d-2115-4699-a4dd-e77a2cfe5c27,2026-05-10,5,7,21.17,1,Recoger en tienda,5,LOCAL,2,30,47.0,1
92808aef-7abd-4fa9-be7d-92700e8019cd,2026-05-10,5,7,21.58,1,Mostrador,4,LOCAL,1,30,38.0,1
7870030d-7313-488d-897d-664e46b2bfe7,2026-05-11,5,1,23.33,0,Domicilio,2,CHACATITLA,0,50,41.0,0
5ceed116-839b-41ff-9ff2-be4fde1b7215,2026-05-12,5,2,20.5,0,Domicilio,5,TRES CRUCES,0,50,59.0,1
fec39bdf-66f6-42f2-bc79-3f10f26b6c75,2026-05-12,5,2,21.25,0,Domicilio,3,LA LOMITA,0,50,40.0,0
f61156d1-a2a7-42db-880c-9bb1afa2ff9e,2026-05-13,5,3,13.0,0,Domicilio,1,CHACATITLA,0,50,33.0,0
4ba0b6ae-26eb-4c44-8d63-f916e9c6c05b,2026-05-13,5,3,18.0,0,Domicilio,3,LOS CANTORES,0,50,41.0,0
dcefe2da-4860-4f7a-b4ea-ab9aabfbc3a1,2026-05-13,5,3,20.83,0,Recoger,3,LOCAL,0,30,27.0,0
e3b79ec2-b605-439f-9e96-c597dccb0e7d,2026-05-13,5,3,21.67,0,Recoger en tienda,1,LOCAL,0,30,22.0,0
57882009-8c4e-4cde-bba7-51e3b7a55409,2026-05-13,5,3,23.33,0,Mostrador,2,LOCAL,0,30,16.0,0
ebb55124-489d-445f-b1cc-fe64eacd1067,2026-05-14,5,4,16.17,0,Domicilio,3,PARQUE DE POBLAMIENTO,0,50,44.0,0
e9fb19dc-d641-4c4d-8439-4a4f104e1d70,2026-05-14,5,4,21.75,0,Domicilio,3,AVIACION,0,50,53.0,1
631f6624-fc81-4738-b25b-28aa9caf0a65,2026-05-15,5,5,23.42,0,Domicilio,1,AVIACIÓN CIVIL,0,50,26.0,0
a503718d-5c22-4597-9e2d-b41d2fce4358,2026-05-16,5,6,13.17,1,Domicilio,1,PARQUE DE POBLAMIENTO,0,50,45.0,0
7aa213c5-635d-46b0-aa4d-8afb017760fc,2026-05-16,5,6,13.5,1,Recoger en tienda,2,LOCAL,1,30,36.0,1
77d1dd5e-c439-4077-8c80-caf6d928b5f3,2026-05-16,5,6,19.5,1,Domicilio,2,TODOS POR HIDALGO,0,50,57.0,1
4c93fa9d-5082-4643-9ab2-e18981fabc9a,2026-05-16,5,6,19.67,1,Recoger,4,LOCAL,1,30,42.0,1
7d80e0f3-9a99-417b-a9e8-162ae782b63b,2026-05-16,5,6,20.33,1,Domicilio,3,CHACATITLA,0,50,62.0,1
63e3d789-200a-4ea5-bbd0-f3f835cf67ad,2026-05-16,5,6,20.92,1,Recoger en tienda,3,LOCAL,0,30,37.0,1
4c4fe581-9d9d-4747-9214-2766b3420c67,2026-05-16,5,6,21.75,1,Domicilio,2,PARQUE DE POBLAMIENTO,0,50,46.0,0
a98325b5-6009-44ed-bd29-253c4bd6b0c9,2026-05-16,5,6,22.0,1,Domicilio,6,TODOS POR HIDALGO,1,50,65.0,1
e685b5d3-8c33-44f8-9c21-82af3961d930,2026-05-17,5,7,17.67,1,Domicilio,3,COLALAMBRE,0,50,48.0,0
10fa5a20-0aa3-4817-b936-f4e85695a79d,2026-05-17,5,7,20.0,1,Mostrador,3,LOCAL,0,30,38.0,1
b4ae8615-aef1-4b68-bb55-18892d1b93e0,2026-05-17,5,7,20.83,1,Recoger en tienda,3,LOCAL,0,30,37.0,1
fdebb21e-1bad-4a72-9115-aa9ce53c3f2c,2026-05-17,5,7,21.33,1,Domicilio,6,LOS CANTORES,1,50,74.0,1
48d2ce68-82e1-4e9a-9619-66fed46d4dd6,2026-05-18,5,1,19.25,0,Domicilio,3,AVIACIÓN CIVIL,0,50,43.0,0
3b368485-b265-4eb0-995c-7bf84008001f,2026-05-18,5,1,19.92,0,Mostrador,6,LOCAL,0,30,46.0,1
279a5a98-aee7-444b-87f1-8c0d415237c7,2026-05-18,5,1,20.0,0,Recoger en tienda,3,LOCAL,1,30,34.0,1
b24e43c0-181f-4385-bbb1-2ecf24b72303,2026-05-18,5,1,23.75,0,Recoger,4,LOCAL,0,30,27.0,0
25b9cf50-fdf3-433c-9f97-7eb3653f573d,2026-05-19,5,2,15.75,0,Domicilio,4,SANTA IRENE,0,50,44.0,0
19ee44bd-4f1f-45be-b119-98390f66dfb8,2026-05-19,5,2,18.83,0,Domicilio,2,CHACATITLA,0,50,39.0,0
56398c92-403f-4f80-ba12-5e0c81d63bd7,2026-05-20,5,3,18.5,0,Recoger,1,LOCAL,0,30,30.0,0
d989a44f-7d83-4e6d-b95e-eaf0a38dc1b1,2026-05-20,5,3,22.08,0,Mostrador,2,LOCAL,0,30,21.0,0
ab9c25d2-f3eb-48a5-aa80-848cc511e5e9,2026-05-20,5,3,23.67,0,Domicilio,4,TODOS POR HIDALGO,0,50,46.0,0
641c4762-a8cd-42dc-897b-4f1b7ae3d7ec,2026-05-21,5,4,14.17,0,Domicilio,1,SANTA IRENE,0,50,27.0,0
3459abca-8d85-4fbc-a1ba-a75bf016763c,2026-05-21,5,4,19.08,0,Recoger,2,LOCAL,0,30,30.0,0
5c134e73-05e9-484a-8857-705f19d7cc77,2026-05-21,5,4,19.5,0,Domicilio,5,PARQUE DE POBLAMIENTO,1,50,59.0,1
a45111a3-7260-499b-af83-7017721672ad,2026-05-21,5,4,20.75,0,Domicilio,4,COLALAMBRE,0,50,51.0,1
2374febb-731c-43aa-8284-8ed40c62b7e6,2026-05-22,5,5,17.92,0,Mostrador,5,LOCAL,0,30,26.0,0
02f1f499-85eb-4586-b08f-51165322e066,2026-05-22,5,5,19.75,0,Recoger en tienda,4,LOCAL,0,30,41.0,1
94d91e5c-0921-40ae-b27b-e1a9dd38eb10,2026-05-22,5,5,23.0,0,Domicilio,1,LA LOMITA,0,50,28.0,0
2b7bd4e8-8936-46fc-a079-b29d22772aad,2026-05-23,5,6,16.08,1,Recoger,4,LOCAL,0,30,36.0,1
5dea74d4-8a8f-464e-907f-6cf7d898a5e5,2026-05-23,5,6,18.42,1,Domicilio,4,AVIACIÓN CIVIL,0,50,51.0,1
af550980-e8c9-41e5-a4eb-e55a9c57c12e,2026-05-24,5,7,15.83,1,Domicilio,5,CHACATITLA,0,50,46.0,0
8874b075-95aa-4e6f-99ed-b1bec4dce286,2026-05-24,5,7,21.75,1,Domicilio,3,PARQUE DE POBLAMIENTO,0,50,57.0,1
e2054e26-1266-4236-8f11-67895904c8f2,2026-05-24,5,7,22.0,1,Domicilio,3,ROJO GOMEZ,1,50,46.0,0
c0c1a486-e313-40a7-a225-7f2219c1b000,2026-05-25,5,1,20.33,0,Mostrador,1,LOCAL,0,30,21.0,0
7b119851-359f-467b-bf5b-b590eaf3de54,2026-05-26,5,2,15.33,0,Recoger en tienda,3,LOCAL,0,30,19.0,0
05a23082-efd9-480b-a8bc-68a844790a42,2026-05-26,5,2,19.33,0,Recoger,5,LOCAL,0,30,45.0,1
19f4804a-6540-4796-911b-2229b4c3b692,2026-05-26,5,2,23.67,0,Recoger,5,LOCAL,0,30,33.0,1
ce6e9ab2-bf7b-42b9-b466-7e9da3b951c7,2026-05-27,5,3,20.75,0,Mostrador,1,LOCAL,0,30,26.0,0
d1cc1a02-1169-4671-a6b0-47180f0d5a3f,2026-05-28,5,4,21.33,0,Mostrador,3,LOCAL,0,30,35.0,1
fb76f7ff-7a16-4298-8874-08268f2e6621,2026-05-28,5,4,21.5,0,Domicilio,1,AVIACION,1,50,39.0,0
839c9bdc-e079-410a-af8c-0d922ebab453,2026-05-28,5,4,21.67,0,Domicilio,5,COLALAMBRE,2,50,60.0,1
6162f817-1c5e-4d25-a77f-382cd4dc5c73,2026-05-28,5,4,21.83,0,Recoger,2,LOCAL,3,30,41.0,1
08d18d69-bf4f-40a2-b16e-ee1cc6ae5e1a,2026-05-28,5,4,22.83,0,Domicilio,2,AVIACIÓN CIVIL,0,50,39.0,0
2303184b-f4bd-4e9c-bc60-1d77214c0345,2026-05-29,5,5,19.58,0,Recoger,6,LOCAL,0,30,43.0,1
0903cb11-0d26-4268-9fd6-0a11fe4ca2fd,2026-05-29,5,5,19.67,0,Recoger en tienda,4,LOCAL,1,30,32.0,1
e7644d45-9128-4c9c-98b3-9d5eb6c58823,2026-05-29,5,5,20.25,0,Mostrador,4,LOCAL,0,30,37.0,1
4ae6e84f-16b2-455f-96d5-6579d0bc3583,2026-05-30,5,6,15.0,1,Domicilio,4,AVIACION,0,50,44.0,0
f9c29bcd-d88f-4cd0-944d-c321ac6a3905,2026-05-30,5,6,20.17,1,Domicilio,2,SANTA IRENE,0,50,51.0,1
8e0e212b-e7da-41a7-a0f0-de2a4f3e298e,2026-05-30,5,6,20.17,1,Domicilio,3,SANTA IRENE,1,50,61.0,1
b722801e-2a48-4acb-b944-aae4a403c3dd,2026-05-31,5,7,15.33,1,Domicilio,2,PARQUE DE POBLAMIENTO,0,50,40.0,0
b986f75a-2c51-4a4d-93fa-aa5605aeff57,2026-05-31,5,7,18.33,1,Mostrador,1,LOCAL,0,30,30.0,0
8acdd202-b5a2-4d41-a239-70870f550ef4,2026-05-31,5,7,18.83,1,Domicilio,2,CENTRO,1,50,43.0,0
b6f3fcfa-3d2d-462e-a9f1-c94cf77c117e,2026-05-31,5,7,19.75,1,Recoger en tienda,4,LOCAL,0,30,43.0,1
57d46267-3e91-4d5f-a592-c88211e7ef94,2026-05-31,5,7,19.83,1,Mostrador,4,LOCAL,1,30,51.0,1
d46e0fbb-8d1b-4769-95f6-ad848047bf88,2026-05-31,5,7,19.92,1,Domicilio,5,LA LOMITA,2,50,62.0,1
b8c5db7d-e21a-4aaf-b8f4-2b6f1726a12a,2026-05-31,5,7,21.08,1,Recoger en tienda,4,LOCAL,0,30,39.0,1
6f3bc1c3-1d10-435d-9cef-1e243a6817c6,2026-05-31,5,7,21.25,1,Recoger,5,LOCAL,1,30,49.0,1
44d45149-ce75-42b7-8bce-914517cdb671,2026-05-31,5,7,23.58,1,Recoger,1,LOCAL,0,30,23.0,0
a3185f79-8549-4212-89cc-f552ffa496a9,2026-06-01,6,1,19.33,0,Domicilio,3,COLALAMBRE,0,50,51.0,1
086e8ba4-7127-4fe6-886a-a11d59f0abc4,2026-06-01,6,1,21.5,0,Recoger en tienda,2,LOCAL,0,30,25.0,0
6a630907-3cce-4ba6-bcc0-cf70ad17ae7c,2026-06-02,6,2,22.33,0,Recoger en tienda,2,LOCAL,0,30,16.0,0
02e75bde-5d9e-4564-a7f9-78973e8721fb,2026-06-03,6,3,22.25,0,Domicilio,2,LOS CANTORES,0,50,39.0,0
64fd0509-0108-487f-8263-dfafc7f5232f,2026-06-03,6,3,23.33,0,Recoger en tienda,3,LOCAL,0,30,15.0,0
1328e706-d625-419d-bd40-7ad377689944,2026-06-03,6,3,23.92,0,Mostrador,2,LOCAL,0,30,17.0,0
4b137228-cf2a-4e48-a2e2-dd339108ddec,2026-06-04,6,4,18.08,0,Domicilio,1,AVIACIÓN CIVIL,0,50,37.0,0
c6f0f184-650c-4b12-9da4-e0a3d4fa6575,2026-06-04,6,4,18.25,0,Domicilio,4,PARQUE DE POBLAMIENTO,1,50,63.0,1
53c40621-4639-4c3c-b5dd-30feaa704c1a,2026-06-05,6,5,18.58,0,Domicilio,3,LOS CANTORES,0,50,49.0,0
3a430afb-25c8-4450-a56a-0e49b8e5d1f5,2026-06-05,6,5,18.92,0,Mostrador,1,LOCAL,1,30,26.0,0
ff615b44-209c-4c55-8e10-cdcae9f4e090,2026-06-05,6,5,19.58,0,Mostrador,3,LOCAL,0,30,36.0,1
49b29da3-7a18-4b48-aee2-5dfd1b7fd47e,2026-06-05,6,5,20.67,0,Recoger,5,LOCAL,0,30,48.0,1
e5bfe965-971e-4897-9abb-08a28be21ea1,2026-06-05,6,5,21.42,0,Domicilio,4,LA LOMITA,0,50,50.0,0
3af88d18-af8b-4f72-b670-d39a93327ba3,2026-06-05,6,5,23.5,0,Recoger,2,LOCAL,0,30,18.0,0
cc8bb499-3160-41ce-9730-811344e4f050,2026-06-06,6,6,16.0,1,Domicilio,1,TRES CRUCES,0,50,41.0,0
24ad2f31-2da8-4a80-9ded-b253401cba55,2026-06-06,6,6,18.42,1,Domicilio,2,SANTA IRENE,0,50,48.0,0
ae061572-5258-4b30-aaea-90931162472d,2026-06-06,6,6,20.08,1,Mostrador,4,LOCAL,0,30,37.0,1
73a6797d-539b-4a63-9d3b-d4be5295e470,2026-06-06,6,6,20.67,1,Domicilio,7,PARQUE DE POBLAMIENTO,0,50,66.0,1
3a7683c9-3aed-47e5-b274-7bab62d9f343,2026-06-06,6,6,23.17,1,Mostrador,4,LOCAL,0,30,28.0,0
b86137bc-4907-45d9-8223-822b8d29932f,2026-06-07,6,7,17.92,1,Recoger en tienda,4,LOCAL,0,30,37.0,1
37c226ca-b3b8-4f71-b4d9-250d9ef55dd4,2026-06-07,6,7,19.25,1,Recoger,4,LOCAL,0,30,41.0,1
037216c6-df39-4c88-911e-a5fc5f5981cb,2026-06-07,6,7,21.83,1,Recoger,2,LOCAL,0,30,42.0,1
dcf1f39e-f2b2-428c-b7e7-67d8a626a8f7,2026-06-07,6,7,21.92,1,Recoger,1,LOCAL,1,30,42.0,1
afb53e93-ac3f-413f-b0bc-7bde510dbb71,2026-06-08,6,1,14.67,0,Recoger,1,LOCAL,0,30,17.0,0
9b6c922f-c043-4cfb-b356-ccddc242b6fd,2026-06-08,6,1,15.33,0,Domicilio,3,TODOS POR HIDALGO,0,50,43.0,0
3637538a-a66f-4d6b-bf04-97c10e69ff69,2026-06-08,6,1,18.58,0,Domicilio,3,LA LOMITA,0,50,48.0,0
8922790c-6e6e-4ef8-ab8c-d983c77dcc1a,2026-06-08,6,1,19.75,0,Domicilio,1,SANTA IRENE,0,50,38.0,0
36c392be-380a-4c3d-babf-49df220b3d43,2026-06-08,6,1,22.08,0,Recoger en tienda,2,LOCAL,0,30,21.0,0
8b2ef99e-c6ac-4ff1-9872-ec8b57cbb3cf,2026-06-08,6,1,22.83,0,Mostrador,4,LOCAL,0,30,32.0,1
da1485db-332f-47b7-b6f9-9f3bc31c6c20,2026-06-09,6,2,14.25,0,Recoger en tienda,1,LOCAL,0,30,15.0,0
d331afc2-efd5-44f9-9a6c-ead3c05b0a73,2026-06-09,6,2,14.5,0,Domicilio,1,CHACATITLA,1,50,31.0,0
93aeff3c-523d-4aac-8c89-ae9273bc3e72,2026-06-09,6,2,20.25,0,Recoger en tienda,6,LOCAL,0,30,46.0,1
cd4aaf90-f24b-42e0-ad09-ad721c24e5e7,2026-06-10,6,3,18.25,0,Domicilio,3,AVIACIÓN CIVIL,0,50,50.0,0
ff369875-16f6-419a-b04d-d5e4e594d87a,2026-06-11,6,4,20.67,0,Recoger en tienda,2,LOCAL,0,30,29.0,0
11ca7725-8d0a-46f1-a20c-bfc225522029,2026-06-11,6,4,23.75,0,Recoger en tienda,1,LOCAL,0,30,18.0,0
b353e87e-45bb-4fcf-a609-0baf392665c4,2026-06-12,6,5,18.92,0,Domicilio,2,PARQUE DE POBLAMIENTO,0,50,43.0,0
103fcb44-6756-48f0-b220-7678c6bec5f1,2026-06-12,6,5,19.0,0,Recoger en tienda,4,LOCAL,1,30,43.0,1
f64d3ed3-3023-4f38-aca7-370e160e4a4b,2026-06-13,6,6,21.83,1,Recoger en tienda,2,LOCAL,0,30,31.0,1
1c16197c-2284-4ee1-9b51-7598bd67d554,2026-06-13,6,6,22.17,1,Domicilio,6,AVIACIÓN CIVIL,1,50,54.0,1
48534197-d93f-49f9-b67f-21f1f0477bfe,2026-06-14,6,7,13.25,1,Domicilio,5,CENTRO,0,50,49.0,0
56bf23c7-e784-4321-96f2-045a14f61369,2026-06-14,6,7,15.08,1,Domicilio,3,ROJO GOMEZ,0,50,45.0,0
b4499ab3-eef2-46ac-9a79-0683600865c3,2026-06-14,6,7,19.67,1,Domicilio,5,PARQUE DE POBLAMIENTO,0,50,61.0,1
dff18f35-d991-4028-9ee5-7eda2bcdbe1b,2026-06-14,6,7,20.92,1,Domicilio,5,AVIACION,0,50,48.0,0
233908f5-8a81-45bd-9e07-b3d36bf83224,2026-06-15,6,1,14.5,0,Recoger en tienda,4,LOCAL,0,30,35.0,1
eb033762-4d9a-4ff8-ad1e-fb66c185ca60,2026-06-15,6,1,16.25,0,Recoger en tienda,1,LOCAL,0,30,20.0,0
3ecd9990-58ae-42af-8953-3ebbe2b277fe,2026-06-15,6,1,23.0,0,Domicilio,3,AVIACIÓN CIVIL,0,50,44.0,0
307de58a-152b-482c-8fa4-995bd368beac,2026-06-16,6,2,13.83,0,Domicilio,1,COLALAMBRE,0,50,39.0,0
99a2d399-ddcb-4c5d-898a-ea8e43591b2a,2026-06-16,6,2,18.67,0,Recoger,5,LOCAL,0,30,39.0,1
e7d969d0-43c8-4ad0-885b-3afd0d2a6690,2026-06-16,6,2,19.0,0,Recoger en tienda,1,LOCAL,1,30,22.0,0
4590b335-5834-41cc-8fea-aa3700a62374,2026-06-17,6,3,16.75,0,Mostrador,2,LOCAL,0,30,19.0,0
c4eb5217-f7dd-4350-a248-7504617cf889,2026-06-17,6,3,17.67,0,Recoger en tienda,3,LOCAL,0,30,27.0,0
c8724e67-d8c1-46e9-ab82-a0419285bfff,2026-06-17,6,3,18.17,0,Domicilio,1,AVIACION,1,50,38.0,0
853c43be-3218-4a28-ae85-c40bef07919d,2026-06-17,6,3,18.58,0,Recoger,2,LOCAL,1,30,30.0,0
6a14b0ef-88e0-461e-8373-965752ef2819,2026-06-17,6,3,19.5,0,Recoger,4,LOCAL,0,30,39.0,1
5fbeb2c5-5fe5-4e4e-b93a-036c7d19176d,2026-06-18,6,4,20.92,0,Recoger,2,LOCAL,0,30,33.0,1
b6df1669-6f3b-45c6-b1d4-cd1639bf53cd,2026-06-18,6,4,23.08,0,Domicilio,6,AVIACION,0,50,52.0,1
8e0ddef8-7a36-42d2-bd74-a61a6ab36f60,2026-06-18,6,4,23.42,0,Recoger en tienda,2,LOCAL,1,30,18.0,0
d89fa2b0-88c6-4674-91c9-51d071e4355d,2026-06-19,6,5,17.0,0,Domicilio,4,PARQUE DE POBLAMIENTO,0,50,45.0,0
8d55c913-9097-4321-9314-2ab083f5a51b,2026-06-19,6,5,20.42,0,Recoger,6,LOCAL,0,30,43.0,1
e076e117-6da3-469e-8d54-f13f3d6857e6,2026-06-20,6,6,18.58,1,Domicilio,4,COLALAMBRE,0,50,56.0,1
ff4dc6f2-4fc0-4044-94a2-3d98536ee282,2026-06-20,6,6,19.0,1,Recoger,4,LOCAL,1,30,44.0,1
bfd030b2-683b-45f9-a4fd-9d1a16507816,2026-06-20,6,6,20.0,1,Domicilio,5,LOS CANTORES,0,50,56.0,1
bf19f4cd-9b89-42d2-8620-d957ae721c91,2026-06-21,6,7,14.42,1,Domicilio,4,TRES CRUCES,0,50,53.0,1
5ce7773d-cee8-4378-b164-3fc9b25ed7dd,2026-06-21,6,7,18.67,1,Domicilio,2,COLALAMBRE,0,50,38.0,0
f908e09c-b2a4-4a33-8bb4-81fb00baa796,2026-06-21,6,7,19.17,1,Domicilio,5,ROJO GOMEZ,1,50,72.0,1
78e43a5d-164d-4fa6-84fc-8c2a779c14b8,2026-06-21,6,7,20.58,1,Domicilio,3,LA LOMITA,0,50,52.0,1
716d7590-478b-4531-b3d4-3fcb25ef529e,2026-06-21,6,7,21.58,1,Domicilio,1,ROJO GOMEZ,0,50,54.0,1
2bd974e7-e575-48d2-89a1-0bf8ba7a8a23,2026-06-21,6,7,23.17,1,Recoger en tienda,4,LOCAL,0,30,35.0,1
90d89291-1303-46e0-a3d5-2bb5c311a68a,2026-06-22,6,1,22.33,0,Recoger,2,LOCAL,0,30,28.0,0
bd463bce-a997-4fa6-9804-a1432a6b7726,2026-06-23,6,2,16.58,0,Domicilio,1,LOS CANTORES,0,50,34.0,0
5060ab3a-eb9b-4374-911f-636f1e7b4c75,2026-06-23,6,2,19.67,0,Mostrador,2,LOCAL,0,30,31.0,1
00ffdd80-1f96-4195-adee-a3ee0ff86584,2026-06-23,6,2,19.83,0,Recoger,3,LOCAL,1,30,29.0,0
5dd9f6c8-f6bf-4958-b159-8833fc0e2181,2026-06-23,6,2,20.33,0,Domicilio,7,AVIACION,1,50,58.0,1
8bce34d5-42ab-4759-b65e-61aec72765bb,2026-06-24,6,3,14.25,0,Recoger,4,LOCAL,0,30,28.0,0
710a7d00-b3ba-4d49-8560-875c07a92972,2026-06-24,6,3,15.17,0,Domicilio,3,LOS CANTORES,0,50,41.0,0
9e97affc-a1dd-450b-b156-adade1412a86,2026-06-24,6,3,22.67,0,Recoger en tienda,3,LOCAL,0,30,23.0,0
a5dc6f41-4451-4b0b-935e-a56f3fa574a2,2026-06-25,6,4,18.33,0,Domicilio,1,PARQUE DE POBLAMIENTO,0,50,45.0,0
b9679d01-916d-4b52-b745-93f0fb25d85e,2026-06-26,6,5,13.0,0,Recoger en tienda,2,LOCAL,0,30,18.0,0
2dd7ef25-073b-4720-afd4-8c38c46469b9,2026-06-26,6,5,17.67,0,Mostrador,1,LOCAL,0,30,23.0,0
b28951cf-4e30-475d-bc90-f237f4d06c9f,2026-06-26,6,5,19.08,0,Recoger,5,LOCAL,0,30,40.0,1
fc67291d-a42e-4e29-bb8d-2ea6158cd633,2026-06-26,6,5,20.5,0,Recoger,2,LOCAL,0,30,23.0,0
6a884987-5309-4f59-933c-59dd7a8654cb,2026-06-28,6,7,15.92,1,Domicilio,2,CHACATITLA,0,50,36.0,0
57f073e4-001d-448f-8412-81a4a66c44f8,2026-06-28,6,7,18.08,1,Domicilio,5,TODOS POR HIDALGO,0,50,64.0,1
374c515c-5b79-4b6f-9a68-dd316b9517f5,2026-06-28,6,7,18.08,1,Recoger,3,LOCAL,1,30,42.0,1
1af1fbae-19f8-4f76-a0f1-b41fbd2b9ae4,2026-06-28,6,7,18.33,1,Domicilio,5,PARQUE DE POBLAMIENTO,2,50,72.0,1
64dc5e0c-c6e5-4cb2-af46-31f99c6758f1,2026-06-29,6,1,17.58,0,Recoger en tienda,2,LOCAL,0,30,21.0,0
ff2cea38-a247-4831-9b81-1256c014e6b7,2026-06-30,6,2,13.75,0,Recoger,3,LOCAL,0,30,27.0,0
1b931ee3-99b5-4941-9451-cc26dab0ee2c,2026-06-30,6,2,16.58,0,Domicilio,4,COLALAMBRE,0,50,39.0,0
6a194f79-e577-40df-b883-a9e5ec8216e0,2026-07-02,7,4,17.58,0,Mostrador,2,LOCAL,0,30,28.0,0
a830c761-a335-4ad7-9181-bdb666cc49ed,2026-07-03,7,5,23.58,0,Domicilio,2,AVIACION,0,50,30.0,0
310a6715-db32-4d11-864f-70321ca6eab5,2026-07-04,7,6,13.83,1,Recoger en tienda,7,LOCAL,0,30,40.0,1
d5d45d2f-9673-4fc8-906a-48dd753878e5,2026-07-04,7,6,18.58,1,Recoger en tienda,2,LOCAL,0,30,33.0,1
91138fd1-165e-42ef-8c9d-090654655547,2026-07-04,7,6,22.75,1,Domicilio,3,TODOS POR HIDALGO,0,50,42.0,0
e7c5930c-2b6e-464c-bb32-b7a904103ad8,2026-07-05,7,7,18.75,1,Recoger,7,LOCAL,0,30,56.0,1
6131f396-87ce-4fb4-b4cb-278b848e0f4c,2026-07-05,7,7,18.92,1,Recoger en tienda,4,LOCAL,1,30,46.0,1
bfff98bc-2ebb-419b-b045-59185c3ed047,2026-07-05,7,7,19.0,1,Domicilio,5,CHACATITLA,2,50,68.0,1
ceb6cbc9-ade7-4872-ac8d-6e3ba3379ff2,2026-07-05,7,7,22.58,1,Domicilio,2,LOS CANTORES,0,50,41.0,0
5339809a-e24c-40a0-8f54-804da3dff738,2026-07-05,7,7,23.75,1,Domicilio,5,CENTRO,0,50,44.0,0
e6ae0ee1-447b-4057-97f9-465fdad131a3,2026-07-06,7,1,22.92,0,Domicilio,4,AVIACION,0,50,41.0,0
bd8b403f-ce16-43ce-928e-6ad05e7739f9,2026-07-07,7,2,14.0,0,Mostrador,2,LOCAL,0,30,20.0,0
71cdd129-e478-445a-9e2f-c078253b37fe,2026-07-07,7,2,14.42,0,Recoger en tienda,1,LOCAL,1,30,21.0,0
2c135bc0-c8d4-47e3-9242-6c0ff69089f8,2026-07-08,7,3,23.75,0,Domicilio,1,ROJO GOMEZ,0,50,33.0,0
460fb4ad-ba4e-4bfd-97f4-b0622a19d1cb,2026-07-09,7,4,14.17,0,Domicilio,3,TODOS POR HIDALGO,0,50,48.0,0
c29851f5-bbb6-42d8-b242-b140a90dd75a,2026-07-09,7,4,15.08,0,Recoger,2,LOCAL,0,30,21.0,0
99237835-5ac7-4c54-b17a-e854b1cacb7a,2026-07-09,7,4,15.83,0,Domicilio,1,PARQUE DE POBLAMIENTO,0,50,37.0,0
f3b45f4e-ee0a-443a-9d64-c3e28c6f9940,2026-07-09,7,4,18.75,0,Recoger en tienda,2,LOCAL,0,30,27.0,0
91f60d30-e3b2-4b77-95d7-ef4752e91516,2026-07-09,7,4,21.08,0,Recoger en tienda,1,LOCAL,0,30,25.0,0
e16a03b0-55b2-40bb-86e4-6722d7f6476a,2026-07-09,7,4,21.58,0,Recoger,2,LOCAL,1,30,31.0,1
d98bb706-7a6a-4381-9ec6-408b4cbfdc3a,2026-07-10,7,5,15.08,0,Recoger,3,LOCAL,0,30,15.0,0
48dbaca4-c69e-488a-9c38-db81268d8221,2026-07-10,7,5,17.08,0,Recoger,3,LOCAL,0,30,21.0,0
6cba3aec-eef2-4d9b-bddb-a111dc14b8f3,2026-07-10,7,5,21.08,0,Mostrador,2,LOCAL,0,30,21.0,0
74be33d1-d645-4f84-be1f-0499434b8c0a,2026-07-11,7,6,20.33,1,Mostrador,1,LOCAL,0,30,23.0,0
f94074b9-7319-40a0-bf70-e6503c5a4fe7,2026-07-11,7,6,20.5,1,Recoger,3,LOCAL,1,30,38.0,1
ae254f48-6ade-4d79-9ea5-f0ee05b59a5d,2026-07-11,7,6,20.83,1,Domicilio,5,COLALAMBRE,2,50,73.0,1
d893f4c1-5fcf-4b54-9174-072530a7fb3b,2026-07-12,7,7,17.08,1,Recoger en tienda,6,LOCAL,0,30,43.0,1
c956d84e-4b9b-4969-a1b4-f92054856777,2026-07-12,7,7,18.67,1,Mostrador,4,LOCAL,0,30,34.0,1
65fd096f-f06e-49a7-ba6a-e8f22a50a30a,2026-07-12,7,7,20.92,1,Recoger en tienda,8,LOCAL,0,30,57.0,1
d7cb5646-d712-4d0a-9d7d-bcc46a131c5c,2026-07-12,7,7,21.0,1,Domicilio,8,ROJO GOMEZ,1,50,77.0,1
f0386d9e-af1c-4c71-b9ce-1672a25ea049,2026-07-12,7,7,21.67,1,Recoger en tienda,6,LOCAL,0,30,47.0,1
ab7d16de-59a8-4ce5-a559-09ac23f05eec,2026-07-13,7,1,19.42,0,Recoger,1,LOCAL,0,30,23.0,0
8466414b-b0d8-4415-87d8-cb170bf9236f,2026-07-14,7,2,21.42,0,Domicilio,2,LOS CANTORES,0,50,41.0,0
fd4deeaf-e648-40d6-9f00-c992b2b74c1a,2026-07-14,7,2,21.83,0,Recoger,4,LOCAL,1,30,45.0,1
ef56fc85-61f7-4d78-8a08-1af6d39ffce3,2026-07-15,7,3,18.08,0,Recoger en tienda,5,LOCAL,0,30,42.0,1
495a3189-fd4f-4e03-9c4d-22089028b69d,2026-07-15,7,3,21.0,0,Domicilio,1,CHACATITLA,0,50,33.0,0
c6316686-8fce-4de0-ac30-a76c74a2a594,2026-07-16,7,4,18.67,0,Recoger,2,LOCAL,0,30,34.0,1
d69ff743-db47-4a1a-a655-72d1681d530f,2026-07-16,7,4,19.0,0,Domicilio,1,ROJO GOMEZ,1,50,43.0,0
274dae65-e354-4bad-b1c5-1c8f2df250b7,2026-07-16,7,4,21.08,0,Recoger en tienda,3,LOCAL,0,30,30.0,0
c2c79a16-3f6b-4780-8e32-effa787ef12c,2026-07-16,7,4,23.08,0,Domicilio,1,CENTRO,0,50,22.0,0
a1773c12-923a-4ba8-8a7c-83ad240a7a71,2026-07-17,7,5,14.25,0,Recoger,6,LOCAL,0,30,41.0,1
cc34803d-5c1c-499c-9f9a-ce716dffa4be,2026-07-17,7,5,20.0,0,Recoger,3,LOCAL,0,30,31.0,1
7e6fda07-53fb-47e5-a25b-7a4ba915eb36,2026-07-17,7,5,21.08,0,Domicilio,2,COLALAMBRE,0,50,40.0,0
77682dbc-eadd-42de-af56-a43908a3f005,2026-07-18,7,6,17.75,1,Recoger,2,LOCAL,0,30,35.0,1
b1b9ea2c-22ba-4760-b87b-3e3ecbb43429,2026-07-18,7,6,22.08,1,Recoger en tienda,1,LOCAL,0,30,19.0,0
9d4371c4-08c4-4fb9-90fa-2139cd47a037,2026-07-18,7,6,22.75,1,Domicilio,5,CENTRO,0,50,39.0,0
2363572d-81ec-4501-980e-dcb60e9665a1,2026-07-19,7,7,16.42,1,Domicilio,2,TRES CRUCES,0,50,47.0,0
7c6ca26a-16a0-45d3-b368-1b3ec6a5b765,2026-07-19,7,7,18.0,1,Domicilio,2,TODOS POR HIDALGO,0,50,52.0,1
ae74fef7-539b-4d09-951f-e6c924cfdd45,2026-07-19,7,7,18.25,1,Mostrador,3,LOCAL,1,30,38.0,1
87ebf708-5965-4bde-9e76-ce0eb6d48b3d,2026-07-19,7,7,18.5,1,Recoger en tienda,3,LOCAL,2,30,46.0,1
27d582c6-3300-4483-b388-e889ab152eea,2026-07-19,7,7,18.58,1,Domicilio,3,TRES CRUCES,2,50,63.0,1
0257be4c-6b47-45cc-947b-f29ba551b11c,2026-07-19,7,7,18.92,1,Domicilio,2,TODOS POR HIDALGO,2,50,55.0,1
7050a80f-b4eb-4cf7-82dd-30770b2c3d52,2026-07-19,7,7,19.17,1,Recoger en tienda,3,LOCAL,1,30,40.0,1
61d7d339-9953-4db0-948c-77ca0c678442,2026-07-19,7,7,19.42,1,Recoger en tienda,4,LOCAL,2,30,39.0,1
736b0b72-a60c-4881-8d95-ed2811e477ed,2026-07-20,7,1,14.08,0,Recoger,2,LOCAL,0,30,25.0,0
0edba561-1779-4709-b8f2-8b7dd0bb5aa5,2026-07-20,7,1,21.58,0,Mostrador,4,LOCAL,0,30,40.0,1
02624ed4-476b-49df-9e53-b5b732b0dc5a,2026-07-21,7,2,18.25,0,Recoger en tienda,5,LOCAL,0,30,40.0,1
27b23913-78c8-49e0-9302-976299535ebc,2026-07-22,7,3,14.83,0,Mostrador,2,LOCAL,0,30,23.0,0
654f2846-6c3a-498b-aa47-3114aa754750,2026-07-22,7,3,18.83,0,Domicilio,1,LA LOMITA,0,50,31.0,0
a315ae25-87b8-4562-9d06-191b3bbb6881,2026-07-22,7,3,18.83,0,Domicilio,8,PARQUE DE POBLAMIENTO,1,50,76.0,1
ca85e6d8-6d90-40d5-a04f-61e01832edcb,2026-07-22,7,3,19.83,0,Domicilio,1,TRES CRUCES,0,50,37.0,0
ffc8d129-dbae-4a50-9e09-fe5f857cbec7,2026-07-23,7,4,13.92,0,Mostrador,2,LOCAL,0,30,26.0,0
2a2d31f6-84bb-4e8d-8155-3120a542db4e,2026-07-23,7,4,14.58,0,Recoger en tienda,3,LOCAL,0,30,24.0,0
d37d440c-e8d1-4979-a988-2bbbe5058096,2026-07-23,7,4,16.0,0,Domicilio,1,LA LOMITA,0,50,29.0,0
b54aafb1-26f9-4cd8-96c5-aa247a875db0,2026-07-23,7,4,16.58,0,Domicilio,3,TRES CRUCES,0,50,45.0,0
4e719200-97bb-42f9-a497-d968bc10bc7d,2026-07-24,7,5,15.25,0,Mostrador,3,LOCAL,0,30,24.0,0
d62fcedb-f090-4735-aae5-8734c30de3a4,2026-07-24,7,5,18.75,0,Recoger,4,LOCAL,0,30,40.0,1
a83643d7-22a7-440e-a812-bdb3749d09b5,2026-07-25,7,6,19.83,1,Mostrador,3,LOCAL,0,30,37.0,1
5b869d88-1207-4396-ac8a-d648a97ea9d1,2026-07-25,7,6,20.67,1,Domicilio,3,AVIACION,0,50,52.0,1
06e89b87-b0fd-4ef3-b2df-34fd4066f55c,2026-07-25,7,6,21.0,1,Domicilio,2,COLALAMBRE,1,50,49.0,0
429e8304-84bd-4edc-b55d-9542b3d8b88a,2026-07-26,7,7,18.17,1,Domicilio,3,TRES CRUCES,0,50,49.0,0
1dbb0e95-7c68-4298-868f-0b3c44b6938e,2026-07-26,7,7,20.67,1,Domicilio,5,AVIACION,0,50,54.0,1
0b3d2a22-c1c8-4018-a402-d4b53217673d,2026-07-26,7,7,22.08,1,Domicilio,4,COLALAMBRE,0,50,51.0,1
7ba2d262-fa9d-4bda-bf90-1290b4e82c0f,2026-07-27,7,1,18.58,0,Domicilio,3,TRES CRUCES,0,50,44.0,0
1cacfef6-37a4-4ac8-9326-a735d7e98511,2026-07-27,7,1,20.17,0,Domicilio,1,TODOS POR HIDALGO,0,50,45.0,0
c96c2359-391a-484f-b72c-395c9a02f0f0,2026-07-28,7,2,14.33,0,Domicilio,2,COLALAMBRE,0,50,30.0,0
6de2de36-afb9-4133-9602-5c2cddd484af,2026-07-28,7,2,18.0,0,Domicilio,2,TODOS POR HIDALGO,0,50,50.0,0
3b58d3a1-45bd-4a10-880e-04bddf066ea0,2026-07-28,7,2,18.5,0,Domicilio,3,AVIACIÓN CIVIL,1,50,50.0,0
5bfbfd98-1c3a-421a-8c28-182333d25a4b,2026-07-28,7,2,20.33,0,Mostrador,3,LOCAL,0,30,33.0,1
20d053cd-a3c7-4239-b80f-61f188f83391,2026-07-28,7,2,20.83,0,Mostrador,5,LOCAL,1,30,37.0,1
7396f1ab-41d6-4c1f-a658-a29a2b5aae0b,2026-07-28,7,2,22.92,0,Recoger en tienda,2,LOCAL,0,30,19.0,0
ce222dc5-5645-4f48-9129-f285b3736077,2026-07-29,7,3,17.67,0,Domicilio,1,AVIACION,0,50,29.0,0
de64dcec-da2e-43cb-88e8-23ae5f7e0fa9,2026-07-29,7,3,20.58,0,Mostrador,3,LOCAL,0,30,35.0,1
24bdabfe-324d-4130-810c-ca78d47db33d,2026-07-29,7,3,20.83,0,Domicilio,4,ROJO GOMEZ,1,50,55.0,1
e6b5fc98-00ab-4d41-beea-d1ea53284135,2026-07-29,7,3,21.92,0,Recoger en tienda,5,LOCAL,0,30,37.0,1
d4ef7fd8-2750-4421-95ae-bcd75f6a0530,2026-07-29,7,3,22.0,0,Mostrador,3,LOCAL,1,30,32.0,1
