pedido_id,fecha_pedido,mes_num,dia_semana_num,hora_decimal,es_fin_semana,tipo_pedido,cantidad_items,zona_entrega,carga_trabajo,tiempo_prometido_min,tiempo_total_min,entrega_tarde,dia_semana,mes,hora_pedido
929d4977-d667-4aef-bc32-bdb2af182d0d,2023-10-27,10,5,2.37,0,Domicilio,10,LA LOMITA,0,50,70.00,1,Friday,October,02:22
af65d6c9-9110-410e-9cbf-cfcdac296869,2023-10-28,10,6,2.48,1,Recoger,10,LOCAL,0,30,22.00,0,Saturday,October,02:29
a73bb4a7-591f-45b2-81b9-39dce7478883,2023-10-29,10,7,2.15,1,Domicilio,19,LA LOMITA,0,50,67.00,1,Sunday,October,02:09
c5a790c3-343e-4233-b989-244cb1aa34b2,2023-10-29,10,7,19.17,1,Recoger en tienda,14,LOCAL,0,30,20.00,0,Sunday,October,19:10
667ee517-708c-4d8a-9a6d-d71b2431afc1,2023-10-30,10,1,20.95,0,Recoger en tienda,9,LOCAL,0,30,38.00,1,Monday,October,20:57
d010bfc2-8f9e-4f90-b79e-503a01f59f65,2023-10-31,10,2,21.45,0,Mostrador,8,LOCAL,0,30,46.00,1,Tuesday,October,21:27
327ae17c-0c08-4a06-ab92-036beff6da34,2023-11-02,11,4,1.05,0,Domicilio,8,COLALAMBRE,0,50,36.00,0,Thursday,November,01:03
6cab667a-633b-427a-96d6-b6bb31db31d1,2023-11-02,11,4,18.72,0,Domicilio,9,CHACATITLA,0,50,41.00,0,Thursday,November,18:43
5ad142dd-6b44-40ef-81ca-0dccb92643a2,2023-11-04,11,6,0.13,1,Domicilio,17,TRES CRUCES,0,50,38.00,0,Saturday,November,00:08
c63c5e23-c1d4-4574-a819-8c97b84d8cb5,2023-11-05,11,7,1.65,1,Mostrador,20,LOCAL,0,30,20.00,0,Sunday,November,01:39
bfb887a4-28c1-419b-9c32-9cb7f10a7d0c,2023-11-06,11,1,3.48,0,Recoger en tienda,14,LOCAL,0,30,20.00,0,Monday,November,03:29
ac99b44c-1dff-4cee-b2be-c3afc1d657fe,2023-11-07,11,2,1.25,0,Domicilio,8,PARQUE DE POBLAMIENTO,0,50,35.00,0,Tuesday,November,01:15
75cbe684-8f8a-42f4-afc5-8a289eabb7d1,2023-11-08,11,3,3.40,0,Domicilio,9,CENTRO,0,50,35.00,0,Wednesday,November,03:24
38b1fa8b-de7a-4fa5-941f-abcb665bf7cc,2023-11-09,11,4,2.50,0,Mostrador,13,LOCAL,0,30,20.00,0,Thursday,November,02:30
866276c1-3963-420d-8d4b-1577d0b111e3,2023-11-09,11,4,18.57,0,Recoger en tienda,13,LOCAL,0,30,21.00,0,Thursday,November,18:34
0e8ebbb6-c292-4e3b-9afa-88b24b2dd994,2023-11-11,11,6,3.63,1,Domicilio,15,ROJO GOMEZ,0,50,70.00,1,Saturday,November,03:38
0de43084-5a12-42da-a734-48702c2ab76e,2023-11-12,11,7,2.57,1,Recoger,14,LOCAL,0,30,57.00,1,Sunday,November,02:34
688b34da-8e28-4688-8cf8-105aba5b2ba4,2023-11-13,11,1,4.52,0,Recoger en tienda,13,LOCAL,0,30,20.00,0,Monday,November,04:31
6fb95a3e-ec69-4959-943b-528245af1b02,2023-11-14,11,2,1.00,0,Recoger,7,LOCAL,0,30,22.00,0,Tuesday,November,01:00
0134b424-e128-485b-9f93-57cd42abba8f,2023-11-15,11,3,0.35,0,Recoger en tienda,7,LOCAL,0,30,21.00,0,Wednesday,November,00:21
fc3cb147-4c40-48e3-97c1-7b2d2870aa8b,2023-11-16,11,4,1.25,0,Domicilio,11,CENTRO,0,50,68.00,1,Thursday,November,01:15
1ea94984-66f2-4143-8075-a6c774f457e9,2023-11-17,11,5,4.47,0,Mostrador,7,LOCAL,0,30,50.00,1,Friday,November,04:28
9e5d6601-2757-4cfd-8a83-1747c4613e1b,2023-11-18,11,6,1.92,1,Recoger en tienda,11,LOCAL,0,30,57.00,1,Saturday,November,01:55
1f5bdde4-7477-41c6-9d03-73bd2e98c062,2023-11-19,11,7,0.00,1,Domicilio,15,COLALAMBRE,0,50,37.00,0,Sunday,November,00:00
10f18c40-c037-43f7-8c93-6417d8395391,2023-11-20,11,1,3.00,0,Recoger,11,LOCAL,0,30,20.00,0,Monday,November,03:00
a1c73b31-3410-474d-9ec8-c0ad43052be4,2023-11-21,11,2,3.92,0,Domicilio,9,TRES CRUCES,0,50,35.00,0,Tuesday,November,03:55
fcfaa9f9-6e2b-49a3-91b2-cdac0e6338eb,2023-11-21,11,2,19.75,0,Domicilio,11,LA LOMITA,0,50,45.00,0,Tuesday,November,19:45
6f5b2eb9-25a7-4a49-892d-633562135c3d,2023-11-22,11,3,21.55,0,Domicilio,14,CENTRO,0,50,40.00,0,Wednesday,November,21:33
2382f591-bc9f-46a3-86e8-c65cdc3c9710,2023-11-23,11,4,21.15,0,Domicilio,11,ROJO GOMEZ,0,50,45.00,0,Thursday,November,21:09
82811b49-7669-41f9-8081-51dfc1de0415,2023-11-24,11,5,19.08,0,Domicilio,17,LA LOMITA,0,50,42.00,0,Friday,November,19:05
47dade8f-078d-4792-a8f7-09255617c487,2023-11-26,11,7,0.90,1,Recoger en tienda,19,LOCAL,0,30,20.00,0,Sunday,November,00:54
bb45a295-8db8-4c60-868e-d71bccce0d3f,2023-11-27,11,1,1.35,0,Domicilio,16,TRES CRUCES,0,50,35.00,0,Monday,November,01:21
f392f30c-2c11-458c-bdb4-703c0055fd4b,2023-11-28,11,2,2.88,0,Domicilio,6,CENTRO,0,50,40.00,0,Tuesday,November,02:53
a8b867a3-286f-4589-99af-7b7bdc2a9107,2023-11-29,11,3,1.03,0,Mostrador,11,LOCAL,0,30,51.00,1,Wednesday,November,01:02
d2d3f679-5524-4daa-a32e-f19b6e4f3874,2023-11-30,11,4,1.65,0,Mostrador,9,LOCAL,0,30,25.00,0,Thursday,November,01:39
de05840f-e0b4-4fca-bc8c-df1b5ebeb693,2023-12-01,12,5,3.12,0,Domicilio,10,TRES CRUCES,0,50,41.00,0,Friday,December,03:07
a8cc89c5-d191-45d3-a2ca-bd01d968a8c3,2023-12-02,12,6,3.63,1,Recoger en tienda,19,LOCAL,0,30,56.00,1,Saturday,December,03:38
ea622b77-7906-44c1-9112-616e751cb3ae,2023-12-03,12,7,0.87,1,Recoger,16,LOCAL,0,30,20.00,0,Sunday,December,00:52
36905655-6124-452e-a0e3-ef6545474fbe,2023-12-03,12,7,18.52,1,Recoger,21,LOCAL,0,30,54.00,1,Sunday,December,18:31
252645bf-efe1-439a-841d-9a2843a880ad,2023-12-04,12,1,20.22,0,Recoger,11,LOCAL,0,30,20.00,0,Monday,December,20:13
5db0fd23-b934-4bcd-b50c-faea54920141,2023-12-06,12,3,4.05,0,Recoger,11,LOCAL,0,30,43.00,1,Wednesday,December,04:03
d2ae0238-e235-4978-90fc-4c1d60b7b12c,2023-12-07,12,4,2.92,0,Mostrador,12,LOCAL,0,30,35.00,1,Thursday,December,02:55
914d55fc-1460-4e41-9e8f-0c00f120f76e,2023-12-08,12,5,3.28,0,Recoger,16,LOCAL,0,30,41.00,1,Friday,December,03:17
b3d2a64c-6543-40c2-9da2-8edb9456a044,2023-12-09,12,6,4.23,1,Domicilio,14,LA LOMITA,0,50,78.00,1,Saturday,December,04:14
5e18bffd-0f71-4063-b666-f7161c5bb50b,2023-12-09,12,6,19.77,1,Domicilio,20,LA LOMITA,0,50,67.00,1,Saturday,December,19:46
567007f9-9e03-4f68-b91c-0ffa30087f2b,2023-12-11,12,1,0.63,0,Domicilio,15,ROJO GOMEZ,0,50,41.00,0,Monday,December,00:38
dcedc344-b60c-47cf-b83a-fe6a6ef89faa,2023-12-11,12,1,18.27,0,Recoger en tienda,10,LOCAL,0,30,49.00,1,Monday,December,18:16
cbc595e6-60b1-4bdc-9e2b-9b42a828883a,2023-12-13,12,3,4.55,0,Recoger,13,LOCAL,0,30,55.00,1,Wednesday,December,04:33
4f175342-6800-4e54-ab81-1130f16cbb53,2023-12-13,12,3,20.20,0,Recoger,17,LOCAL,0,30,51.00,1,Wednesday,December,20:12
a95d011e-24a3-4dae-a6fc-130e44a62944,2023-12-14,12,4,19.43,0,Recoger en tienda,15,LOCAL,0,30,49.00,1,Thursday,December,19:26
6ea893e9-28f5-4996-bea1-1b0189cd3047,2023-12-16,12,6,4.03,1,Mostrador,15,LOCAL,0,30,21.00,0,Saturday,December,04:02
4b4ab0ae-047f-4500-b1cb-9ba4d387c11b,2023-12-16,12,6,22.63,1,Recoger,17,LOCAL,0,30,20.00,0,Saturday,December,22:38
b86cf15e-d893-4c84-8c35-1cfdbdb8be6a,2023-12-17,12,7,18.48,1,Domicilio,14,LA LOMITA,0,50,79.00,1,Sunday,December,18:29
814340a7-cc3f-43a0-933c-540bbe2e77eb,2023-12-18,12,1,19.70,0,Domicilio,11,LA LOMITA,0,50,71.00,1,Monday,December,19:42
1a3db81c-5f90-45ac-8936-80827210bda6,2023-12-20,12,3,4.82,0,Mostrador,13,LOCAL,0,30,22.00,0,Wednesday,December,04:49
d3d2b6ec-1895-4395-8876-c23044bb39fc,2023-12-20,12,3,19.88,0,Recoger,14,LOCAL,0,30,20.00,0,Wednesday,December,19:53
f73fdf98-626e-43c0-b50d-33f09d85fc7d,2023-12-22,12,5,0.55,0,Recoger,15,LOCAL,0,30,25.00,0,Friday,December,00:33
b27f837b-6660-4cb3-adb5-c5e7b7e24a1a,2023-12-23,12,6,2.88,1,Recoger en tienda,19,LOCAL,0,30,20.00,0,Saturday,December,02:53
ab100268-f8a6-4afb-9d96-8d4c5b02b2c7,2023-12-24,12,7,0.72,1,Mostrador,22,LOCAL,0,30,22.00,0,Sunday,December,00:43
94da6035-632c-4c8b-8ee4-8b3576ad24fb,2023-12-25,12,1,1.20,0,Domicilio,15,ROJO GOMEZ,0,50,66.00,1,Monday,December,01:12
75bf396e-8b61-4285-baa0-b5bb31d11257,2023-12-26,12,2,3.53,0,Domicilio,11,AVIACION,0,50,79.00,1,Tuesday,December,03:32
0d9be00d-4b4d-463f-8285-c5de141f0bf8,2023-12-26,12,2,22.55,0,Recoger,12,LOCAL,0,30,20.00,0,Tuesday,December,22:33
64599e9d-4f18-443c-93b1-47c97c2e0c2a,2023-12-27,12,3,22.45,0,Mostrador,14,LOCAL,0,30,20.00,0,Wednesday,December,22:27
1c58174c-c1b5-4b45-bd96-0a4ae3c08b3a,2023-12-29,12,5,0.38,0,Domicilio,12,TRES CRUCES,0,50,58.00,1,Friday,December,00:23
3b2c376f-9d9b-42c4-ae9e-be6fd89ef6fe,2023-12-29,12,5,21.88,0,Recoger en tienda,18,LOCAL,0,30,20.00,0,Friday,December,21:53
9f44589f-4348-4051-a51f-bd1633ada94b,2023-12-30,12,6,21.88,1,Mostrador,24,LOCAL,0,30,22.00,0,Saturday,December,21:53
9e9d3ed8-c06d-4741-baa1-dafa3bbf55f3,2024-01-01,1,1,4.83,0,Mostrador,18,LOCAL,0,30,49.00,1,Monday,January,04:50
b5572cb2-6f88-40c8-abd5-1e07f83f71da,2024-01-02,1,2,2.45,0,Domicilio,5,PARQUE DE POBLAMIENTO,0,50,45.00,0,Tuesday,January,02:27
0ac71c19-c55e-45a3-a2b8-2ad389854de1,2024-01-03,1,3,4.03,0,Domicilio,10,AVIACION,0,50,64.00,1,Wednesday,January,04:02
b1d48c81-373f-4011-9e66-5a2c36af71de,2024-01-04,1,4,3.67,0,Domicilio,13,PARQUE DE POBLAMIENTO,0,50,65.00,1,Thursday,January,03:40
10901f7b-ef83-4243-b9ba-17c787e10ab4,2024-01-05,1,5,1.07,0,Domicilio,10,COLALAMBRE,0,50,71.00,1,Friday,January,01:04
bb326311-1583-44b0-bd28-819a7407439c,2024-01-06,1,6,0.68,1,Recoger,13,LOCAL,0,30,21.00,0,Saturday,January,00:41
aa39f78f-e561-4e75-91b1-ac58aac5de2c,2024-01-06,1,6,18.75,1,Mostrador,14,LOCAL,0,30,52.00,1,Saturday,January,18:45
f49c9c82-9634-433c-833c-3cdc24e23101,2024-01-08,1,1,0.67,0,Domicilio,10,COLALAMBRE,0,50,40.00,0,Monday,January,00:40
fd69ac7e-1f44-49a7-95c2-763383fd5be9,2024-01-08,1,1,18.83,0,Mostrador,8,LOCAL,0,30,43.00,1,Monday,January,18:50
475eb4b5-89a7-4366-8197-7aea959bd9c6,2024-01-10,1,3,3.48,0,Domicilio,7,LA LOMITA,0,50,57.00,1,Wednesday,January,03:29
2141932e-7ff7-4444-b8f1-98f6a26fc329,2024-01-11,1,4,4.58,0,Recoger,10,LOCAL,0,30,57.00,1,Thursday,January,04:35
c8a1f331-e782-4203-b518-5c541c222961,2024-01-12,1,5,4.20,0,Domicilio,7,CHACATITLA,0,50,39.00,0,Friday,January,04:12
076a1a5d-8067-43b8-acd4-356ad4d63dee,2024-01-12,1,5,20.52,0,Recoger en tienda,12,LOCAL,0,30,20.00,0,Friday,January,20:31
6fa239ae-3d19-4cdd-b6ea-6f89abb8497f,2024-01-14,1,7,4.52,1,Mostrador,13,LOCAL,0,30,40.00,1,Sunday,January,04:31
b52a0b09-fdab-45b3-b525-3a21a7c21f95,2024-01-14,1,7,20.18,1,Domicilio,12,AVIACION,0,50,37.00,0,Sunday,January,20:11
0ba9262e-098d-401b-a085-e4c952803927,2024-01-16,1,2,4.45,0,Domicilio,8,PARQUE DE POBLAMIENTO,0,50,59.00,1,Tuesday,January,04:27
b1f91843-7e69-4ee5-9433-26139c2c7ddc,2024-01-17,1,3,4.30,0,Recoger en tienda,8,LOCAL,0,30,41.00,1,Wednesday,January,04:18
729620ab-6713-4100-8864-5f3889f006d5,2024-01-18,1,4,2.32,0,Recoger,10,LOCAL,0,30,20.00,0,Thursday,January,02:19
8e8778f2-36b9-4b3f-ab04-2dfa747e6aa8,2024-01-19,1,5,1.07,0,Mostrador,8,LOCAL,0,30,20.00,0,Friday,January,01:04
a0a8d1d0-f0bb-44b5-b6a5-646786139089,2024-01-20,1,6,2.98,1,Recoger,14,LOCAL,0,30,39.00,1,Saturday,January,02:59
2254cb9d-a78f-43fc-ba9f-3bf43500d3db,2024-01-20,1,6,18.22,1,Recoger,18,LOCAL,0,30,23.00,0,Saturday,January,18:13
717a83bd-6b35-4ece-8144-79e5c4e1e67c,2024-01-22,1,1,0.58,0,Mostrador,10,LOCAL,0,30,20.00,0,Monday,January,00:35
d23851d7-e95b-46a1-849a-e28081720382,2024-01-22,1,1,22.15,0,Mostrador,7,LOCAL,0,30,41.00,1,Monday,January,22:09
00c59477-78b3-4639-b307-a9c0925b461a,2024-01-24,1,3,1.00,0,Recoger,6,LOCAL,0,30,20.00,0,Wednesday,January,01:00
bff3600c-039a-4c50-9fc5-243d85ab255d,2024-01-25,1,4,4.87,0,Recoger en tienda,8,LOCAL,0,30,57.00,1,Thursday,January,04:52
0b529b83-034d-4aae-a1ed-d26fd2b50c8d,2024-01-26,1,5,3.05,0,Recoger en tienda,11,LOCAL,0,30,20.00,0,Friday,January,03:03
5981ba30-167d-4709-b150-23f29a2cdf74,2024-01-26,1,5,18.32,0,Domicilio,15,AVIACION,0,50,69.00,1,Friday,January,18:19
f60285e1-7f8b-46e8-8e9b-7ae5a18fc853,2024-01-28,1,7,0.18,1,Domicilio,18,TRES CRUCES,0,50,75.00,1,Sunday,January,00:11
a38bd08e-a24b-4248-8091-4ffce8ee656a,2024-01-29,1,1,2.77,0,Domicilio,10,AVIACION,0,50,37.00,0,Monday,January,02:46
2f045d68-2a13-41b9-9a19-c11e124b6af1,2024-01-30,1,2,4.05,0,Mostrador,6,LOCAL,0,30,20.00,0,Tuesday,January,04:03
5829fb79-11c9-4453-afe4-bb04cb59c930,2024-01-31,1,3,1.50,0,Recoger,8,LOCAL,0,30,44.00,1,Wednesday,January,01:30
48ce627a-2234-4408-b4c6-bea48eb7b176,2024-02-01,2,4,3.15,0,Recoger,9,LOCAL,0,30,20.00,0,Thursday,February,03:09
4c2730c2-fd06-4dbc-b4c5-924197504dfe,2024-02-02,2,5,3.42,0,Recoger,10,LOCAL,0,30,49.00,1,Friday,February,03:25
f047cb3a-2c66-4821-913f-555295c92bc9,2024-02-03,2,6,1.17,1,Domicilio,13,PARQUE DE POBLAMIENTO,0,50,38.00,0,Saturday,February,01:10
12ea37fa-e401-44a0-8da7-fce32ff8de1a,2024-02-03,2,6,21.18,1,Recoger,12,LOCAL,0,30,37.00,1,Saturday,February,21:11
acc0ad32-ca71-44ad-93e3-8b44d6ac6107,2024-02-05,2,1,1.35,0,Recoger,13,LOCAL,0,30,20.00,0,Monday,February,01:21
b6692a72-1294-47b4-84c2-4cb1bc02b87a,2024-02-06,2,2,2.77,0,Recoger en tienda,4,LOCAL,0,30,20.00,0,Tuesday,February,02:46
4853b6aa-ac20-4a9c-8de7-253be5378636,2024-02-06,2,2,19.63,0,Recoger,9,LOCAL,0,30,23.00,0,Tuesday,February,19:38
b6cf6c55-0e12-4305-b1cb-2b01cbd82ee9,2024-02-08,2,4,4.18,0,Domicilio,13,PARQUE DE POBLAMIENTO,0,50,44.00,0,Thursday,February,04:11
ca6c2f3d-57b9-42e8-8e80-9f3dab7bfcef,2024-02-09,2,5,2.52,0,Recoger,11,LOCAL,0,30,41.00,1,Friday,February,02:31
e2d8256f-f259-47eb-8cef-eee2b6c1bf26,2024-02-10,2,6,0.57,1,Domicilio,13,COLALAMBRE,0,50,39.00,0,Saturday,February,00:34
ed87f027-bbaf-41ea-90e0-571e7a66535b,2024-02-11,2,7,2.30,1,Recoger en tienda,20,LOCAL,0,30,20.00,0,Sunday,February,02:18
92f52fa0-459c-4c11-ad59-554cb5f4e5d6,2024-02-11,2,7,21.52,1,Recoger en tienda,15,LOCAL,0,30,20.00,0,Sunday,February,21:31
ca71d938-059d-4130-996f-6fbd4b8eeffe,2024-02-13,2,2,2.25,0,Domicilio,7,AVIACION,0,50,75.00,1,Tuesday,February,02:15
e3ef8895-f17c-4555-a829-a157d3c8fe6a,2024-02-14,2,3,0.25,0,Domicilio,10,TRES CRUCES,0,50,58.00,1,Wednesday,February,00:15
255f68dc-3d46-4e98-9764-4705a9103efd,2024-02-15,2,4,0.52,0,Domicilio,7,PARQUE DE POBLAMIENTO,0,50,44.00,0,Thursday,February,00:31
a3343c84-8b25-4b75-8813-b900f8f8d4ae,2024-02-16,2,5,4.90,0,Recoger,7,LOCAL,0,30,20.00,0,Friday,February,04:54
7d6c1293-ac35-4743-b94b-db92811cdca7,2024-02-17,2,6,4.68,1,Mostrador,11,LOCAL,0,30,23.00,0,Saturday,February,04:41
6b541692-2520-4f4d-9247-bede3ac8481b,2024-02-18,2,7,3.93,1,Domicilio,20,PARQUE DE POBLAMIENTO,0,50,45.00,0,Sunday,February,03:56
d393b209-7ba5-4290-ad8a-69bd5e3a4ea6,2024-02-19,2,1,1.28,0,Mostrador,18,LOCAL,0,30,23.00,0,Monday,February,01:17
fc119019-f3ca-4055-a3de-f77202c77ece,2024-02-19,2,1,21.43,0,Recoger,7,LOCAL,0,30,20.00,0,Monday,February,21:26
da6a574c-fb2e-41c9-bbf3-2820e41352d6,2024-02-20,2,2,20.37,0,Mostrador,7,LOCAL,0,30,38.00,1,Tuesday,February,20:22
d7d66176-3361-45ea-80c1-2bfbf781963c,2024-02-21,2,3,22.87,0,Domicilio,7,CHACATITLA,0,50,67.00,1,Wednesday,February,22:52
748d743c-ee82-42c5-82c4-a5bfee5c52ec,2024-02-22,2,4,19.23,0,Domicilio,11,ROJO GOMEZ,0,50,35.00,0,Thursday,February,19:14
c5c7a6f5-c9a6-42e9-96f2-002ee667e19f,2024-02-24,2,6,4.20,1,Domicilio,16,ROJO GOMEZ,0,50,42.00,0,Saturday,February,04:12
48282902-5e3c-41a3-a182-b89cbe741b5f,2024-02-25,2,7,0.27,1,Domicilio,16,AVIACION,0,50,64.00,1,Sunday,February,00:16
9420914d-21c1-4ff7-8595-55299095010f,2024-02-25,2,7,19.88,1,Mostrador,18,LOCAL,0,30,54.00,1,Sunday,February,19:53
b785c5a7-a1f3-42d8-9137-aeffe3cb614d,2024-02-27,2,2,1.88,0,Domicilio,5,TRES CRUCES,0,50,71.00,1,Tuesday,February,01:53
3f4aa190-2af9-4230-bdd2-8b36bf453f5e,2024-02-28,2,3,0.03,0,Mostrador,10,LOCAL,0,30,51.00,1,Wednesday,February,00:02
7f16877c-b324-4a96-849e-e4f1938f44a0,2024-02-28,2,3,18.33,0,Domicilio,11,LA LOMITA,0,50,80.00,1,Wednesday,February,18:20
da49d6b7-3f1d-4f63-add5-6c43e18fc0e3,2024-03-01,3,5,1.32,0,Mostrador,12,LOCAL,0,30,23.00,0,Friday,March,01:19
5c6291dc-754d-46dc-a5f5-bf3f04c13c47,2024-03-02,3,6,3.95,1,Mostrador,15,LOCAL,0,30,23.00,0,Saturday,March,03:57
372e0c95-745b-4859-80d2-140db1e62017,2024-03-03,3,7,0.17,1,Recoger,15,LOCAL,0,30,22.00,0,Sunday,March,00:10
763b5e8c-6b47-4398-a88a-0c01170a1dc0,2024-03-04,3,1,0.12,0,Recoger,14,LOCAL,0,30,20.00,0,Monday,March,00:07
8adb5bc1-0fe3-4b7e-9767-1870cf837f41,2024-03-05,3,2,3.53,0,Recoger,5,LOCAL,0,30,36.00,1,Tuesday,March,03:32
d1650832-34ac-40fd-bd03-aceb3b9f5ce5,2024-03-05,3,2,20.82,0,Domicilio,11,PARQUE DE POBLAMIENTO,0,50,71.00,1,Tuesday,March,20:49
f60196a9-4a45-4593-a256-c72c152ae7f9,2024-03-07,3,4,2.53,0,Domicilio,13,COLALAMBRE,0,50,65.00,1,Thursday,March,02:32
b2852621-daaa-4ade-851c-30dd6e4d0591,2024-03-08,3,5,3.10,0,Domicilio,9,COLALAMBRE,0,50,58.00,1,Friday,March,03:06
9bed72b9-5dbb-406d-894e-725163b99556,2024-03-09,3,6,2.65,1,Domicilio,14,CHACATITLA,0,50,43.00,0,Saturday,March,02:39
96313408-8ce6-4ba5-86cb-67e634b90f53,2024-03-10,3,7,0.48,1,Recoger en tienda,20,LOCAL,0,30,20.00,0,Sunday,March,00:29
5caa86f2-3aea-492a-b928-9a92da518884,2024-03-11,3,1,0.57,0,Domicilio,11,AVIACION,0,50,43.00,0,Monday,March,00:34
bc349e6e-d445-4c04-bf44-449ff122c57a,2024-03-11,3,1,19.48,0,Recoger en tienda,9,LOCAL,0,30,20.00,0,Monday,March,19:29
f81a0f19-0e74-45a6-8487-490b9abcecb8,2024-03-13,3,3,1.10,0,Domicilio,8,CHACATITLA,0,50,36.00,0,Wednesday,March,01:06
88d8edfa-4ffe-4edc-b844-96f4e884e5fe,2024-03-13,3,3,21.57,0,Domicilio,12,COLALAMBRE,0,50,36.00,0,Wednesday,March,21:34
ae98dbfc-a46e-4ad0-9199-c290c1de2b03,2024-03-15,3,5,3.35,0,Domicilio,11,COLALAMBRE,0,50,43.00,0,Friday,March,03:21
2a3df22c-24b7-4502-9558-620668f22b3c,2024-03-16,3,6,2.40,1,Mostrador,11,LOCAL,0,30,42.00,1,Saturday,March,02:24
9661fd85-c2cb-4413-8617-46ef5c7ba272,2024-03-17,3,7,3.58,1,Recoger en tienda,17,LOCAL,0,30,20.00,0,Sunday,March,03:35
6e8c4b24-b5f4-45c9-ac35-0a41d08a03aa,2024-03-18,3,1,3.52,0,Domicilio,19,CENTRO,0,50,64.00,1,Monday,March,03:31
ebe5f637-013e-4601-b507-23cc38bc4423,2024-03-19,3,2,1.83,0,Recoger en tienda,9,LOCAL,0,30,20.00,0,Tuesday,March,01:50
7b7bbe7b-d722-408d-8927-76aeef21eae6,2024-03-20,3,3,0.65,0,Domicilio,7,ROJO GOMEZ,0,50,38.00,0,Wednesday,March,00:39
a4660aff-752b-43e2-8b2b-e75197dd77ef,2024-03-21,3,4,1.58,0,Domicilio,12,TRES CRUCES,0,50,44.00,0,Thursday,March,01:35
bc5f9412-71be-4223-b55f-b52fb82f8500,2024-03-21,3,4,19.32,0,Mostrador,12,LOCAL,0,30,23.00,0,Thursday,March,19:19
a780f081-55cf-406a-befa-a29bd8f207db,2024-03-23,3,6,3.27,1,Mostrador,10,LOCAL,0,30,39.00,1,Saturday,March,03:16
00bc30db-5c7f-4ea0-aadf-bb822cd0efda,2024-03-23,3,6,22.17,1,Recoger,16,LOCAL,0,30,36.00,1,Saturday,March,22:10
a4ed9f56-6a4c-4ec5-aead-e4e6f20a3b64,2024-03-25,3,1,4.72,0,Domicilio,12,CENTRO,0,50,75.00,1,Monday,March,04:43
33bac2c4-78a7-429c-8876-fedc784027d4,2024-03-26,3,2,3.70,0,Domicilio,9,TRES CRUCES,0,50,43.00,0,Tuesday,March,03:42
a36087ad-9e95-4a6f-b9c3-2770b14a7620,2024-03-27,3,3,3.30,0,Recoger,7,LOCAL,0,30,35.00,1,Wednesday,March,03:18
d4a54733-8c40-4ec9-aef1-c4da401b5110,2024-03-28,3,4,4.18,0,Mostrador,9,LOCAL,0,30,25.00,0,Thursday,March,04:11
63887a07-b2da-4a56-ac7a-e4b9d1434a1b,2024-03-29,3,5,4.13,0,Domicilio,11,PARQUE DE POBLAMIENTO,0,50,58.00,1,Friday,March,04:08
e947c966-30d7-40c0-b2da-21ad8a227206,2024-03-29,3,5,18.82,0,Recoger,10,LOCAL,0,30,38.00,1,Friday,March,18:49
8ce9cb3d-33fc-4771-b388-db7f36083544,2024-03-31,3,7,2.13,1,Recoger,21,LOCAL,0,30,47.00,1,Sunday,March,02:08
9920f1e9-4026-40dc-8ef9-f7e7033ca925,2024-04-01,4,1,3.18,0,Domicilio,15,TRES CRUCES,0,50,69.00,1,Monday,April,03:11
171860fe-1d38-4928-aa87-9e9c412c2aba,2024-04-02,4,2,1.47,0,Domicilio,6,AVIACION,0,50,62.00,1,Tuesday,April,01:28
78a73e10-f3df-47ee-a458-01a485bba7c3,2024-04-03,4,3,3.87,0,Domicilio,11,CHACATITLA,0,50,58.00,1,Wednesday,April,03:52
b3b48430-f415-4a1f-8f0b-cf6905f90c52,2024-04-03,4,3,21.62,0,Mostrador,11,LOCAL,0,30,20.00,0,Wednesday,April,21:37
fe99cd4a-11f4-4bae-ad15-7b8387c515f6,2024-04-05,4,5,0.87,0,Recoger en tienda,7,LOCAL,0,30,60.00,1,Friday,April,00:52
369895ff-540a-4a8d-b558-469481a6ab44,2024-04-06,4,6,1.22,1,Domicilio,13,CHACATITLA,0,50,42.00,0,Saturday,April,01:13
84712787-4238-49d1-9e13-9902ccba5dd8,2024-04-07,4,7,3.50,1,Mostrador,18,LOCAL,0,30,23.00,0,Sunday,April,03:30
606b8baa-48fe-407d-ba2c-452488f7714f,2024-04-07,4,7,20.77,1,Domicilio,12,LA LOMITA,0,50,39.00,0,Sunday,April,20:46
128f459a-1116-4179-acc3-b101548dd83c,2024-04-08,4,1,19.53,0,Recoger en tienda,7,LOCAL,0,30,35.00,1,Monday,April,19:32
8a32eb4b-e454-4d5f-9c54-009d48b12624,2024-04-10,4,3,3.12,0,Mostrador,9,LOCAL,0,30,55.00,1,Wednesday,April,03:07
c5753f4f-8983-4e8d-a384-f6285ebf1395,2024-04-11,4,4,4.55,0,Recoger en tienda,14,LOCAL,0,30,41.00,1,Thursday,April,04:33
6bb27cbc-7077-40b0-8cc1-6cf5c97e5708,2024-04-12,4,5,1.50,0,Domicilio,11,AVIACION,0,50,36.00,0,Friday,April,01:30
767d4d81-6d70-4456-8cae-ad50b8becbde,2024-04-12,4,5,19.55,0,Domicilio,14,CHACATITLA,0,50,66.00,1,Friday,April,19:33
513f6181-3afd-46a0-ac1b-de94f9e8f7b8,2024-04-13,4,6,18.97,1,Recoger en tienda,14,LOCAL,0,30,20.00,0,Saturday,April,18:58
c8da128c-f62c-4ac6-89ed-7651eaecfaa4,2024-04-15,4,1,0.70,0,Recoger,18,LOCAL,0,30,20.00,0,Monday,April,00:42
3c66884a-cff9-41ad-af07-86a93be7ff49,2024-04-16,4,2,2.18,0,Domicilio,8,CENTRO,0,50,42.00,0,Tuesday,April,02:11
f3d9b8d6-9118-46b0-80d5-e612a35eaab5,2024-04-17,4,3,0.32,0,Recoger,6,LOCAL,0,30,23.00,0,Wednesday,April,00:19
49048a8f-2ac2-46ea-b4d5-37833d24a29a,2024-04-17,4,3,21.70,0,Recoger en tienda,9,LOCAL,0,30,44.00,1,Wednesday,April,21:42
06342abf-e195-40a7-b35e-8026399e2981,2024-04-19,4,5,2.92,0,Recoger en tienda,13,LOCAL,0,30,45.00,1,Friday,April,02:55
5ec83ff6-d77a-4584-a45a-4d7cfbf96160,2024-04-20,4,6,0.13,1,Mostrador,14,LOCAL,0,30,39.00,1,Saturday,April,00:08
869a7300-afaf-404e-83dc-062fd056fe1d,2024-04-21,4,7,3.18,1,Recoger,16,LOCAL,0,30,24.00,0,Sunday,April,03:11
9bef8b97-9109-439f-b47f-f315dad98681,2024-04-22,4,1,3.52,0,Domicilio,14,CENTRO,0,50,42.00,0,Monday,April,03:31
d849fc23-5017-4f14-954e-7b10b386d346,2024-04-23,4,2,0.17,0,Recoger,5,LOCAL,0,30,49.00,1,Tuesday,April,00:10
1c8fbcd4-dbf9-404f-a59e-df020be77866,2024-04-24,4,3,4.23,0,Domicilio,9,AVIACION,0,50,36.00,0,Wednesday,April,04:14
0d4eba66-d28e-4fdc-872f-1df853b3410b,2024-04-24,4,3,18.00,0,Recoger,11,LOCAL,0,30,20.00,0,Wednesday,April,18:00
71e134d2-7a85-460b-a160-0d31b64995ed,2024-04-26,4,5,2.55,0,Domicilio,10,CHACATITLA,0,50,74.00,1,Friday,April,02:33
df0ad0cc-06af-49c6-b814-1a591d24d5f4,2024-04-27,4,6,2.25,1,Recoger en tienda,14,LOCAL,0,30,38.00,1,Saturday,April,02:15
3e2924b2-4b51-45bd-9c10-8a12023933a0,2024-04-28,4,7,4.07,1,Domicilio,14,AVIACION,0,50,65.00,1,Sunday,April,04:04
86c65aaf-0355-407a-847b-69f6f4c646d4,2024-04-29,4,1,1.55,0,Recoger,15,LOCAL,0,30,23.00,0,Monday,April,01:33
8b35c606-868d-4489-8e0b-55eaf5535918,2024-04-29,4,1,22.65,0,Domicilio,8,TRES CRUCES,0,50,78.00,1,Monday,April,22:39
376a149d-cf02-4470-96c7-ce40baaeeda3,2024-05-01,5,3,1.13,0,Domicilio,10,LA LOMITA,0,50,38.00,0,Wednesday,May,01:08
daeeb553-e6ff-4c2f-83e1-80e518c4780c,2024-05-02,5,4,4.07,0,Recoger,12,LOCAL,0,30,25.00,0,Thursday,May,04:04
254bd873-f5b0-4aa7-badd-e2c6a7185b06,2024-05-02,5,4,20.53,0,Recoger en tienda,7,LOCAL,0,30,53.00,1,Thursday,May,20:32
ae39f4e3-c870-4ef5-b1e5-6f73df8a94d9,2024-05-04,5,6,0.95,1,Domicilio,12,LA LOMITA,0,50,43.00,0,Saturday,May,00:57
cbfd6b6b-2774-46bc-a9b0-1f66b9bfa769,2024-05-04,5,6,19.43,1,Domicilio,21,LA LOMITA,0,50,41.00,0,Saturday,May,19:26
205a3bcd-3dc3-4d03-9c27-f833c7358ccf,2024-05-05,5,7,21.00,1,Domicilio,13,LA LOMITA,0,50,61.00,1,Sunday,May,21:00
42954d20-ef16-4408-8d9a-885973a735f7,2024-05-07,5,2,0.72,0,Mostrador,5,LOCAL,0,30,20.00,0,Tuesday,May,00:43
3d66e7d1-1be1-4f6f-a166-2d75d2e4f967,2024-05-07,5,2,20.20,0,Domicilio,7,ROJO GOMEZ,0,50,39.00,0,Tuesday,May,20:12
8a49f949-b487-4ad8-a922-a3c5a72f6430,2024-05-08,5,3,18.77,0,Recoger en tienda,11,LOCAL,0,30,41.00,1,Wednesday,May,18:46
919283e7-1a2d-4d98-80a4-4ebaec5d3f7f,2024-05-10,5,5,0.40,0,Domicilio,10,CHACATITLA,0,50,40.00,0,Friday,May,00:24
f64c8332-c47c-4b7e-92eb-0f06851d38dc,2024-05-11,5,6,4.62,1,Domicilio,10,ROJO GOMEZ,0,50,38.00,0,Saturday,May,04:37
ed2ac2bd-91f5-478e-9d87-035ca185468e,2024-05-12,5,7,2.38,1,Domicilio,18,CHACATITLA,0,50,41.00,0,Sunday,May,02:23
4af37873-36a1-460b-8dab-1f2d598010d4,2024-05-13,5,1,0.23,0,Domicilio,19,PARQUE DE POBLAMIENTO,0,50,63.00,1,Monday,May,00:14
d72beb26-1416-486b-b39c-0911383eec9b,2024-05-14,5,2,2.80,0,Recoger,5,LOCAL,0,30,20.00,0,Tuesday,May,02:48
18f64c04-c937-4c6e-a664-d24c5f3c0608,2024-05-15,5,3,0.62,0,Domicilio,9,ROJO GOMEZ,0,50,59.00,1,Wednesday,May,00:37
edbf1f76-2637-48aa-9f22-19d5d5017f28,2024-05-16,5,4,0.85,0,Domicilio,9,LA LOMITA,0,50,65.00,1,Thursday,May,00:51
6367a396-11fd-463a-91af-8d989d843d61,2024-05-17,5,5,2.92,0,Recoger en tienda,11,LOCAL,0,30,23.00,0,Friday,May,02:55
f5e2b06c-98d7-493b-8334-fbf3ae45ddd4,2024-05-18,5,6,1.38,1,Domicilio,16,CENTRO,0,50,74.00,1,Saturday,May,01:23
39f2fda7-ddba-4779-943b-32a0c54ff4f1,2024-05-18,5,6,20.85,1,Recoger en tienda,18,LOCAL,0,30,36.00,1,Saturday,May,20:51
61967d15-2afb-4d4e-a8ba-02659a9b35e4,2024-05-20,5,1,4.60,0,Recoger,19,LOCAL,0,30,21.00,0,Monday,May,04:36
74785184-006f-4c65-921f-ef2be85b4e84,2024-05-21,5,2,4.78,0,Domicilio,7,LA LOMITA,0,50,80.00,1,Tuesday,May,04:47
3e1a1230-e409-4256-8d3a-a1a47752159c,2024-05-21,5,2,19.08,0,Domicilio,8,PARQUE DE POBLAMIENTO,0,50,41.00,0,Tuesday,May,19:05
5efae172-8f82-488d-affe-48d767d3e64d,2024-05-23,5,4,2.23,0,Mostrador,9,LOCAL,0,30,24.00,0,Thursday,May,02:14
45cd7744-47b1-43aa-a8f9-951c432ad958,2024-05-23,5,4,20.57,0,Recoger en tienda,11,LOCAL,0,30,20.00,0,Thursday,May,20:34
a750dc2f-2116-4557-b941-0fe1421f8b3e,2024-05-25,5,6,4.23,1,Recoger,17,LOCAL,0,30,20.00,0,Saturday,May,04:14
362c9abd-b05e-410e-9b41-8d4d3763d4f3,2024-05-26,5,7,3.17,1,Mostrador,16,LOCAL,0,30,21.00,0,Sunday,May,03:10
5ec95990-d1b8-48da-88f7-4f0742d614f4,2024-05-27,5,1,4.98,0,Recoger,14,LOCAL,0,30,20.00,0,Monday,May,04:59
4b31e19d-c9cc-4bc3-9dd4-2da4db2c1933,2024-05-27,5,1,20.27,0,Mostrador,7,LOCAL,0,30,20.00,0,Monday,May,20:16
ce5da031-d2ff-4277-ab49-6e06972f5664,2024-05-29,5,3,2.90,0,Recoger en tienda,7,LOCAL,0,30,22.00,0,Wednesday,May,02:54
6a55a139-b0fb-435d-86f7-600eddff565e,2024-05-30,5,4,1.72,0,Recoger en tienda,9,LOCAL,0,30,51.00,1,Thursday,May,01:43
99fd06ea-62c2-4c0d-a2a2-7fcc5689cf02,2024-05-30,5,4,20.78,0,Domicilio,7,CHACATITLA,0,50,38.00,0,Thursday,May,20:47
7cd0913a-c64f-4a4e-8ac9-aaa9ebda424b,2024-06-01,6,6,4.75,1,Domicilio,12,TRES CRUCES,0,50,68.00,1,Saturday,June,04:45
6a465cf0-fc27-49a2-ad84-9f9de4b1ae26,2024-06-02,6,7,0.43,1,Recoger en tienda,19,LOCAL,0,30,48.00,1,Sunday,June,00:26
d236274c-8162-4160-889d-b0bebc0eee82,2024-06-03,6,1,1.22,0,Domicilio,16,ROJO GOMEZ,0,50,76.00,1,Monday,June,01:13
db96c7e5-28b8-4edc-838e-04bd18f432a9,2024-06-04,6,2,3.22,0,Mostrador,10,LOCAL,0,30,20.00,0,Tuesday,June,03:13
86b7d197-35a5-419f-ad1e-143efe863583,2024-06-04,6,2,22.08,0,Domicilio,11,LA LOMITA,0,50,45.00,0,Tuesday,June,22:05
31b2ee25-b5bb-4826-ac8e-9c0c6eabb619,2024-06-06,6,4,3.77,0,Domicilio,11,AVIACION,0,50,62.00,1,Thursday,June,03:46
120cea87-258e-48c5-9bd8-388dbd72d4d0,2024-06-07,6,5,3.80,0,Domicilio,12,CHACATITLA,0,50,71.00,1,Friday,June,03:48
9ad48975-68db-45ca-886a-58cf82e70b24,2024-06-08,6,6,1.85,1,Mostrador,14,LOCAL,0,30,48.00,1,Saturday,June,01:51
ea1c0f89-1b29-4403-872c-dd8818286f26,2024-06-09,6,7,3.05,1,Recoger,20,LOCAL,0,30,56.00,1,Sunday,June,03:03
a0fdba80-e2b9-4db4-be2b-db85b4fef995,2024-06-09,6,7,21.23,1,Domicilio,21,LA LOMITA,0,50,79.00,1,Sunday,June,21:14
816ed2cc-0383-46a4-aee1-f77d2a53d3c2,2024-06-11,6,2,4.70,0,Mostrador,7,LOCAL,0,30,46.00,1,Tuesday,June,04:42
cea7d116-8bc9-41f6-91e8-19d68acfb9d4,2024-06-12,6,3,3.43,0,Domicilio,13,LA LOMITA,0,50,68.00,1,Wednesday,June,03:26
6ef8d31d-fa0a-4ab2-8bde-a859c097986a,2024-06-13,6,4,1.22,0,Mostrador,16,LOCAL,0,30,55.00,1,Thursday,June,01:13
2c45c387-99da-47e0-af43-aabce6cdfd07,2024-06-13,6,4,22.53,0,Recoger en tienda,9,LOCAL,0,30,25.00,0,Thursday,June,22:32
26f94f27-0884-45ac-9c81-863cc508268d,2024-06-15,6,6,4.20,1,Domicilio,14,COLALAMBRE,0,50,67.00,1,Saturday,June,04:12
1542ef34-abe1-49e4-aba5-e5ed89cf8019,2024-06-16,6,7,3.15,1,Recoger en tienda,18,LOCAL,0,30,35.00,1,Sunday,June,03:09
0b6f4cf3-ae5b-496d-89d2-c7b2ef6c951a,2024-06-17,6,1,1.47,0,Recoger,13,LOCAL,0,30,45.00,1,Monday,June,01:28
c9d305ac-f16d-4635-91de-f228cda5a4d4,2024-06-18,6,2,0.58,0,Recoger,9,LOCAL,0,30,22.00,0,Tuesday,June,00:35
0a0904d1-5348-4051-b24f-107da616ef51,2024-06-19,6,3,4.98,0,Recoger en tienda,8,LOCAL,0,30,51.00,1,Wednesday,June,04:59
df360767-4486-4425-a29a-cc6cab710321,2024-06-20,6,4,0.77,0,Recoger,14,LOCAL,0,30,20.00,0,Thursday,June,00:46
a15711fe-b017-42a7-9185-cadea0cc8219,2024-06-20,6,4,20.23,0,Domicilio,15,TRES CRUCES,0,50,79.00,1,Thursday,June,20:14
e60002f7-40a4-43fa-af48-98d9fc5cf12f,2024-06-21,6,5,22.80,0,Recoger,19,LOCAL,0,30,23.00,0,Friday,June,22:48
06f870f0-379c-4815-ab18-684635a87839,2024-06-22,6,6,20.33,1,Domicilio,17,PARQUE DE POBLAMIENTO,0,50,36.00,0,Saturday,June,20:20
4261b1bb-600e-4983-b59d-7791a3e2f3d8,2024-06-24,6,1,1.30,0,Domicilio,21,COLALAMBRE,0,50,44.00,0,Monday,June,01:18
669686a9-f391-4886-9d24-df4d144bde33,2024-06-25,6,2,4.77,0,Mostrador,9,LOCAL,0,30,25.00,0,Tuesday,June,04:46
df226163-ad63-4fdb-9b0f-1f71ecbb95bf,2024-06-25,6,2,18.77,0,Mostrador,13,LOCAL,0,30,58.00,1,Tuesday,June,18:46
90c352a3-bc5d-49b5-b223-bb190d1eca10,2024-06-26,6,3,18.45,0,Domicilio,12,CHACATITLA,0,50,35.00,0,Wednesday,June,18:27
6dc32291-d71a-4120-b8d3-1a702d1fa9d8,2024-06-28,6,5,4.27,0,Domicilio,15,ROJO GOMEZ,0,50,63.00,1,Friday,June,04:16
59ccaa74-510f-40d1-a31e-6f571dde8300,2024-06-29,6,6,0.70,1,Mostrador,13,LOCAL,0,30,20.00,0,Saturday,June,00:42
1cf37bda-b345-4fc6-84d3-ca01c8d74af5,2024-06-29,6,6,22.62,1,Domicilio,20,CHACATITLA,0,50,74.00,1,Saturday,June,22:37
fb1a9e06-8d02-4bd2-b0cc-c249bda38352,2024-07-01,7,1,2.33,0,Mostrador,16,LOCAL,0,30,24.00,0,Monday,July,02:20
08f43d94-a0b4-41ab-8ae8-889286ed4d93,2024-07-02,7,2,3.85,0,Recoger en tienda,8,LOCAL,0,30,48.00,1,Tuesday,July,03:51
da0d785f-6b6a-4cae-aaec-2f08036071ab,2024-07-03,7,3,3.28,0,Mostrador,12,LOCAL,0,30,23.00,0,Wednesday,July,03:17
91f122d2-e994-4187-90c8-4579ebdba6be,2024-07-04,7,4,2.08,0,Recoger en tienda,11,LOCAL,0,30,21.00,0,Thursday,July,02:05
41e71742-f757-4f0a-8a47-a97bbd9dfd8d,2024-07-04,7,4,22.82,0,Recoger,12,LOCAL,0,30,35.00,1,Thursday,July,22:49
ff95db65-a87d-4a67-b6f5-ba2373a1e4c9,2024-07-06,7,6,0.08,1,Recoger,13,LOCAL,0,30,20.00,0,Saturday,July,00:05
d2ab6124-1e11-4594-952a-73c6a5028ec4,2024-07-07,7,7,2.32,1,Domicilio,17,LA LOMITA,0,50,37.00,0,Sunday,July,02:19
9a700361-9146-4f04-bada-8a3f48f78284,2024-07-08,7,1,0.38,0,Recoger,18,LOCAL,0,30,20.00,0,Monday,July,00:23
f3b0969c-c191-4ab0-9f1a-fff03f0957c7,2024-07-09,7,2,4.78,0,Recoger en tienda,7,LOCAL,0,30,40.00,1,Tuesday,July,04:47
f5994e87-67e7-4821-ad8b-50e21cbca072,2024-07-10,7,3,4.38,0,Mostrador,9,LOCAL,0,30,55.00,1,Wednesday,July,04:23
7ca2c7a4-61eb-483d-82e9-c151b10e4473,2024-07-11,7,4,2.63,0,Domicilio,16,PARQUE DE POBLAMIENTO,0,50,68.00,1,Thursday,July,02:38
b14fdf8d-0ac5-41c4-b003-210eba271d97,2024-07-12,7,5,0.98,0,Domicilio,11,COLALAMBRE,0,50,37.00,0,Friday,July,00:59
d5c2b92d-3760-4f02-9905-00fb9f86343f,2024-07-13,7,6,0.70,1,Recoger en tienda,12,LOCAL,0,30,42.00,1,Saturday,July,00:42
4effb196-e2a5-4e73-a95c-e38707c62723,2024-07-14,7,7,1.45,1,Recoger en tienda,23,LOCAL,0,30,49.00,1,Sunday,July,01:27
629965b1-a565-406a-84a4-092395828b76,2024-07-15,7,1,1.52,0,Mostrador,19,LOCAL,0,30,20.00,0,Monday,July,01:31
fbd4c016-634a-4331-8d18-00777838ed0e,2024-07-16,7,2,3.60,0,Recoger en tienda,10,LOCAL,0,30,20.00,0,Tuesday,July,03:36
5ad99f3e-74fb-41aa-997e-e0b4fdbc65b3,2024-07-16,7,2,22.28,0,Recoger,10,LOCAL,0,30,20.00,0,Tuesday,July,22:17
fab57524-e8c3-4832-b22c-bd51b3c8627a,2024-07-18,7,4,3.30,0,Mostrador,10,LOCAL,0,30,43.00,1,Thursday,July,03:18
7436c35e-5cd9-4e5d-b4d8-248dadbfeacf,2024-07-19,7,5,2.98,0,Domicilio,11,AVIACION,0,50,39.00,0,Friday,July,02:59
39830485-a2f7-4910-8d0d-a7ce2e65e0db,2024-07-19,7,5,20.28,0,Domicilio,14,TRES CRUCES,0,50,70.00,1,Friday,July,20:17
234b97ca-1ac1-4b9a-b673-55fc0efa4b57,2024-07-21,7,7,4.52,1,Mostrador,15,LOCAL,0,30,20.00,0,Sunday,July,04:31
ea130b58-d381-4465-9b8b-1897a1bd4896,2024-07-21,7,7,20.18,1,Mostrador,18,LOCAL,0,30,42.00,1,Sunday,July,20:11
f53fa9e6-fd8e-4f04-9a5a-923940ec7a02,2024-07-23,7,2,2.70,0,Mostrador,7,LOCAL,0,30,24.00,0,Tuesday,July,02:42
9fc49b61-0b26-4749-af7f-5bd6bf96889b,2024-07-23,7,2,20.83,0,Recoger en tienda,11,LOCAL,0,30,23.00,0,Tuesday,July,20:50
39f48b1f-6348-42be-8cfd-bafe72d08935,2024-07-25,7,4,1.65,0,Recoger en tienda,12,LOCAL,0,30,20.00,0,Thursday,July,01:39
297b2c02-e4d4-4fe5-9247-f27f69313526,2024-07-26,7,5,1.92,0,Mostrador,11,LOCAL,0,30,20.00,0,Friday,July,01:55
904eb157-4c4c-403e-a9f5-5c95ad09c95a,2024-07-27,7,6,3.37,1,Mostrador,18,LOCAL,0,30,58.00,1,Saturday,July,03:22
28a906f9-52ec-4594-92af-672feb0d8e96,2024-07-27,7,6,20.80,1,Recoger,18,LOCAL,0,30,21.00,0,Saturday,July,20:48
776b5ac9-618b-4b3d-b5d7-f86e4e7fa0ed,2024-07-29,7,1,2.05,0,Domicilio,15,COLALAMBRE,0,50,71.00,1,Monday,July,02:03
ef82602f-e5b5-4da6-b6b7-d7eb2d4d59e2,2024-07-30,7,2,3.10,0,Domicilio,11,PARQUE DE POBLAMIENTO,0,50,45.00,0,Tuesday,July,03:06
297f00ce-c762-41e8-b383-b59f97008235,2024-07-31,7,3,1.25,0,Recoger en tienda,13,LOCAL,0,30,58.00,1,Wednesday,July,01:15
4341b7a3-ee0c-4228-b089-79f0df8cbb6a,2024-08-01,8,4,2.00,0,Recoger,16,LOCAL,0,30,45.00,1,Thursday,August,02:00
7ce3ba7d-5a56-4941-95d3-0c178bf0ef59,2024-08-02,8,5,0.42,0,Recoger en tienda,10,LOCAL,0,30,21.00,0,Friday,August,00:25
fd9d8a28-7051-4d3c-a4ef-65fa8a5ed7f3,2024-08-02,8,5,20.22,0,Recoger en tienda,11,LOCAL,0,30,20.00,0,Friday,August,20:13
f22b5a12-8f98-4061-b21b-4680fe77c520,2024-08-04,8,7,2.62,1,Mostrador,17,LOCAL,0,30,20.00,0,Sunday,August,02:37
1f9bb8c7-6437-40a5-a2ec-8f030ebc53a1,2024-08-05,8,1,1.97,0,Recoger en tienda,14,LOCAL,0,30,20.00,0,Monday,August,01:58
e7a8cec4-d78f-4411-b4d3-f44c4b7fd047,2024-08-05,8,1,18.03,0,Mostrador,9,LOCAL,0,30,23.00,0,Monday,August,18:02
1b9d50c7-48ef-4e31-abf2-11cc9146f4d9,2024-08-06,8,2,18.97,0,Recoger,8,LOCAL,0,30,54.00,1,Tuesday,August,18:58
fc41320b-fce3-4a0a-92c8-c98307adf897,2024-08-08,8,4,0.17,0,Domicilio,9,ROJO GOMEZ,0,50,66.00,1,Thursday,August,00:10
192a642a-c68e-46d2-bbd9-28b3bc3e9604,2024-08-08,8,4,19.62,0,Domicilio,13,AVIACION,0,50,70.00,1,Thursday,August,19:37
a8308716-47bf-4f99-9c03-7834fc94a6e9,2024-08-10,8,6,4.33,1,Recoger,17,LOCAL,0,30,20.00,0,Saturday,August,04:20
9e0890da-4ef7-4c98-ba8f-3293e7e610a4,2024-08-11,8,7,4.20,1,Domicilio,18,AVIACION,0,50,55.00,1,Sunday,August,04:12
4a4e691f-c3c5-4269-8518-664ab767c3e5,2024-08-12,8,1,0.55,0,Domicilio,18,TRES CRUCES,0,50,36.00,0,Monday,August,00:33
482aa09c-4ac5-4a79-b35d-a03f53d06dd2,2024-08-13,8,2,3.33,0,Recoger en tienda,9,LOCAL,0,30,21.00,0,Tuesday,August,03:20
90d90e4b-7f0f-4a8c-9b82-70d927e5499e,2024-08-14,8,3,0.03,0,Domicilio,9,PARQUE DE POBLAMIENTO,0,50,37.00,0,Wednesday,August,00:02
53624bc8-13e5-4524-a5b0-9b6e76bffb91,2024-08-15,8,4,3.22,0,Recoger en tienda,11,LOCAL,0,30,20.00,0,Thursday,August,03:13
e0057b00-b0a2-436c-8cf1-d24980fc2b89,2024-08-15,8,4,20.25,0,Domicilio,9,TRES CRUCES,0,50,42.00,0,Thursday,August,20:15
e1103ada-1f02-413f-b6c3-07aa54481d6a,2024-08-17,8,6,4.28,1,Domicilio,10,PARQUE DE POBLAMIENTO,0,50,43.00,0,Saturday,August,04:17
f73fc272-1f10-4b0c-9b06-3b9227e79291,2024-08-18,8,7,2.15,1,Domicilio,15,COLALAMBRE,0,50,38.00,0,Sunday,August,02:09
f0c9aac9-7614-4d69-b15f-03f557ddb165,2024-08-18,8,7,22.80,1,Domicilio,19,COLALAMBRE,0,50,77.00,1,Sunday,August,22:48
1161f454-b13b-4ba6-9267-4140973ad7a5,2024-08-19,8,1,22.97,0,Recoger,9,LOCAL,0,30,20.00,0,Monday,August,22:58
44d1bd99-629b-4434-b038-e56189c300dd,2024-08-21,8,3,3.80,0,Recoger en tienda,9,LOCAL,0,30,20.00,0,Wednesday,August,03:48
4019c9fa-7118-4fbb-8b5f-746b799127b3,2024-08-22,8,4,1.65,0,Recoger en tienda,9,LOCAL,0,30,21.00,0,Thursday,August,01:39
297c2bf3-3001-4676-baa3-8da931f1b851,2024-08-23,8,5,0.78,0,Recoger,10,LOCAL,0,30,21.00,0,Friday,August,00:47
e064fb17-6115-4df9-8920-82fee333c156,2024-08-23,8,5,21.30,0,Recoger,13,LOCAL,0,30,38.00,1,Friday,August,21:18
d45e91a1-0968-4b0a-bebf-08aadda6e6a8,2024-08-25,8,7,0.07,1,Mostrador,16,LOCAL,0,30,39.00,1,Sunday,August,00:04
3f9bba9e-2928-40af-adf6-eb84b7a19a20,2024-08-25,8,7,21.92,1,Mostrador,15,LOCAL,0,30,51.00,1,Sunday,August,21:55
9c917ee1-d130-4d9f-afb9-42d4917f0020,2024-08-27,8,2,3.67,0,Recoger,5,LOCAL,0,30,20.00,0,Tuesday,August,03:40
e6ce6bec-217e-476c-abd9-fdfb9b214158,2024-08-27,8,2,20.82,0,Recoger en tienda,11,LOCAL,0,30,20.00,0,Tuesday,August,20:49
0d602544-a81c-4236-ab57-330e9da6a4d1,2024-08-29,8,4,4.37,0,Recoger en tienda,8,LOCAL,0,30,48.00,1,Thursday,August,04:22
3c352256-6ed9-4a0e-82ac-5df8ba773614,2024-08-30,8,5,3.75,0,Recoger en tienda,13,LOCAL,0,30,40.00,1,Friday,August,03:45
52135e45-bc53-42bd-9e6f-92fd462c2dc5,2024-08-31,8,6,3.50,1,Domicilio,13,CHACATITLA,0,50,45.00,0,Saturday,August,03:30
2c2814ca-248e-4a2a-a44e-8728ef66cc6e,2024-09-01,9,7,0.90,1,Domicilio,20,AVIACION,0,50,42.00,0,Sunday,September,00:54
20c2d68f-1a47-4fcd-9310-4cbee16cc90d,2024-09-02,9,1,1.68,0,Recoger,18,LOCAL,0,30,20.00,0,Monday,September,01:41
6bd1aa96-c1a3-4a82-8b2c-7f8c47e532a3,2024-09-02,9,1,19.38,0,Mostrador,7,LOCAL,0,30,20.00,0,Monday,September,19:23
3b39f9dc-c6b1-4920-9613-b449f0c0718a,2024-09-03,9,2,18.67,0,Recoger,11,LOCAL,0,30,40.00,1,Tuesday,September,18:40
331939cd-dd58-4389-92d3-a08c6a9961e7,2024-09-04,9,3,21.28,0,Recoger,8,LOCAL,0,30,43.00,1,Wednesday,September,21:17
d71ef610-fbc2-4b76-9f71-68adeddbffe6,2024-09-05,9,4,20.12,0,Mostrador,12,LOCAL,0,30,20.00,0,Thursday,September,20:07
2b03f09c-bfbe-42b8-97ff-0025f575d2a9,2024-09-06,9,5,21.12,0,Domicilio,15,TRES CRUCES,0,50,62.00,1,Friday,September,21:07
f2eb10c8-faaa-4fa5-906f-1c006fcd17d6,2024-09-08,9,7,4.50,1,Recoger,13,LOCAL,0,30,20.00,0,Sunday,September,04:30
2e19ebf7-8f22-4b0d-84c4-b15f85f9c4d0,2024-09-09,9,1,1.30,0,Recoger en tienda,18,LOCAL,0,30,44.00,1,Monday,September,01:18
86d73515-738b-4114-80d7-ad713bee821f,2024-09-10,9,2,1.25,0,Domicilio,5,TRES CRUCES,0,50,45.00,0,Tuesday,September,01:15
71d08366-d43a-4096-af1b-708beb6d82ec,2024-09-11,9,3,3.38,0,Domicilio,11,COLALAMBRE,0,50,61.00,1,Wednesday,September,03:23
b164c412-5c35-4d6c-8e50-401c1999d8cd,2024-09-12,9,4,4.20,0,Domicilio,9,TRES CRUCES,0,50,41.00,0,Thursday,September,04:12
ca24ca64-9a91-42e7-bcaf-1e54fd56cee5,2024-09-13,9,5,4.45,0,Mostrador,13,LOCAL,0,30,44.00,1,Friday,September,04:27
3e8f431f-318c-44fd-8f9e-404a2b35f22c,2024-09-14,9,6,0.83,1,Recoger,12,LOCAL,0,30,21.00,0,Saturday,September,00:50
0afe64c7-240b-43ad-a644-3d58648edfc9,2024-09-14,9,6,19.98,1,Recoger en tienda,13,LOCAL,0,30,49.00,1,Saturday,September,19:59
af1f975d-153c-4d1d-86ef-dea6cceba176,2024-09-16,9,1,2.23,0,Mostrador,19,LOCAL,0,30,20.00,0,Monday,September,02:14
dc42f461-8523-40c1-b285-b1b982630180,2024-09-17,9,2,2.02,0,Domicilio,5,AVIACION,0,50,42.00,0,Tuesday,September,02:01
16b4eebc-495b-40f9-bda6-98e596341818,2024-09-17,9,2,18.47,0,Domicilio,9,AVIACION,0,50,44.00,0,Tuesday,September,18:28
af891760-a218-459c-a5af-f7c6212ef87e,2024-09-18,9,3,22.50,0,Mostrador,13,LOCAL,0,30,36.00,1,Wednesday,September,22:30
2c6d97d0-f9cd-4d34-88b4-b5b4636187a2,2024-09-20,9,5,1.25,0,Recoger,9,LOCAL,0,30,48.00,1,Friday,September,01:15
6e13d331-66ee-40f2-878c-31d8d042f514,2024-09-20,9,5,18.78,0,Recoger en tienda,11,LOCAL,0,30,20.00,0,Friday,September,18:47
b78379fc-65a1-49da-85af-c705c44e257f,2024-09-21,9,6,18.52,1,Domicilio,13,ROJO GOMEZ,0,50,36.00,0,Saturday,September,18:31
d44ed521-a95d-48c9-8330-1b6b4685bf30,2024-09-23,9,1,0.20,0,Domicilio,13,TRES CRUCES,0,50,63.00,1,Monday,September,00:12
bcdbdfc3-3aee-4987-bb50-5527fdcbb35b,2024-09-23,9,1,18.10,0,Mostrador,9,LOCAL,0,30,52.00,1,Monday,September,18:06
e6e3787e-b69d-47f9-876b-2437e0c8398c,2024-09-25,9,3,1.35,0,Recoger en tienda,6,LOCAL,0,30,58.00,1,Wednesday,September,01:21
ca7c365b-790d-4938-9fac-187d8c3edf6f,2024-09-26,9,4,1.55,0,Domicilio,13,TRES CRUCES,0,50,45.00,0,Thursday,September,01:33
c8d2becc-bce3-42ba-ac7f-55034501f3be,2024-09-27,9,5,0.25,0,Recoger en tienda,12,LOCAL,0,30,20.00,0,Friday,September,00:15
cd77e5f7-4da8-427a-9e26-8f67431cd99a,2024-09-27,9,5,20.00,0,Mostrador,17,LOCAL,0,30,24.00,0,Friday,September,20:00
0a648448-aa75-4054-958f-a59be61b1a77,2024-09-29,9,7,4.17,1,Mostrador,15,LOCAL,0,30,20.00,0,Sunday,September,04:10
505cf547-dc25-4b79-a99e-d0be0d2611e1,2024-09-30,9,1,0.87,0,Domicilio,14,CHACATITLA,0,50,40.00,0,Monday,September,00:52
786ec5ac-dc52-4f76-8b3a-bcd6e97a41b0,2024-10-01,10,2,0.82,0,Mostrador,5,LOCAL,0,30,48.00,1,Tuesday,October,00:49
44bba216-2324-483d-94a6-7a690793c18e,2024-10-02,10,3,2.62,0,Domicilio,11,PARQUE DE POBLAMIENTO,0,50,64.00,1,Wednesday,October,02:37
b9ee8e39-a938-4396-9a3a-36f589465116,2024-10-02,10,3,22.40,0,Domicilio,11,ROJO GOMEZ,0,50,43.00,0,Wednesday,October,22:24
885942fc-9445-41c1-af9d-e6677e128603,2024-10-04,10,5,1.38,0,Domicilio,10,LA LOMITA,0,50,36.00,0,Friday,October,01:23
7d927dfc-57e7-4534-bd74-c5a957b4ef52,2024-10-05,10,6,2.33,1,Domicilio,16,CHACATITLA,0,50,55.00,1,Saturday,October,02:20
840a5018-ffac-49de-b630-46b3e8c59d75,2024-10-05,10,6,19.88,1,Mostrador,14,LOCAL,0,30,20.00,0,Saturday,October,19:53
878587b3-f25d-45f1-8ba9-5627cf6479b0,2024-10-06,10,7,21.95,1,Mostrador,16,LOCAL,0,30,49.00,1,Sunday,October,21:57
50f424ab-1488-456f-b2c4-630a76103f40,2024-10-08,10,2,3.77,0,Mostrador,8,LOCAL,0,30,25.00,0,Tuesday,October,03:46
98b69662-b0c8-4ad9-bd9b-57b9d11eb278,2024-10-09,10,3,2.43,0,Recoger,6,LOCAL,0,30,20.00,0,Wednesday,October,02:26
82660961-b94b-4b7d-914b-cce41c79aeaf,2024-10-10,10,4,1.30,0,Recoger en tienda,12,LOCAL,0,30,20.00,0,Thursday,October,01:18
1875d698-1c0e-4daa-897c-f19746ba17b8,2024-10-11,10,5,4.68,0,Mostrador,7,LOCAL,0,30,20.00,0,Friday,October,04:41
fb3889aa-9a69-4b32-b400-987d1f45e7f9,2024-10-11,10,5,18.32,0,Recoger,13,LOCAL,0,30,25.00,0,Friday,October,18:19
d51a85e7-4aa6-4390-b44f-a06253f89708,2024-10-12,10,6,22.73,1,Recoger,18,LOCAL,0,30,21.00,0,Saturday,October,22:44
0d0ceee7-bc07-485c-b3cc-4ea937c056f3,2024-10-14,10,1,0.78,0,Recoger,18,LOCAL,0,30,20.00,0,Monday,October,00:47
c880945c-9634-4f44-a043-6457424bbc66,2024-10-15,10,2,2.78,0,Mostrador,7,LOCAL,0,30,24.00,0,Tuesday,October,02:47
71e79c9a-61c1-4d32-8300-4ace80084734,2024-10-16,10,3,1.15,0,Domicilio,7,LA LOMITA,0,50,40.00,0,Wednesday,October,01:09
4ffe72f7-4703-4c46-b856-c84b0438f886,2024-10-17,10,4,0.00,0,Domicilio,13,LA LOMITA,0,50,78.00,1,Thursday,October,00:00
6dcb9ce2-d8aa-4c71-8c8f-dd6b184f37f7,2024-10-18,10,5,3.25,0,Recoger en tienda,9,LOCAL,0,30,22.00,0,Friday,October,03:15
46a3e7e1-66d4-40f3-8904-c3ba93022c62,2024-10-18,10,5,21.33,0,Mostrador,16,LOCAL,0,30,37.00,1,Friday,October,21:20
782571c3-fbe1-43a6-bbe8-c61406454072,2024-10-20,10,7,3.07,1,Domicilio,13,CENTRO,0,50,68.00,1,Sunday,October,03:04
1cbec44c-75d0-4482-a11c-3e7ada958e6c,2024-10-20,10,7,22.22,1,Domicilio,17,CENTRO,0,50,39.00,0,Sunday,October,22:13
33f2f956-da64-40ee-9a14-f59ee0853492,2024-10-21,10,1,19.10,0,Domicilio,6,CENTRO,0,50,70.00,1,Monday,October,19:06
5ec25a61-0517-47c1-a0d6-c8ea7c60129a,2024-10-23,10,3,2.58,0,Domicilio,7,AVIACION,0,50,41.00,0,Wednesday,October,02:35
c6ac6dbb-dbea-44b9-a838-6e1e1332b6ac,2024-10-24,10,4,3.18,0,Recoger,10,LOCAL,0,30,22.00,0,Thursday,October,03:11
8df950f8-6ade-4db9-9ca6-7904f0cf00d7,2024-10-25,10,5,4.43,0,Recoger,8,LOCAL,0,30,50.00,1,Friday,October,04:26
f17938d9-ad98-4d2e-9e75-200e96a88b26,2024-10-26,10,6,2.42,1,Domicilio,15,ROJO GOMEZ,0,50,61.00,1,Saturday,October,02:25
5297e2e1-6d01-41ee-a637-dcc348be6b44,2024-10-27,10,7,4.60,1,Recoger en tienda,18,LOCAL,0,30,20.00,0,Sunday,October,04:36
0cf7d4f8-83a0-44dd-97e3-7640751dfe1a,2024-10-28,10,1,2.13,0,Domicilio,14,TRES CRUCES,0,50,65.00,1,Monday,October,02:08
4781c442-51df-4b1e-b9ee-86568a89f307,2024-10-29,10,2,1.37,0,Domicilio,8,TRES CRUCES,0,50,62.00,1,Tuesday,October,01:22
432c8167-4dd5-40a4-9762-1db84bea3e20,2024-10-30,10,3,2.53,0,Recoger,7,LOCAL,0,30,23.00,0,Wednesday,October,02:32
292f3127-79e1-43a9-88c3-5f0064b215fb,2024-10-31,10,4,4.85,0,Mostrador,10,LOCAL,0,30,55.00,1,Thursday,October,04:51
61afa0b1-280d-4793-8c56-379741b671ea,2024-11-01,11,5,3.20,0,Recoger en tienda,10,LOCAL,0,30,36.00,1,Friday,November,03:12
44403aea-6daa-4c36-87fc-b9a095e508fe,2024-11-02,11,6,2.42,1,Domicilio,17,COLALAMBRE,0,50,45.00,0,Saturday,November,02:25
12fc28b3-fe19-4d83-9d30-a369ace86adf,2024-11-03,11,7,2.88,1,Recoger en tienda,17,LOCAL,0,30,20.00,0,Sunday,November,02:53
aacaadc0-8876-4f00-8d3c-937bfd6e42e6,2024-11-03,11,7,20.37,1,Recoger,18,LOCAL,0,30,21.00,0,Sunday,November,20:22
f60c3267-32f0-454b-8db0-1b032a7effa2,2024-11-04,11,1,21.52,0,Mostrador,5,LOCAL,0,30,20.00,0,Monday,November,21:31
678c0277-be3b-48f3-8570-e430f91441ad,2024-11-06,11,3,2.65,0,Mostrador,10,LOCAL,0,30,51.00,1,Wednesday,November,02:39
5fce6861-52b4-4d58-a322-18db94125b20,2024-11-07,11,4,4.92,0,Mostrador,10,LOCAL,0,30,41.00,1,Thursday,November,04:55
016b4508-beb5-4a5b-85f7-b9118c6f2416,2024-11-07,11,4,21.80,0,Mostrador,7,LOCAL,0,30,20.00,0,Thursday,November,21:48
2c5d1d57-73be-45ef-ba82-68e315b3791b,2024-11-08,11,5,20.63,0,Recoger en tienda,12,LOCAL,0,30,49.00,1,Friday,November,20:38
5562e7c6-1395-47ea-8fc3-b2a00b620190,2024-11-10,11,7,0.42,1,Recoger,13,LOCAL,0,30,43.00,1,Sunday,November,00:25
7ffe4728-fec1-4c3c-8d72-898289b4c1fb,2024-11-11,11,1,1.28,0,Recoger en tienda,17,LOCAL,0,30,20.00,0,Monday,November,01:17
e598bea4-b9ac-49f3-b36c-ef0ea7987ac7,2024-11-12,11,2,2.17,0,Domicilio,9,CENTRO,0,50,35.00,0,Tuesday,November,02:10
d6dd14a1-3667-4bde-8e5a-c040ec50e088,2024-11-13,11,3,0.67,0,Domicilio,8,AVIACION,0,50,63.00,1,Wednesday,November,00:40
496f5b20-6db1-4940-ae97-9613ecf55d61,2024-11-13,11,3,19.83,0,Domicilio,10,CENTRO,0,50,80.00,1,Wednesday,November,19:50
d55ee22c-f36f-4cfd-8dd4-762dee0a72f1,2024-11-15,11,5,2.88,0,Mostrador,13,LOCAL,0,30,20.00,0,Friday,November,02:53
0559036c-5690-405b-9394-2aabf0195e85,2024-11-16,11,6,2.03,1,Recoger en tienda,11,LOCAL,0,30,50.00,1,Saturday,November,02:02
0f7e8073-5363-4b08-9c61-7c46c076d5d6,2024-11-17,11,7,2.68,1,Domicilio,15,ROJO GOMEZ,0,50,41.00,0,Sunday,November,02:41
e798fe3b-2e72-40ae-afa8-3873219bc417,2024-11-18,11,1,1.15,0,Domicilio,18,CENTRO,0,50,58.00,1,Monday,November,01:09
02f2556e-2f05-4c94-8ca2-523849c9b96e,2024-11-18,11,1,22.42,0,Mostrador,5,LOCAL,0,30,25.00,0,Monday,November,22:25
5d1a5708-42a0-48df-b8af-f181c2524afc,2024-11-20,11,3,4.20,0,Mostrador,7,LOCAL,0,30,54.00,1,Wednesday,November,04:12
e8b4bc89-63d6-4c21-8c88-57730aa7189a,2024-11-21,11,4,4.25,0,Domicilio,8,TRES CRUCES,0,50,61.00,1,Thursday,November,04:15
baece502-406d-4e69-bf26-37e8c8cf3eeb,2024-11-22,11,5,3.15,0,Mostrador,12,LOCAL,0,30,20.00,0,Friday,November,03:09
41726b93-e269-4df6-bad6-1d833d31ef38,2024-11-23,11,6,1.27,1,Domicilio,16,ROJO GOMEZ,0,50,77.00,1,Saturday,November,01:16
c5145d9d-f7a5-4ce0-8768-ef0fa755c79e,2024-11-24,11,7,1.05,1,Mostrador,15,LOCAL,0,30,45.00,1,Sunday,November,01:03
3c3aa0e9-f87c-44e2-89e9-23ed89f89564,2024-11-25,11,1,3.02,0,Mostrador,18,LOCAL,0,30,25.00,0,Monday,November,03:01
fde7d0c0-c8ed-4037-bbf8-099006a067dc,2024-11-26,11,2,1.52,0,Domicilio,5,TRES CRUCES,0,50,42.00,0,Tuesday,November,01:31
8106ac72-fccf-4ef3-8510-18e17e7af810,2024-11-27,11,3,2.98,0,Recoger en tienda,9,LOCAL,0,30,48.00,1,Wednesday,November,02:59
6d9dbfe7-457f-447e-9f3c-cb245dcf679a,2024-11-28,11,4,3.23,0,Mostrador,14,LOCAL,0,30,48.00,1,Thursday,November,03:14
b422c456-d32f-4d51-8b06-83f5dd8fa278,2024-11-29,11,5,1.17,0,Mostrador,8,LOCAL,0,30,20.00,0,Friday,November,01:10
fc3f0146-9b04-4aa4-9e27-2bd18c6092c3,2024-11-29,11,5,19.33,0,Domicilio,15,LA LOMITA,0,50,41.00,0,Friday,November,19:20
44336d22-5732-4881-bb6f-31d994cfc157,2024-12-01,12,7,4.95,1,Recoger en tienda,19,LOCAL,0,30,20.00,0,Sunday,December,04:57
2cd6df3d-000b-4780-a9c6-ac8b762a0913,2024-12-02,12,1,4.73,0,Domicilio,20,CHACATITLA,0,50,42.00,0,Monday,December,04:44
1b3536f7-f1bf-4b29-ab8d-48827b0361c2,2024-12-03,12,2,0.65,0,Domicilio,10,CHACATITLA,0,50,77.00,1,Tuesday,December,00:39
300b01d6-623b-4ede-854d-e805b0261102,2024-12-04,12,3,1.37,0,Domicilio,10,ROJO GOMEZ,0,50,67.00,1,Wednesday,December,01:22
03467dd3-7326-4510-a57a-218af062d2ef,2024-12-05,12,4,1.78,0,Recoger en tienda,17,LOCAL,0,30,20.00,0,Thursday,December,01:47
a845c66a-8d7e-42ad-8249-1fbfc7ffb341,2024-12-06,12,5,3.28,0,Domicilio,14,PARQUE DE POBLAMIENTO,0,50,37.00,0,Friday,December,03:17
5143903a-c779-4a2f-bb2d-aa232a62fc77,2024-12-07,12,6,2.57,1,Recoger,15,LOCAL,0,30,25.00,0,Saturday,December,02:34
734c29bd-d815-49a8-b1fa-9a19f9919343,2024-12-08,12,7,4.82,1,Domicilio,20,LA LOMITA,0,50,61.00,1,Sunday,December,04:49
c08e800a-c397-4557-8d8d-2cf3d91fc6bf,2024-12-09,12,1,4.53,0,Recoger en tienda,19,LOCAL,0,30,25.00,0,Monday,December,04:32
47d8e9bc-3197-4c19-bfb4-41b59cda86e7,2024-12-10,12,2,0.73,0,Recoger en tienda,10,LOCAL,0,30,38.00,1,Tuesday,December,00:44
b6f9ba32-5e8a-45dd-a0f3-74d266af42cf,2024-12-11,12,3,4.00,0,Mostrador,11,LOCAL,0,30,21.00,0,Wednesday,December,04:00
53220796-9e90-40e5-b1f0-bebc8f89159b,2024-12-12,12,4,1.87,0,Recoger en tienda,11,LOCAL,0,30,25.00,0,Thursday,December,01:52
83fd9486-0de1-4d04-b7e7-149a6ecbfb43,2024-12-13,12,5,1.60,0,Domicilio,15,TRES CRUCES,0,50,67.00,1,Friday,December,01:36
085aba5f-8f28-4dc7-883c-5cea26550ba2,2024-12-13,12,5,22.85,0,Mostrador,17,LOCAL,0,30,20.00,0,Friday,December,22:51
e9cc6023-2c34-4a71-afee-0facb2307ac5,2024-12-15,12,7,4.15,1,Domicilio,19,ROJO GOMEZ,0,50,60.00,1,Sunday,December,04:09
0f44fddb-22cf-4849-b318-17c7cc6935d0,2024-12-16,12,1,4.65,0,Domicilio,17,AVIACION,0,50,68.00,1,Monday,December,04:39
556d2bd9-8d5d-4e95-9ce0-ba1d876d8dc8,2024-12-16,12,1,22.95,0,Recoger en tienda,11,LOCAL,0,30,40.00,1,Monday,December,22:57
23fd4520-0dba-4859-84af-6a6b69c80a8e,2024-12-18,12,3,0.92,0,Recoger en tienda,14,LOCAL,0,30,22.00,0,Wednesday,December,00:55
b49ea02f-91b3-485e-ac61-7daf791e36fb,2024-12-19,12,4,3.27,0,Recoger en tienda,17,LOCAL,0,30,45.00,1,Thursday,December,03:16
b9c0a0be-a76a-4af2-ba7b-3e9ab23e0b26,2024-12-19,12,4,18.80,0,Domicilio,16,COLALAMBRE,0,50,36.00,0,Thursday,December,18:48
64119cb6-3b66-4aea-9ee3-f2c38a1831a8,2024-12-20,12,5,19.10,0,Mostrador,20,LOCAL,0,30,22.00,0,Friday,December,19:06
85077c7b-1e6e-4211-ba5f-a3d20d744529,2024-12-22,12,7,2.52,1,Domicilio,22,AVIACION,0,50,45.00,0,Sunday,December,02:31
89fc77a8-a1c1-4310-ab3a-31718189c4de,2024-12-23,12,1,1.90,0,Recoger en tienda,18,LOCAL,0,30,20.00,0,Monday,December,01:54
ef3113cf-8814-4010-be1b-fa68ddd44b43,2024-12-24,12,2,3.45,0,Domicilio,9,CHACATITLA,0,50,43.00,0,Tuesday,December,03:27
e0cab2af-e1be-4e49-aafc-67299bedaa59,2024-12-25,12,3,4.23,0,Domicilio,10,AVIACION,0,50,40.00,0,Wednesday,December,04:14
56ff1f6c-e657-46e8-acc0-9e69dc3e61c0,2024-12-26,12,4,2.62,0,Recoger en tienda,13,LOCAL,0,30,24.00,0,Thursday,December,02:37
c05f658a-5b46-4ba4-8bcd-facf7e6a54c6,2024-12-26,12,4,18.35,0,Domicilio,14,LA LOMITA,0,50,35.00,0,Thursday,December,18:21
c8bfacbc-cc7e-49b6-9db1-7b11472d69f8,2024-12-28,12,6,2.50,1,Domicilio,17,LA LOMITA,0,50,42.00,0,Saturday,December,02:30
199fbbbd-5e48-4f2f-90ea-de7e95c4c0ee,2024-12-29,12,7,4.18,1,Recoger en tienda,17,LOCAL,0,30,48.00,1,Sunday,December,04:11
4ca59906-bff3-4114-bbe4-951b93e7381d,2024-12-30,12,1,0.70,0,Domicilio,16,PARQUE DE POBLAMIENTO,0,50,66.00,1,Monday,December,00:42
c4a89f3a-f97a-4916-a53c-280c77838ce3,2024-12-31,12,2,0.10,0,Mostrador,10,LOCAL,0,30,41.00,1,Tuesday,December,00:06
332eaf6a-6941-49a3-b04c-080d4141f81b,2024-12-31,12,2,20.47,0,Domicilio,11,AVIACION,0,50,36.00,0,Tuesday,December,20:28
69a2d068-d1ec-42df-826f-b30f57f640d3,2025-01-02,1,4,4.38,0,Domicilio,7,AVIACION,0,50,57.00,1,Thursday,January,04:23
6d465c42-691b-4f9e-8e4e-f1bb3f109b77,2025-01-03,1,5,3.07,0,Domicilio,8,ROJO GOMEZ,0,50,41.00,0,Friday,January,03:04
171bdb5b-fe45-4ab4-bd6f-a55901688ea7,2025-01-03,1,5,20.68,0,Domicilio,12,PARQUE DE POBLAMIENTO,0,50,75.00,1,Friday,January,20:41
f6998033-d883-4644-95fb-bc14005db148,2025-01-05,1,7,0.87,1,Domicilio,18,PARQUE DE POBLAMIENTO,0,50,39.00,0,Sunday,January,00:52
18a8e982-95ca-449c-8f6c-dfa3ea13da3b,2025-01-06,1,1,2.27,0,Recoger en tienda,14,LOCAL,0,30,22.00,0,Monday,January,02:16
e68fdd46-8241-4508-902e-e8df40b3197c,2025-01-07,1,2,0.75,0,Recoger en tienda,6,LOCAL,0,30,20.00,0,Tuesday,January,00:45
c217c698-c4b5-46e1-8546-f72d87bf26ce,2025-01-07,1,2,20.47,0,Domicilio,9,CENTRO,0,50,80.00,1,Tuesday,January,20:28
8d50b35b-1467-4e22-b888-396fe95a9e85,2025-01-08,1,3,21.68,0,Recoger,10,LOCAL,0,30,20.00,0,Wednesday,January,21:41
69f2a44c-da0e-4307-b677-26e3ae21011b,2025-01-10,1,5,4.18,0,Domicilio,10,CENTRO,0,50,76.00,1,Friday,January,04:11
220103c6-498f-412a-8e1e-a5a2338a4057,2025-01-11,1,6,2.47,1,Recoger,10,LOCAL,0,30,24.00,0,Saturday,January,02:28
024a0a5b-19db-4d17-a675-c80cbced4a17,2025-01-12,1,7,1.57,1,Mostrador,14,LOCAL,0,30,24.00,0,Sunday,January,01:34
c2bf0302-9989-4d96-a857-abcdd92cc92a,2025-01-12,1,7,20.22,1,Domicilio,14,TRES CRUCES,0,50,36.00,0,Sunday,January,20:13
4882dcb9-824c-4e97-91f4-e848b59dac75,2025-01-14,1,2,2.00,0,Recoger en tienda,7,LOCAL,0,30,20.00,0,Tuesday,January,02:00
efda8087-02a5-416d-b45c-ad738e3ea945,2025-01-15,1,3,4.03,0,Recoger,7,LOCAL,0,30,59.00,1,Wednesday,January,04:02
10c0ae5e-836a-4ead-8008-0bb0c8874819,2025-01-15,1,3,22.22,0,Domicilio,8,AVIACION,0,50,43.00,0,Wednesday,January,22:13
b0f5b116-a1c0-4a06-b41e-795e59a8c0d6,2025-01-16,1,4,20.93,0,Domicilio,7,AVIACION,0,50,77.00,1,Thursday,January,20:56
2bb31483-a2c6-4908-b4c8-3a1dfb9789e3,2025-01-18,1,6,3.78,1,Recoger,10,LOCAL,0,30,21.00,0,Saturday,January,03:47
a197f4df-987c-4ea2-87f7-57bb78a98904,2025-01-19,1,7,1.63,1,Recoger en tienda,19,LOCAL,0,30,25.00,0,Sunday,January,01:38
7e7127f6-7d4b-410d-870d-481d99af0a45,2025-01-19,1,7,22.42,1,Recoger en tienda,16,LOCAL,0,30,56.00,1,Sunday,January,22:25
05438e0f-7a8c-48ae-a5dc-c68c7597cafa,2025-01-21,1,2,0.32,0,Recoger en tienda,8,LOCAL,0,30,47.00,1,Tuesday,January,00:19
3f695cb3-2cda-428a-8ecc-6511071cc92c,2025-01-21,1,2,21.87,0,Domicilio,8,ROJO GOMEZ,0,50,40.00,0,Tuesday,January,21:52
70a5d8db-0eca-40cb-87be-5fde4787a85d,2025-01-23,1,4,3.83,0,Domicilio,9,CENTRO,0,50,59.00,1,Thursday,January,03:50
895f7e27-3972-45e9-8e32-18a5babf1f59,2025-01-24,1,5,2.07,0,Domicilio,10,CHACATITLA,0,50,71.00,1,Friday,January,02:04
02b93301-9b12-4481-bb93-8c736605ed27,2025-01-25,1,6,4.18,1,Recoger,11,LOCAL,0,30,22.00,0,Saturday,January,04:11
993a1ffb-3206-454e-902a-58ebe012c068,2025-01-26,1,7,3.80,1,Mostrador,19,LOCAL,0,30,23.00,0,Sunday,January,03:48
cda8efb7-070b-4f65-865b-442f5b18c691,2025-01-27,1,1,3.03,0,Mostrador,17,LOCAL,0,30,20.00,0,Monday,January,03:02
b11621ad-d29c-46be-a8e1-0999208afbfe,2025-01-28,1,2,3.10,0,Recoger en tienda,7,LOCAL,0,30,20.00,0,Tuesday,January,03:06
2150f061-f5b3-45bf-8bfe-3bec06c04aee,2025-01-29,1,3,1.45,0,Recoger,7,LOCAL,0,30,25.00,0,Wednesday,January,01:27
dcdeb6be-feb7-4666-9427-46529f17552b,2025-01-30,1,4,1.22,0,Domicilio,9,CENTRO,0,50,39.00,0,Thursday,January,01:13
c073c203-86b4-47e9-bcea-6aff70d0c564,2025-01-31,1,5,0.83,0,Domicilio,9,CENTRO,0,50,39.00,0,Friday,January,00:50
3903a61f-8702-4aa0-8ae6-765ab9a0f2a1,2025-01-31,1,5,21.82,0,Mostrador,16,LOCAL,0,30,43.00,1,Friday,January,21:49
fe84c4c2-611f-4857-b0ba-2d6f2c3de3e4,2025-02-02,2,7,3.22,1,Domicilio,16,CHACATITLA,0,50,79.00,1,Sunday,February,03:13
e18b4919-4dae-496b-ace7-e63312e706ee,2025-02-03,2,1,4.18,0,Mostrador,15,LOCAL,0,30,56.00,1,Monday,February,04:11
d6b8012d-6f28-4bcf-8993-4362315d8b43,2025-02-04,2,2,2.92,0,Recoger en tienda,7,LOCAL,0,30,57.00,1,Tuesday,February,02:55
5a990c3f-d525-414d-a302-38f65e913ba2,2025-02-04,2,2,21.88,0,Mostrador,6,LOCAL,0,30,39.00,1,Tuesday,February,21:53
af658b61-3fd9-453d-8f2b-f78428cc8936,2025-02-05,2,3,21.23,0,Domicilio,9,CENTRO,0,50,63.00,1,Wednesday,February,21:14
e5edcb2b-36be-4925-8ea5-20d1dac45832,2025-02-06,2,4,18.40,0,Recoger,9,LOCAL,0,30,41.00,1,Thursday,February,18:24
e22ebbee-51a6-43bf-b322-3fcaa90f72ff,2025-02-08,2,6,1.37,1,Domicilio,9,LA LOMITA,0,50,43.00,0,Saturday,February,01:22
7a1f9148-9450-409f-8ad1-54b7ec9c4a58,2025-02-09,2,7,3.32,1,Mostrador,18,LOCAL,0,30,20.00,0,Sunday,February,03:19
d2289afd-294d-45fa-8d7f-f88929dc1c56,2025-02-10,2,1,4.85,0,Domicilio,17,ROJO GOMEZ,0,50,76.00,1,Monday,February,04:51
9b3e9c4e-6473-4ac0-abd9-dc48d4b40e27,2025-02-11,2,2,1.02,0,Recoger,6,LOCAL,0,30,20.00,0,Tuesday,February,01:01
dab163b1-25d3-4d81-b7b7-e2ab1733c686,2025-02-12,2,3,0.52,0,Domicilio,7,AVIACION,0,50,43.00,0,Wednesday,February,00:31
eeb97f52-1688-481c-8b64-dd019d4d0d07,2025-02-12,2,3,22.23,0,Recoger,10,LOCAL,0,30,60.00,1,Wednesday,February,22:14
533c1e89-bdae-4477-9d46-44c5bfe74f7a,2025-02-13,2,4,19.88,0,Recoger en tienda,6,LOCAL,0,30,20.00,0,Thursday,February,19:53
14d6ab02-fe0f-4125-9d69-c51d42ede149,2025-02-14,2,5,18.83,0,Domicilio,15,COLALAMBRE,0,50,63.00,1,Friday,February,18:50
c3eaca7d-50b8-4015-8bc3-66a7fc5ecd7c,2025-02-16,2,7,0.63,1,Recoger en tienda,13,LOCAL,0,30,25.00,0,Sunday,February,00:38
fba55554-40e7-41b9-ab2a-0ee746734e18,2025-02-17,2,1,0.35,0,Domicilio,13,CENTRO,0,50,39.00,0,Monday,February,00:21
a3097bf2-1c43-4333-9453-0dc002d7a2a0,2025-02-18,2,2,0.40,0,Recoger en tienda,8,LOCAL,0,30,55.00,1,Tuesday,February,00:24
c869ce10-6136-4975-836c-13fc0aebd921,2025-02-19,2,3,4.65,0,Mostrador,8,LOCAL,0,30,20.00,0,Wednesday,February,04:39
d72df027-3877-474e-b179-3ee3b92786df,2025-02-19,2,3,21.82,0,Recoger,10,LOCAL,0,30,20.00,0,Wednesday,February,21:49
77a15882-ef5a-4127-867d-8b85f33e70f1,2025-02-21,2,5,0.43,0,Recoger en tienda,6,LOCAL,0,30,20.00,0,Friday,February,00:26
773c09d4-3c4a-47ec-87f0-ee347aa862af,2025-02-22,2,6,1.03,1,Domicilio,13,PARQUE DE POBLAMIENTO,0,50,37.00,0,Saturday,February,01:02
9ade8412-df9a-46f2-90fb-b766098a0e21,2025-02-22,2,6,22.97,1,Domicilio,17,CENTRO,0,50,39.00,0,Saturday,February,22:58
29fe2b9e-4513-4359-ba03-258486693ea8,2025-02-24,2,1,0.50,0,Domicilio,15,TRES CRUCES,0,50,35.00,0,Monday,February,00:30
52be0f03-a8ab-49c7-a81f-729800858d16,2025-02-25,2,2,0.23,0,Recoger,7,LOCAL,0,30,20.00,0,Tuesday,February,00:14
009cd0d5-1fb3-456b-a19c-f0f3aef75280,2025-02-25,2,2,18.83,0,Domicilio,8,CENTRO,0,50,77.00,1,Tuesday,February,18:50
40b68b88-445d-4576-991c-92cb54b69906,2025-02-26,2,3,18.15,0,Recoger en tienda,13,LOCAL,0,30,20.00,0,Wednesday,February,18:09
5b7b00fd-e00b-4428-b934-1aef118c55ee,2025-02-27,2,4,19.55,0,Mostrador,12,LOCAL,0,30,22.00,0,Thursday,February,19:33
e4042ee1-a6c6-4366-a362-e3d7abd55063,2025-03-01,3,6,2.38,1,Recoger en tienda,15,LOCAL,0,30,52.00,1,Saturday,March,02:23
ffc022d2-ea20-4168-af91-f8ff9f3141bc,2025-03-02,3,7,3.82,1,Recoger en tienda,15,LOCAL,0,30,20.00,0,Sunday,March,03:49
bbc954f4-fe98-4740-a8eb-1f6b42b31404,2025-03-02,3,7,22.62,1,Recoger,11,LOCAL,0,30,20.00,0,Sunday,March,22:37
40bff1c9-0584-409c-9843-f1ce84fa6745,2025-03-04,3,2,0.75,0,Recoger,8,LOCAL,0,30,49.00,1,Tuesday,March,00:45
81b38fca-6c02-4c35-8b47-7f3151fd64b0,2025-03-05,3,3,1.18,0,Recoger,6,LOCAL,0,30,54.00,1,Wednesday,March,01:11
33737e49-67fb-423e-be87-c2650dd6874d,2025-03-06,3,4,3.47,0,Mostrador,14,LOCAL,0,30,20.00,0,Thursday,March,03:28
2629bc79-9375-48ae-a2da-ca2d08580360,2025-03-06,3,4,18.70,0,Recoger,13,LOCAL,0,30,25.00,0,Thursday,March,18:42
750da48d-be41-4e8a-9b87-c204e8672541,2025-03-08,3,6,4.30,1,Domicilio,16,PARQUE DE POBLAMIENTO,0,50,66.00,1,Saturday,March,04:18
69447091-9528-48eb-8ce9-c2d92889827b,2025-03-09,3,7,3.67,1,Domicilio,19,CENTRO,0,50,64.00,1,Sunday,March,03:40
8ef6cff3-bfe8-4d73-8a62-2ddaa6b7bd48,2025-03-09,3,7,21.40,1,Mostrador,19,LOCAL,0,30,20.00,0,Sunday,March,21:24
39822c8d-def6-4259-afbe-f4b2456557cf,2025-03-10,3,1,21.33,0,Domicilio,9,COLALAMBRE,0,50,38.00,0,Monday,March,21:20
e949a836-dc21-4ea9-ab4f-2655ec400502,2025-03-12,3,3,4.48,0,Domicilio,8,AVIACION,0,50,35.00,0,Wednesday,March,04:29
811a9b96-c60b-47f1-aff5-1de7a35285ea,2025-03-13,3,4,4.43,0,Recoger en tienda,9,LOCAL,0,30,20.00,0,Thursday,March,04:26
7b1fd758-f8c2-454e-9d6e-ddae49740473,2025-03-14,3,5,0.95,0,Mostrador,12,LOCAL,0,30,35.00,1,Friday,March,00:57
80671448-437c-4a3a-ae3b-666b3e5514b9,2025-03-14,3,5,20.75,0,Domicilio,12,AVIACION,0,50,65.00,1,Friday,March,20:45
ebff3e93-bfc8-4b23-b3a7-43ccf060176c,2025-03-16,3,7,1.88,1,Recoger en tienda,15,LOCAL,0,30,36.00,1,Sunday,March,01:53
209798cc-933a-44de-91fa-343cd61d0b36,2025-03-17,3,1,3.67,0,Recoger,15,LOCAL,0,30,20.00,0,Monday,March,03:40
4479329a-6fb4-4686-b8c9-9798db656272,2025-03-18,3,2,3.92,0,Recoger en tienda,8,LOCAL,0,30,25.00,0,Tuesday,March,03:55
234f14fc-3a8d-49a9-add0-e7688bdba297,2025-03-19,3,3,3.18,0,Domicilio,6,AVIACION,0,50,37.00,0,Wednesday,March,03:11
7dfea991-82b3-41b0-90f6-41f5ea02dfc5,2025-03-20,3,4,3.65,0,Domicilio,10,ROJO GOMEZ,0,50,63.00,1,Thursday,March,03:39
85d7a39f-ea35-44f7-95a8-4ccb890a3643,2025-03-20,3,4,19.78,0,Recoger en tienda,7,LOCAL,0,30,20.00,0,Thursday,March,19:47
1d06666d-ba1c-4229-89fe-218042bb3c77,2025-03-22,3,6,4.87,1,Domicilio,16,ROJO GOMEZ,0,50,45.00,0,Saturday,March,04:52
f0007593-dbd4-4b29-b2b2-90cc3b935b43,2025-03-22,3,6,20.42,1,Mostrador,16,LOCAL,0,30,41.00,1,Saturday,March,20:25
484725c7-9714-41a4-b265-57ecaeb9b117,2025-03-24,3,1,2.23,0,Domicilio,16,TRES CRUCES,0,50,36.00,0,Monday,March,02:14
c1bd8e38-40a7-4744-8875-09c2eee3c7b8,2025-03-25,3,2,1.60,0,Domicilio,8,TRES CRUCES,0,50,35.00,0,Tuesday,March,01:36
65a91569-2a85-463d-b492-629239c908f6,2025-03-25,3,2,22.73,0,Recoger en tienda,9,LOCAL,0,30,40.00,1,Tuesday,March,22:44
54d2feb3-75d1-47a8-b986-a2512720c1eb,2025-03-27,3,4,1.88,0,Mostrador,8,LOCAL,0,30,20.00,0,Thursday,March,01:53
54e2480b-9bdb-4d9d-a372-dd29d771f58a,2025-03-28,3,5,1.78,0,Recoger en tienda,7,LOCAL,0,30,56.00,1,Friday,March,01:47
f35742e3-e787-487c-9c16-9f521ac35d30,2025-03-29,3,6,3.47,1,Recoger en tienda,16,LOCAL,0,30,42.00,1,Saturday,March,03:28
754ed5ba-ccd7-4bf8-bb20-e1836dcbded8,2025-03-30,3,7,3.87,1,Recoger,14,LOCAL,0,30,50.00,1,Sunday,March,03:52
aaeb3754-5cdd-4b45-ab81-e246ce9c4794,2025-03-31,3,1,0.55,0,Recoger,15,LOCAL,0,30,20.00,0,Monday,March,00:33
cc51bb4d-85fa-411c-87db-26490f1fd97b,2025-04-01,4,2,2.30,0,Domicilio,6,TRES CRUCES,0,50,80.00,1,Tuesday,April,02:18
f3cdbb5c-2f47-4ca5-a58b-8ee045685aa4,2025-04-02,4,3,0.12,0,Domicilio,8,LA LOMITA,0,50,65.00,1,Wednesday,April,00:07
943ef32d-e8a1-431e-8c13-eb69b957e4b1,2025-04-03,4,4,0.68,0,Mostrador,9,LOCAL,0,30,45.00,1,Thursday,April,00:41
5760d23e-95ac-4ebc-9dd2-3faecb60bc88,2025-04-03,4,4,20.72,0,Recoger,12,LOCAL,0,30,54.00,1,Thursday,April,20:43
f939be3c-ec00-425e-889f-7ece1a4d6787,2025-04-05,4,6,4.67,1,Recoger,10,LOCAL,0,30,22.00,0,Saturday,April,04:40
5ff68651-c3c8-483c-986c-9af40bb617af,2025-04-06,4,7,0.25,1,Mostrador,15,LOCAL,0,30,23.00,0,Sunday,April,00:15
20b9b6a5-9377-42a7-8d79-066f9fc4fa0a,2025-04-06,4,7,20.22,1,Recoger,19,LOCAL,0,30,20.00,0,Sunday,April,20:13
40b41ee6-ef54-4483-bb41-66da4d81db40,2025-04-08,4,2,1.17,0,Recoger en tienda,7,LOCAL,0,30,40.00,1,Tuesday,April,01:10
78ec4ce8-4914-4d06-8db5-75a369ecc7d3,2025-04-09,4,3,4.93,0,Recoger en tienda,11,LOCAL,0,30,45.00,1,Wednesday,April,04:56
00868f39-a475-4a35-aa1b-fb74187f2946,2025-04-10,4,4,1.72,0,Recoger en tienda,10,LOCAL,0,30,20.00,0,Thursday,April,01:43
a72cb3a0-f400-467e-becb-b9a57aa9e010,2025-04-10,4,4,22.00,0,Domicilio,7,CHACATITLA,0,50,35.00,0,Thursday,April,22:00
6e7b12b5-3bf8-4197-a43c-5477a38f9abb,2025-04-11,4,5,19.53,0,Recoger,12,LOCAL,0,30,35.00,1,Friday,April,19:32
f5945f79-8f50-47a6-8c43-c19d81e2b43e,2025-04-13,4,7,0.95,1,Mostrador,20,LOCAL,0,30,44.00,1,Sunday,April,00:57
2bea9745-6150-4648-9eda-e28a9fc0c6db,2025-04-14,4,1,0.83,0,Domicilio,12,LA LOMITA,0,50,44.00,0,Monday,April,00:50
51f421f6-8849-4ae5-a051-ffe41fd6d261,2025-04-15,4,2,0.18,0,Recoger,8,LOCAL,0,30,22.00,0,Tuesday,April,00:11
38e7658f-e2ee-4b1f-b69c-cd0a74c5d3ab,2025-04-15,4,2,21.23,0,Mostrador,9,LOCAL,0,30,20.00,0,Tuesday,April,21:14
e2f57bd6-35f2-4116-821f-b50de278d7c4,2025-04-17,4,4,4.38,0,Recoger en tienda,10,LOCAL,0,30,20.00,0,Thursday,April,04:23
1e94c2d6-7285-471b-b4a4-06da926eaee0,2025-04-18,4,5,3.95,0,Recoger,12,LOCAL,0,30,20.00,0,Friday,April,03:57
9bec1f4e-7647-46ab-bce7-398c0021192d,2025-04-18,4,5,22.25,0,Recoger en tienda,17,LOCAL,0,30,20.00,0,Friday,April,22:15
599fa71f-8a12-4341-93c3-edeb15c49111,2025-04-20,4,7,4.15,1,Mostrador,21,LOCAL,0,30,60.00,1,Sunday,April,04:09
4380e247-2a51-4e01-8d9c-afe761a4197a,2025-04-21,4,1,3.98,0,Recoger en tienda,15,LOCAL,0,30,41.00,1,Monday,April,03:59
fd8dc3a1-e2cb-4cb2-a958-011b5afce175,2025-04-22,4,2,3.23,0,Recoger,8,LOCAL,0,30,21.00,0,Tuesday,April,03:14
977c0dfe-b949-4d45-bcbc-4296ca3419d9,2025-04-23,4,3,1.12,0,Recoger,6,LOCAL,0,30,20.00,0,Wednesday,April,01:07
686cf3f0-8794-4ad6-a2bf-80456fc52173,2025-04-23,4,3,19.45,0,Mostrador,9,LOCAL,0,30,22.00,0,Wednesday,April,19:27
7d66985b-fe5b-4ec2-bc4f-bec4da7b0058,2025-04-25,4,5,1.75,0,Domicilio,12,CHACATITLA,0,50,66.00,1,Friday,April,01:45
782013b5-ca06-4d1b-b48f-75fc3d24b337,2025-04-26,4,6,0.77,1,Domicilio,14,COLALAMBRE,0,50,36.00,0,Saturday,April,00:46
3a328013-cc9e-40e6-8dff-d4210571b24b,2025-04-27,4,7,0.30,1,Recoger en tienda,21,LOCAL,0,30,24.00,0,Sunday,April,00:18
18252e35-b6fd-41f8-a9f8-09354eed02c4,2025-04-27,4,7,18.08,1,Domicilio,19,CENTRO,0,50,39.00,0,Sunday,April,18:05
ffcbb227-5100-4c64-b13f-a7c579bc40bb,2025-04-29,4,2,4.20,0,Recoger en tienda,7,LOCAL,0,30,20.00,0,Tuesday,April,04:12
3350c18b-aeb3-4725-aa24-a4cc14bd602e,2025-04-30,4,3,3.32,0,Recoger en tienda,11,LOCAL,0,30,23.00,0,Wednesday,April,03:19
8aebc1c6-ea87-4a1e-b21b-5dad69a89a4c,2025-05-01,5,4,1.52,0,Recoger en tienda,12,LOCAL,0,30,21.00,0,Thursday,May,01:31
0f686f0a-9636-42a7-9c8d-2abac7f1ad80,2025-05-01,5,4,19.33,0,Recoger,11,LOCAL,0,30,25.00,0,Thursday,May,19:20
97983b42-cbfa-4c6f-97cd-3b8397353496,2025-05-03,5,6,1.00,1,Recoger en tienda,13,LOCAL,0,30,20.00,0,Saturday,May,01:00
2e007182-f963-4d73-bfa2-8a1c385aa13b,2025-05-04,5,7,2.65,1,Domicilio,20,LA LOMITA,0,50,42.00,0,Sunday,May,02:39
8d2092cd-663a-4a2e-ba12-19de76704af1,2025-05-04,5,7,19.37,1,Recoger en tienda,11,LOCAL,0,30,20.00,0,Sunday,May,19:22
4d6db9ea-8f52-4d52-b481-d966b3b65932,2025-05-05,5,1,21.07,0,Mostrador,5,LOCAL,0,30,40.00,1,Monday,May,21:04
bc6dce46-b299-4b30-b105-30af03d11226,2025-05-07,5,3,0.67,0,Recoger,9,LOCAL,0,30,50.00,1,Wednesday,May,00:40
3fce9d66-4d33-41c2-b28e-e5bd0dd8ed07,2025-05-07,5,3,21.33,0,Recoger,11,LOCAL,0,30,51.00,1,Wednesday,May,21:20
af7536d6-cab1-4e5f-9f95-ab7df0a64f81,2025-05-09,5,5,0.73,0,Recoger en tienda,13,LOCAL,0,30,20.00,0,Friday,May,00:44
52af870c-f9b7-49c9-b32f-ec36088d28c9,2025-05-09,5,5,22.85,0,Recoger,11,LOCAL,0,30,24.00,0,Friday,May,22:51
0bd447bf-eb5b-420c-afe5-5231c710d930,2025-05-11,5,7,4.38,1,Domicilio,15,CHACATITLA,0,50,39.00,0,Sunday,May,04:23
f8ca3be0-9e23-49e9-a549-6b718eec732a,2025-05-12,5,1,1.53,0,Domicilio,12,COLALAMBRE,0,50,36.00,0,Monday,May,01:32
1bfc8c69-f353-4e9b-b2ad-f3df0109cd30,2025-05-13,5,2,2.25,0,Domicilio,9,CHACATITLA,0,50,40.00,0,Tuesday,May,02:15
2dd103f2-6c4f-419e-a040-f36edc7f809d,2025-05-13,5,2,22.58,0,Recoger,6,LOCAL,0,30,24.00,0,Tuesday,May,22:35
4ebebaff-72ff-4fe7-8d9b-e32b20697656,2025-05-15,5,4,0.53,0,Domicilio,8,COLALAMBRE,0,50,37.00,0,Thursday,May,00:32
5728f0a5-4aff-40ed-bca5-ed4da9710cfe,2025-05-16,5,5,4.65,0,Domicilio,13,COLALAMBRE,0,50,41.00,0,Friday,May,04:39
d60f7449-e9fb-48f1-a336-d1bf48acc7e5,2025-05-17,5,6,2.12,1,Recoger en tienda,17,LOCAL,0,30,52.00,1,Saturday,May,02:07
e54a1932-131f-475d-a7ab-906d7ef55e3d,2025-05-18,5,7,2.68,1,Mostrador,21,LOCAL,0,30,20.00,0,Sunday,May,02:41
ceef1e4f-4cde-4a62-a6e0-c3d44a41e4ca,2025-05-18,5,7,18.77,1,Mostrador,11,LOCAL,0,30,53.00,1,Sunday,May,18:46
7d1b13a8-487e-4ace-b55d-46093c58034f,2025-05-20,5,2,4.22,0,Mostrador,9,LOCAL,0,30,46.00,1,Tuesday,May,04:13
455f9554-8466-4f8e-8541-7537a7a710ff,2025-05-21,5,3,3.02,0,Domicilio,11,CHACATITLA,0,50,44.00,0,Wednesday,May,03:01
5ee59055-d9be-4fbe-93ed-1b48d54e7fa8,2025-05-22,5,4,2.03,0,Mostrador,13,LOCAL,0,30,20.00,0,Thursday,May,02:02
54a56833-50e8-4dc6-989b-a8c1c5c6efbc,2025-05-22,5,4,20.97,0,Recoger,10,LOCAL,0,30,20.00,0,Thursday,May,20:58
62560272-64ae-4310-8f78-b304900ac951,2025-05-24,5,6,4.53,1,Domicilio,12,ROJO GOMEZ,0,50,74.00,1,Saturday,May,04:32
b382c201-5525-4de6-b524-a8fbd59e8167,2025-05-24,5,6,20.62,1,Domicilio,17,LA LOMITA,0,50,80.00,1,Saturday,May,20:37
66d325ce-83f8-4c5a-a154-bac1bc1dd9de,2025-05-26,5,1,3.08,0,Recoger,19,LOCAL,0,30,24.00,0,Monday,May,03:05
ee6f8495-38fc-4386-80ef-d490b9fa221e,2025-05-27,5,2,4.13,0,Mostrador,9,LOCAL,0,30,59.00,1,Tuesday,May,04:08
87e7718c-1adb-45e8-a40e-811cbefdca75,2025-05-28,5,3,1.57,0,Domicilio,10,ROJO GOMEZ,0,50,40.00,0,Wednesday,May,01:34
86a7ca58-5f07-48d6-ac0b-dd2b4294d9dc,2025-05-29,5,4,0.37,0,Recoger,8,LOCAL,0,30,20.00,0,Thursday,May,00:22
773a67cc-7b38-4c3a-b5ce-801a13968dd7,2025-05-30,5,5,0.33,0,Domicilio,7,LA LOMITA,0,50,45.00,0,Friday,May,00:20
f94705e5-6674-4819-8165-d2714689ea11,2025-05-31,5,6,4.07,1,Domicilio,12,AVIACION,0,50,35.00,0,Saturday,May,04:04
9917cb88-790a-4c4f-b5ab-229ae716a8f2,2025-06-01,6,7,4.43,1,Domicilio,20,COLALAMBRE,0,50,71.00,1,Sunday,June,04:26
daaf2139-1378-4489-86d0-32b5d7d16a37,2025-06-02,6,1,3.02,0,Domicilio,13,TRES CRUCES,0,50,71.00,1,Monday,June,03:01
beb534f0-a9b1-4123-8180-60e9d9d4cb9d,2025-06-02,6,1,22.48,0,Recoger,9,LOCAL,0,30,20.00,0,Monday,June,22:29
a8e6e833-ecb6-453f-9761-e04845bc6511,2025-06-03,6,2,22.87,0,Domicilio,12,CENTRO,0,50,39.00,0,Tuesday,June,22:52
18f7093d-8d44-4532-92df-6d529be1bd7e,2025-06-05,6,4,0.97,0,Domicilio,15,ROJO GOMEZ,0,50,72.00,1,Thursday,June,00:58
840a2320-1668-47ea-96d7-b62d45516e56,2025-06-06,6,5,2.02,0,Recoger en tienda,11,LOCAL,0,30,25.00,0,Friday,June,02:01
11a68d0e-ec77-46fa-a57d-25d966c111d9,2025-06-07,6,6,4.42,1,Mostrador,15,LOCAL,0,30,20.00,0,Saturday,June,04:25
433df70c-e5f2-4519-b259-d3cd09d704d0,2025-06-08,6,7,2.92,1,Recoger en tienda,17,LOCAL,0,30,20.00,0,Sunday,June,02:55
90faa2d7-4dd4-439b-95ae-2c22729f6f32,2025-06-09,6,1,4.32,0,Domicilio,17,COLALAMBRE,0,50,73.00,1,Monday,June,04:19
2f03e7f1-18eb-44ca-8bb6-80043b9e34ed,2025-06-10,6,2,4.47,0,Domicilio,8,PARQUE DE POBLAMIENTO,0,50,62.00,1,Tuesday,June,04:28
af50fcbf-52ec-4748-8188-27d29a0a80f0,2025-06-11,6,3,2.38,0,Recoger,10,LOCAL,0,30,39.00,1,Wednesday,June,02:23
9b27eafb-4ccd-42f6-bc6d-dca1361c6da1,2025-06-11,6,3,19.78,0,Mostrador,12,LOCAL,0,30,21.00,0,Wednesday,June,19:47
2142fdca-6d0c-40f8-8c3f-51142342d5a0,2025-06-12,6,4,19.58,0,Mostrador,15,LOCAL,0,30,24.00,0,Thursday,June,19:35
bf4db907-dd1c-4587-90a8-7822278dbb54,2025-06-14,6,6,3.72,1,Recoger,13,LOCAL,0,30,23.00,0,Saturday,June,03:43
fd56cc95-1b32-4320-82ce-a0d1a9fb3460,2025-06-15,6,7,2.23,1,Recoger,22,LOCAL,0,30,22.00,0,Sunday,June,02:14
88817f4f-f9d3-43ef-8150-6341462c99de,2025-06-16,6,1,2.73,0,Mostrador,18,LOCAL,0,30,22.00,0,Monday,June,02:44
1e6328be-b205-4be3-b12d-8e50b7d8f902,2025-06-17,6,2,0.75,0,Domicilio,11,PARQUE DE POBLAMIENTO,0,50,71.00,1,Tuesday,June,00:45
78b8388d-db9a-41c4-9470-d4d59f052d09,2025-06-17,6,2,21.18,0,Recoger en tienda,10,LOCAL,0,30,41.00,1,Tuesday,June,21:11
5154064d-5de3-42d5-80de-4061b6d6fad7,2025-06-19,6,4,1.08,0,Domicilio,11,COLALAMBRE,0,50,79.00,1,Thursday,June,01:05
6030042a-2e97-478a-a39e-0a7838b0b5bd,2025-06-20,6,5,2.47,0,Recoger en tienda,11,LOCAL,0,30,58.00,1,Friday,June,02:28
385934ea-eaad-48b2-acbf-0dbcfd36a61d,2025-06-21,6,6,4.88,1,Mostrador,13,LOCAL,0,30,53.00,1,Saturday,June,04:53
40ccdf3d-e6ab-4361-93d4-3a351d29634e,2025-06-21,6,6,19.75,1,Recoger,20,LOCAL,0,30,57.00,1,Saturday,June,19:45
179f1c2a-bcde-4100-be4a-a5bf782fd7fe,2025-06-22,6,7,19.68,1,Mostrador,17,LOCAL,0,30,24.00,0,Sunday,June,19:41
4fff0cde-3681-41b2-822e-f7b01197b798,2025-06-24,6,2,1.72,0,Recoger en tienda,9,LOCAL,0,30,60.00,1,Tuesday,June,01:43
398880c0-f33b-4b4d-8617-7e580e313dc1,2025-06-25,6,3,3.18,0,Recoger en tienda,9,LOCAL,0,30,22.00,0,Wednesday,June,03:11
82c71295-e717-4884-9b68-e91c6fe62c57,2025-06-26,6,4,3.72,0,Mostrador,14,LOCAL,0,30,23.00,0,Thursday,June,03:43
680035aa-aebe-4397-af61-53df6470fbdd,2025-06-27,6,5,1.17,0,Recoger en tienda,13,LOCAL,0,30,53.00,1,Friday,June,01:10
b4030d44-f48d-480d-8227-a78d421b18cc,2025-06-28,6,6,4.57,1,Domicilio,17,TRES CRUCES,0,50,56.00,1,Saturday,June,04:34
79425107-1ccf-4f06-b29c-3afc200bec6b,2025-06-29,6,7,1.58,1,Recoger,23,LOCAL,0,30,20.00,0,Sunday,June,01:35
952bceb5-56bd-428d-91ee-aa4ae4d55b48,2025-06-30,6,1,4.58,0,Domicilio,19,TRES CRUCES,0,50,36.00,0,Monday,June,04:35
111427b0-a21c-4e81-8c0a-01805c3375a1,2025-07-01,7,2,4.98,0,Recoger,9,LOCAL,0,30,36.00,1,Tuesday,July,04:59
e101ab89-4db1-4ab7-a0ab-99fdc6d40731,2025-07-02,7,3,4.80,0,Recoger,10,LOCAL,0,30,46.00,1,Wednesday,July,04:48
e3ae492d-1f52-4f2f-a705-4e1cd9303450,2025-07-03,7,4,1.45,0,Domicilio,12,COLALAMBRE,0,50,45.00,0,Thursday,July,01:27
9aca95df-1e33-49a7-8bbb-6d3491dc5294,2025-07-03,7,4,21.57,0,Domicilio,11,PARQUE DE POBLAMIENTO,0,50,40.00,0,Thursday,July,21:34
34231ad8-4618-4dbc-9123-3459499416cd,2025-07-05,7,6,4.98,1,Mostrador,17,LOCAL,0,30,20.00,0,Saturday,July,04:59
32856425-446d-447d-9d82-81f903ba8ae5,2025-07-06,7,7,2.00,1,Mostrador,15,LOCAL,0,30,22.00,0,Sunday,July,02:00
cbd6f48b-9d65-4b41-8928-7b219a94fba7,2025-07-06,7,7,20.78,1,Recoger,14,LOCAL,0,30,20.00,0,Sunday,July,20:47
4e7f7d9d-0543-4d2b-bdb0-8f726a37127d,2025-07-08,7,2,0.57,0,Domicilio,7,PARQUE DE POBLAMIENTO,0,50,40.00,0,Tuesday,July,00:34
c852591e-eea7-426c-ad46-b7e6c04aa891,2025-07-09,7,3,1.85,0,Recoger en tienda,10,LOCAL,0,30,20.00,0,Wednesday,July,01:51
650d4672-58bb-40be-94a2-d311550d44e0,2025-07-10,7,4,1.33,0,Domicilio,14,COLALAMBRE,0,50,41.00,0,Thursday,July,01:20
a73c62df-3c99-4614-9f6b-3c0ab5c40aa7,2025-07-11,7,5,1.78,0,Mostrador,9,LOCAL,0,30,22.00,0,Friday,July,01:47
0408318b-846f-4be1-89a4-86e88c25c561,2025-07-11,7,5,22.08,0,Mostrador,12,LOCAL,0,30,20.00,0,Friday,July,22:05
1ce99ada-0368-481a-bc9c-5fa183dce034,2025-07-12,7,6,21.47,1,Mostrador,20,LOCAL,0,30,20.00,0,Saturday,July,21:28
796a8286-906b-4837-9ece-2846ff82fbd2,2025-07-14,7,1,2.05,0,Domicilio,18,CENTRO,0,50,45.00,0,Monday,July,02:03
c5ff1fd2-d0f6-452a-8ac8-fd9cf2905d76,2025-07-15,7,2,1.60,0,Domicilio,10,CHACATITLA,0,50,40.00,0,Tuesday,July,01:36
c474a2f5-e727-4203-91d8-65064e4e1e67,2025-07-16,7,3,2.43,0,Recoger en tienda,9,LOCAL,0,30,20.00,0,Wednesday,July,02:26
ae4dfdf8-7a93-43fa-b8c2-2cb9f7adb5e7,2025-07-17,7,4,0.68,0,Mostrador,15,LOCAL,0,30,20.00,0,Thursday,July,00:41
24cf40c4-6a58-4e02-936b-95939958ea37,2025-07-18,7,5,3.83,0,Recoger en tienda,10,LOCAL,0,30,59.00,1,Friday,July,03:50
c22647bb-2d43-4ff4-93cd-94db4e7090db,2025-07-19,7,6,3.60,1,Mostrador,18,LOCAL,0,30,20.00,0,Saturday,July,03:36
c775b09b-3a80-4586-b58f-e8006cdb7d84,2025-07-20,7,7,2.23,1,Domicilio,15,AVIACION,0,50,66.00,1,Sunday,July,02:14
0409ee93-7e6c-416a-a931-157abbbec50f,2025-07-21,7,1,3.12,0,Recoger,18,LOCAL,0,30,21.00,0,Monday,July,03:07
8aebe80a-a336-4e8d-972e-6888a67e8809,2025-07-21,7,1,19.27,0,Recoger en tienda,11,LOCAL,0,30,24.00,0,Monday,July,19:16
750cf0c6-4076-4a72-af52-cc2a1da5236f,2025-07-23,7,3,0.07,0,Domicilio,10,TRES CRUCES,0,50,68.00,1,Wednesday,July,00:04
a61dd550-0021-4a54-b9e1-c6fd4435d5d8,2025-07-24,7,4,2.48,0,Domicilio,16,ROJO GOMEZ,0,50,38.00,0,Thursday,July,02:29
cb9a0bb3-f5a9-4191-a824-3ce1fc30ded4,2025-07-25,7,5,4.05,0,Domicilio,9,ROJO GOMEZ,0,50,40.00,0,Friday,July,04:03
b10aca82-1890-4eea-a785-0a11e1c91a42,2025-07-26,7,6,2.43,1,Mostrador,16,LOCAL,0,30,38.00,1,Saturday,July,02:26
b60c4cfb-d0d3-49c2-aaac-f73130145e2d,2025-07-27,7,7,1.20,1,Domicilio,16,LA LOMITA,0,50,43.00,0,Sunday,July,01:12
3f3d4a89-52fa-4af6-8d07-ebe96b41e509,2025-07-28,7,1,0.25,0,Mostrador,16,LOCAL,0,30,22.00,0,Monday,July,00:15
70b71605-2416-4575-bc3a-0ab2fd0b0409,2025-07-28,7,1,21.07,0,Recoger en tienda,9,LOCAL,0,30,20.00,0,Monday,July,21:04
ebabac26-8606-469f-94c6-7638a9ce176e,2025-07-30,7,3,2.12,0,Mostrador,12,LOCAL,0,30,22.00,0,Wednesday,July,02:07
c545a9de-7b1c-40cf-adb0-d34c9054aefa,2025-07-31,7,4,4.33,0,Mostrador,15,LOCAL,0,30,20.00,0,Thursday,July,04:20
14ed48ee-1050-4833-83a8-c5f179ccbc5d,2025-07-31,7,4,18.27,0,Domicilio,3,SANTA IRENE,0,50,56.00,1,Thursday,July,18:16
2b973b14-153a-4db2-bbb0-cfbc232b050a,2025-08-01,8,5,1.60,0,Domicilio,3,EL MIRADOR,0,50,36.00,0,Friday,August,01:36
9fcdacb1-a28f-4271-988c-64ad79939b88,2025-08-01,8,5,2.57,0,Domicilio,3,LA LOMITA,0,50,86.00,1,Friday,August,02:34
79819373-0ef8-460e-ac4a-1d00c5fe09cb,2025-08-01,8,5,2.97,0,Domicilio,1,AVIACIÓN CIVIL,1,50,70.00,1,Friday,August,02:58
6cad081b-087a-49e5-abe4-c15514b36159,2025-08-01,8,5,3.97,0,Domicilio,2,SANTA IRENE,0,50,,,Friday,August,03:58
ae02ea6c-554f-4eab-b893-1c88a051bfe6,2025-08-02,8,6,2.10,1,Domicilio,1,TODOS POR HIDALGO,0,50,17.00,0,Saturday,August,02:06
9614234a-395e-4c96-8ac5-ed1136d5f9a9,2025-08-02,8,6,18.82,1,Recoger,5,LOCAL,0,30,,,Saturday,August,18:49
d6b8a38c-24ad-4271-9142-cce78854c246,2025-08-03,8,7,0.52,1,Domicilio,1,TAHUIZÁN,0,50,34.00,0,Sunday,August,00:31
95bdf509-b675-448c-a00c-8ee00aad1d0f,2025-08-03,8,7,1.50,1,Recoger en tienda,3,LOCAL,0,30,53.00,1,Sunday,August,01:30
f7247c0e-193e-4820-801c-1fa0a9a36928,2025-08-03,8,7,1.62,1,Domicilio,3,PARQUE DE POBLAMIENTO,1,50,,,Sunday,August,01:37
fc0ccd2c-48d8-45a4-8d1e-b2b9c3fc2fc0,2025-08-03,8,7,3.18,1,Recoger,7,LOCAL,0,30,62.00,1,Sunday,August,03:11
cb8c6dad-053f-446b-b426-64a92c320e5f,2025-08-03,8,7,3.57,1,Recoger,6,LOCAL,1,30,59.00,1,Sunday,August,03:34
6a27778f-7b44-4905-ab63-cd635827eecc,2025-08-03,8,7,3.87,1,Domicilio,5,LA LOMITA,1,50,,,Sunday,August,03:52
642b9346-3b7d-4f5c-b7f0-199b50dfd2a9,2025-08-03,8,7,22.65,1,Recoger,4,LOCAL,0,30,47.00,1,Sunday,August,22:39
d31209cf-2225-4914-a7bf-c19a50614ee2,2025-08-04,8,1,0.77,0,Domicilio,1,TODOS POR HIDALGO,0,50,57.00,1,Monday,August,00:46
b8e68c50-e15f-40f0-8eb7-7977799a6eb7,2025-08-04,8,1,2.45,0,Mostrador,6,LOCAL,0,30,,,Monday,August,02:27
8020e6fa-8971-4017-a373-78a210157870,2025-08-04,8,1,3.28,0,Domicilio,8,LA LOMITA,0,50,81.00,1,Monday,August,03:17
8bec13de-fd8a-429a-ad63-fa6212005f06,2025-08-04,8,1,22.17,0,Domicilio,4,EL MIRADOR,0,50,60.00,1,Monday,August,22:10
a94f4a2f-6135-44b5-9efb-ebaa06437639,2025-08-04,8,1,22.33,0,Domicilio,2,COLALAMBRE,1,50,45.00,0,Monday,August,22:20
230122c3-2a73-4e52-a2ec-1f3609c1184b,2025-08-05,8,2,2.38,0,Recoger,4,LOCAL,0,30,54.00,1,Tuesday,August,02:23
cba107a1-73e6-4c5d-a86d-c6f68e54c15a,2025-08-05,8,2,3.93,0,Recoger en tienda,3,LOCAL,0,30,69.00,1,Tuesday,August,03:56
e6829d53-9bbd-4ffd-acd6-a9be0e856e5d,2025-08-06,8,3,3.45,0,Recoger,4,LOCAL,0,30,23.00,0,Wednesday,August,03:27
9a35f11d-ee5f-4968-ab06-0b1943d364f4,2025-08-06,8,3,3.63,0,Recoger,6,LOCAL,1,30,,,Wednesday,August,03:38
96dd8f0b-ceec-47d3-b477-3d043227fa77,2025-08-07,8,4,20.85,0,Domicilio,3,COLALAMBRE,0,50,,,Thursday,August,20:51
762c4f17-7e2b-4031-bebf-2175f85d2633,2025-08-08,8,5,4.08,0,Recoger en tienda,2,LOCAL,0,30,17.00,0,Friday,August,04:05
923bcd59-c9cc-466d-8d57-d1797a4edf3c,2025-08-08,8,5,18.50,0,Recoger en tienda,3,LOCAL,0,30,16.00,0,Friday,August,18:30
ca042d89-d27d-4db8-81e0-e2761004e1dd,2025-08-08,8,5,19.57,0,Mostrador,3,LOCAL,0,30,54.00,1,Friday,August,19:34
37baae57-7ec9-4594-947a-f3ef8e39cc51,2025-08-08,8,5,22.70,0,Recoger en tienda,5,LOCAL,0,30,19.00,0,Friday,August,22:42
71c730ed-c8e6-46ed-aafa-9cb9aee37c77,2025-08-09,8,6,19.62,1,Domicilio,2,CHACATITLA,0,50,50.00,0,Saturday,August,19:37
3666ba27-ff26-4cdd-9221-eddfe44c8689,2025-08-09,8,6,20.93,1,Recoger,2,LOCAL,0,30,21.00,0,Saturday,August,20:56
d4dd87e7-f4cd-469d-9d58-513f6854ebee,2025-08-10,8,7,0.20,1,Mostrador,5,LOCAL,0,30,76.00,1,Sunday,August,00:12
61dbf7e4-f13c-4ece-af19-996c6adb2b16,2025-08-10,8,7,1.43,1,Domicilio,3,LOS CANTORES,0,50,26.00,0,Sunday,August,01:26
50cdd8a3-2ebd-429d-a250-c9f7382309aa,2025-08-10,8,7,18.23,1,Domicilio,3,SANTA IRENE,0,50,80.00,1,Sunday,August,18:14
07c286ad-fdf8-4f3e-ac54-b942b7190ddb,2025-08-10,8,7,19.58,1,Recoger,1,LOCAL,0,30,27.00,0,Sunday,August,19:35
fea22e94-ffe7-43e5-a7aa-c39fdb38ca8f,2025-08-10,8,7,20.37,1,Domicilio,1,CHACATITLA,0,50,19.00,0,Sunday,August,20:22
06384867-7605-4d41-b63a-2b5ff92d52ae,2025-08-10,8,7,20.95,1,Recoger,4,LOCAL,0,30,16.00,0,Sunday,August,20:57
4c4badf0-b23f-4539-a305-b24e2c6ed167,2025-08-10,8,7,22.03,1,Domicilio,4,COLALAMBRE,0,50,36.00,0,Sunday,August,22:02
691836da-bf93-4a69-8dcf-c12e3f217462,2025-08-11,8,1,0.78,0,Mostrador,1,LOCAL,0,30,17.00,0,Monday,August,00:47
6e0b6d1f-b4e6-488d-b6a9-44ab112454a5,2025-08-11,8,1,19.50,0,Domicilio,3,CENTRO,0,50,45.00,0,Monday,August,19:30
846b4633-6f44-4c0e-9147-dba599e1908e,2025-08-12,8,2,0.05,0,Domicilio,4,LA LOMITA,0,50,38.00,0,Tuesday,August,00:03
158939d5-79f6-4df6-900a-dad13af8b69e,2025-08-12,8,2,2.75,0,Domicilio,6,CENTRO,0,50,61.00,1,Tuesday,August,02:45
af714b7c-1838-4a66-9783-0dcefe4a496c,2025-08-12,8,2,19.83,0,Recoger en tienda,2,LOCAL,0,30,,,Tuesday,August,19:50
0340b1aa-7b7c-4ba1-b97c-98a2cd6a592d,2025-08-13,8,3,0.32,0,Domicilio,2,LA LOMITA,0,50,35.00,0,Wednesday,August,00:19
501ad6a8-3df4-4eec-a175-831c86e11271,2025-08-13,8,3,0.55,0,Mostrador,5,LOCAL,1,30,63.00,1,Wednesday,August,00:33
bdf2fa4d-afb9-4f21-8a51-7ef0d73389fe,2025-08-13,8,3,1.38,0,Recoger,3,LOCAL,0,30,51.00,1,Wednesday,August,01:23
7e8aa76f-c939-4c82-886c-d31390b45bc5,2025-08-13,8,3,4.30,0,Recoger en tienda,5,LOCAL,0,30,19.00,0,Wednesday,August,04:18
c19ffe61-2444-446d-b4f8-1f29547890aa,2025-08-13,8,3,4.55,0,Recoger,5,LOCAL,1,30,45.00,1,Wednesday,August,04:33
761abefd-ef34-4bdb-be86-c6e3b90c5a9d,2025-08-14,8,4,3.27,0,Recoger,7,LOCAL,0,30,48.00,1,Thursday,August,03:16
16313852-e80a-4465-bea9-14125bc04e65,2025-08-14,8,4,18.45,0,Domicilio,4,LOS CANTORES,0,50,47.00,0,Thursday,August,18:27
f7a77917-ee4e-4abd-bb06-db2f4d337dbf,2025-08-15,8,5,18.50,0,Recoger,4,LOCAL,0,30,21.00,0,Friday,August,18:30
b05cfa12-6c17-4cb0-add6-6af3927c25a6,2025-08-16,8,6,1.82,1,Domicilio,1,LA LOMITA,0,50,31.00,0,Saturday,August,01:49
f48c0a95-68e1-4ccf-b82b-5492ea7abcf5,2025-08-16,8,6,3.17,1,Domicilio,2,SANTA IRENE,0,50,32.00,0,Saturday,August,03:10
105c6ac0-d453-4882-8ee3-e26aebba72b0,2025-08-16,8,6,18.98,1,Recoger,4,LOCAL,0,30,78.00,1,Saturday,August,18:59
105a3bf0-c42b-4a45-aefa-cc6ea52cbc8d,2025-08-17,8,7,1.48,1,Mostrador,2,LOCAL,0,30,48.00,1,Sunday,August,01:29
34cc49eb-8509-4230-a013-a82713d98b8f,2025-08-17,8,7,2.20,1,Domicilio,2,TAHUIZÁN,0,50,21.00,0,Sunday,August,02:12
791b6fcb-4016-423a-ada3-66a3c73b766e,2025-08-17,8,7,2.67,1,Domicilio,3,LA LOMITA,1,50,65.00,1,Sunday,August,02:40
c619f8fc-f22d-4d67-beee-04e068805601,2025-08-19,8,2,3.88,0,Recoger,1,LOCAL,0,30,26.00,0,Tuesday,August,03:53
4d1a70f1-a1e0-4ecf-82e5-e91f47f67f12,2025-08-19,8,2,18.77,0,Domicilio,1,COLALAMBRE,0,50,44.00,0,Tuesday,August,18:46
70c23331-e3ba-402c-b7ed-0d30eef8214b,2025-08-19,8,2,21.57,0,Mostrador,3,LOCAL,0,30,,,Tuesday,August,21:34
2228dbc2-0c8c-4ae9-92f5-1cf94bf2b203,2025-08-19,8,2,22.32,0,Domicilio,2,LOS CANTORES,0,50,45.00,0,Tuesday,August,22:19
e9f4c20b-c7f0-476b-b36f-8e946be98450,2025-08-21,8,4,2.67,0,Domicilio,6,JUÁREZ,0,50,,,Thursday,August,02:40
c2efbc9a-bfcb-47e3-8b8a-c48910fdb194,2025-08-22,8,5,2.73,0,Mostrador,4,LOCAL,0,30,58.00,1,Friday,August,02:44
d078c89f-f48a-42e2-b719-eb3d8d11145d,2025-08-22,8,5,3.23,0,Recoger,1,LOCAL,1,30,75.00,1,Friday,August,03:14
0e0f0022-4a27-4719-b2b7-747491b6e4cc,2025-08-22,8,5,4.48,0,Recoger en tienda,2,LOCAL,0,30,61.00,1,Friday,August,04:29
24eb5cf3-b9fd-4df5-befb-0856a4297a18,2025-08-22,8,5,4.62,0,Domicilio,4,TODOS POR HIDALGO,1,50,17.00,0,Friday,August,04:37
7c882d46-dd8a-4b6b-92b0-a727086bbe32,2025-08-23,8,6,0.27,1,Recoger en tienda,6,LOCAL,0,30,46.00,1,Saturday,August,00:16
bf65415f-7f3c-4e6b-b002-f5c76f72984a,2025-08-23,8,6,1.13,1,Recoger,9,LOCAL,0,30,60.00,1,Saturday,August,01:08
26798d98-85a8-4f1c-994f-09771f615cfb,2025-08-23,8,6,1.37,1,Domicilio,2,SANTA IRENE,1,50,48.00,0,Saturday,August,01:22
d8106a10-7e41-4d53-b2e0-b324daf0046e,2025-08-23,8,6,19.65,1,Domicilio,4,AVIACIÓN CIVIL,0,50,39.00,0,Saturday,August,19:39
192d6baa-8d6f-475d-9030-84be7f79f6ee,2025-08-23,8,6,20.47,1,Domicilio,3,EL MIRADOR,0,50,37.00,0,Saturday,August,20:28
78565c10-f778-4a81-976f-e0caeef3c804,2025-08-24,8,7,0.87,1,Mostrador,2,LOCAL,0,30,59.00,1,Sunday,August,00:52
14e69ccf-92ba-4942-becc-6a72569e9a16,2025-08-24,8,7,1.87,1,Recoger en tienda,4,LOCAL,0,30,86.00,1,Sunday,August,01:52
11efadb0-15b9-4639-aa67-ed70d4459421,2025-08-24,8,7,2.55,1,Mostrador,6,LOCAL,0,30,50.00,1,Sunday,August,02:33
aa2eace7-cb51-42f6-91a2-63ceb31d2ea7,2025-08-24,8,7,3.03,1,Domicilio,1,AVIACIÓN CIVIL,1,50,44.00,0,Sunday,August,03:02
c751e5d8-35fe-4116-8862-06283f4483e5,2025-08-24,8,7,3.13,1,Domicilio,5,COLALAMBRE,1,50,38.00,0,Sunday,August,03:08
440adfcd-1a0d-4d06-a4eb-549c750c4054,2025-08-24,8,7,4.48,1,Recoger,5,LOCAL,0,30,,,Sunday,August,04:29
da1eff01-6e17-46d5-af04-b113616933c2,2025-08-25,8,1,1.83,0,Recoger,5,LOCAL,0,30,21.00,0,Monday,August,01:50
40eff544-d20d-4ba8-a040-96c05fd229f3,2025-08-25,8,1,2.33,0,Recoger,7,LOCAL,1,30,38.00,1,Monday,August,02:20
0d9995b5-10dc-4442-8c6d-327f2c35ee63,2025-08-25,8,1,2.80,0,Domicilio,5,COLALAMBRE,1,50,43.00,0,Monday,August,02:48
17cc8e12-c5f1-47d4-bdb3-e5cc718216f0,2025-08-26,8,2,1.62,0,Recoger en tienda,7,LOCAL,0,30,17.00,0,Tuesday,August,01:37
db6e3802-5957-4dd2-998b-5c554e495a6e,2025-08-26,8,2,3.17,0,Recoger en tienda,1,LOCAL,0,30,,,Tuesday,August,03:10
bbbc24e5-22f4-40d9-af64-f56c3445d5fa,2025-08-27,8,3,0.35,0,Domicilio,2,SANTA IRENE,0,50,45.00,0,Wednesday,August,00:21
4667c27b-4e37-44c6-b5ac-3bb2e8a2c26f,2025-08-27,8,3,1.67,0,Domicilio,1,TAHUIZÁN,0,50,43.00,0,Wednesday,August,01:40
14206dca-a045-4b78-b045-6f86db0e4472,2025-08-27,8,3,4.38,0,Recoger en tienda,3,LOCAL,0,30,20.00,0,Wednesday,August,04:23
b473428e-b5a9-446f-833b-be0f7ce520da,2025-08-27,8,3,18.62,0,Domicilio,4,EL MIRADOR,0,50,17.00,0,Wednesday,August,18:37
3e23a1d1-2b1a-4710-bf14-e30bfa7106e1,2025-08-28,8,4,0.75,0,Recoger,2,LOCAL,0,30,19.00,0,Thursday,August,00:45
3cfe98a8-9cbf-4c07-ab85-40ffb6b7d6e9,2025-08-28,8,4,1.27,0,Recoger,6,LOCAL,0,30,50.00,1,Thursday,August,01:16
32aeb67c-8a6b-486d-b796-9ccdb7e413d3,2025-08-28,8,4,18.55,0,Recoger,3,LOCAL,0,30,56.00,1,Thursday,August,18:33
acd52145-cbbf-47d9-99e5-b0ebe1653ce6,2025-08-29,8,5,0.48,0,Domicilio,3,COLALAMBRE,0,50,35.00,0,Friday,August,00:29
8467e55a-af0b-46f9-b85e-d8e6812046c9,2025-08-29,8,5,1.32,0,Mostrador,2,LOCAL,0,30,89.00,1,Friday,August,01:19
4d63d83c-9eca-4c02-a6fd-676ade41ea3a,2025-08-29,8,5,1.53,0,Mostrador,4,LOCAL,1,30,44.00,1,Friday,August,01:32
c90b65c2-95c1-4886-adc2-ba11789e9347,2025-08-30,8,6,2.97,1,Recoger,3,LOCAL,0,30,82.00,1,Saturday,August,02:58
021b52e3-dcbd-4841-96c1-d1ef22802dfc,2025-08-30,8,6,3.63,1,Domicilio,4,PARQUE DE POBLAMIENTO,0,50,47.00,0,Saturday,August,03:38
56f4cad2-ef55-4893-adf6-a3fbbc1870b7,2025-08-30,8,6,18.82,1,Domicilio,3,COLALAMBRE,0,50,37.00,0,Saturday,August,18:49
d1fbf99b-42b3-4933-98de-961d8041103a,2025-08-30,8,6,19.55,1,Recoger,4,LOCAL,0,30,49.00,1,Saturday,August,19:33
2a4c66e4-8264-4865-89c6-5ea07532d393,2025-08-30,8,6,22.35,1,Mostrador,4,LOCAL,0,30,,,Saturday,August,22:21
bbbecd65-cef6-48da-8410-3925b09d46af,2025-08-31,8,7,0.97,1,Recoger,6,LOCAL,0,30,52.00,1,Sunday,August,00:58
cd98ffec-317b-4aa4-bce4-0a1c779217d6,2025-08-31,8,7,1.52,1,Domicilio,2,TODOS POR HIDALGO,0,50,32.00,0,Sunday,August,01:31
85cd9cca-f6ec-4293-ad0d-15c99096413a,2025-08-31,8,7,19.17,1,Recoger,3,LOCAL,0,30,24.00,0,Sunday,August,19:10
2869f537-4992-4e3c-b6b5-23b094e7419a,2025-08-31,8,7,19.75,1,Mostrador,3,LOCAL,0,30,45.00,1,Sunday,August,19:45
7b7de169-a67f-4d38-950c-7d3247b6826b,2025-09-01,9,1,1.60,0,Domicilio,6,EL MIRADOR,0,50,83.00,1,Monday,September,01:36
4362a96f-9f9c-4100-9477-814467145ba7,2025-09-01,9,1,19.65,0,Domicilio,4,TAHUIZÁN,0,50,81.00,1,Monday,September,19:39
935bf619-d783-479e-b6ae-6924d8b326fc,2025-09-02,9,2,3.72,0,Domicilio,4,TODOS POR HIDALGO,0,50,70.00,1,Tuesday,September,03:43
041b6b3e-cbef-462a-aae5-50b3f62cda1b,2025-09-02,9,2,19.28,0,Recoger en tienda,4,LOCAL,0,30,73.00,1,Tuesday,September,19:17
f7a78e58-56f0-41e5-be1f-ad06c882bff4,2025-09-03,9,3,1.07,0,Domicilio,5,JUÁREZ,0,50,35.00,0,Wednesday,September,01:04
35f138dd-c2e0-412e-ad1b-c1134180b52b,2025-09-03,9,3,1.57,0,Mostrador,1,LOCAL,1,30,73.00,1,Wednesday,September,01:34
080a0eb4-490c-45dc-94ff-f05c0af49b7a,2025-09-03,9,3,4.13,0,Mostrador,4,LOCAL,0,30,85.00,1,Wednesday,September,04:08
a71b09dd-9313-4013-bc6a-a5d0f5f7ac59,2025-09-03,9,3,18.38,0,Mostrador,4,LOCAL,0,30,18.00,0,Wednesday,September,18:23
3a4aa8eb-0c6e-4845-b45d-fc5281a30815,2025-09-04,9,4,2.27,0,Domicilio,3,TAHUIZÁN,0,50,21.00,0,Thursday,September,02:16
732c9ba5-7a0c-48a7-9ebb-0456d2d95ffb,2025-09-04,9,4,2.38,0,Recoger en tienda,2,LOCAL,1,30,34.00,1,Thursday,September,02:23
1935ce90-fadc-4c78-879a-3085995badde,2025-09-04,9,4,4.77,0,Recoger en tienda,6,LOCAL,0,30,85.00,1,Thursday,September,04:46
8f7a4eb1-195c-4d82-8e8a-9d663e9efaec,2025-09-05,9,5,22.08,0,Recoger,3,LOCAL,0,30,29.00,0,Friday,September,22:05
6d075d03-efeb-4c92-9025-1580d5dd8e1e,2025-09-06,9,6,2.55,1,Recoger en tienda,1,LOCAL,0,30,32.00,1,Saturday,September,02:33
548715cd-d903-4cc0-8090-eb1b45264612,2025-09-06,9,6,19.20,1,Domicilio,1,CHACATITLA,0,50,40.00,0,Saturday,September,19:12
9ef2173f-28e5-4afa-a28e-7c2c6faca682,2025-09-06,9,6,20.52,1,Recoger,1,LOCAL,0,30,19.00,0,Saturday,September,20:31
2d5c5a90-623d-4d3f-a118-194dbb897004,2025-09-06,9,6,22.27,1,Domicilio,5,CENTRO,0,50,50.00,0,Saturday,September,22:16
7c2f4fda-28ac-4dd7-8bdb-06502f6ccd4e,2025-09-07,9,7,22.05,1,Domicilio,6,TODOS POR HIDALGO,0,50,18.00,0,Sunday,September,22:03
f52c3b2f-095e-4352-b323-f76bf447459c,2025-09-08,9,1,2.50,0,Domicilio,3,LA LOMITA,0,50,52.00,1,Monday,September,02:30
1308058b-0dd1-43a7-bb96-a8ce3ab85033,2025-09-08,9,1,2.80,0,Recoger,3,LOCAL,1,30,48.00,1,Monday,September,02:48
aff4b6e1-2901-4af7-80a7-302bdc2e0b9b,2025-09-08,9,1,4.90,0,Domicilio,1,SANTA IRENE,0,50,84.00,1,Monday,September,04:54
76527aa5-2855-4e27-8af5-d7a059605ae4,2025-09-08,9,1,18.38,0,Domicilio,4,TAHUIZÁN,0,50,47.00,0,Monday,September,18:23
192868ad-c7dd-4090-aa94-8ca763f8d034,2025-09-08,9,1,20.67,0,Recoger en tienda,3,LOCAL,0,30,57.00,1,Monday,September,20:40
f29a9141-624a-4aa7-8c0b-6653ad687859,2025-09-09,9,2,1.35,0,Domicilio,4,LOS CANTORES,0,50,62.00,1,Tuesday,September,01:21
d446ea09-4156-48c6-aa66-971ba1945e2f,2025-09-09,9,2,2.15,0,Recoger en tienda,1,LOCAL,0,30,41.00,1,Tuesday,September,02:09
9eb9b6db-35b3-4f0e-8676-a79d7df3bb41,2025-09-09,9,2,22.25,0,Recoger,3,LOCAL,0,30,32.00,1,Tuesday,September,22:15
2c4e6b43-7802-4761-bade-7c7d067c4fd7,2025-09-10,9,3,0.67,0,Recoger,1,LOCAL,0,30,18.00,0,Wednesday,September,00:40
57c25e40-9783-431f-b194-ec76c5c61d91,2025-09-10,9,3,3.87,0,Recoger,6,LOCAL,0,30,50.00,1,Wednesday,September,03:52
2b5e9ab6-2b9c-48f9-b420-33b6f872b6ba,2025-09-12,9,5,18.40,0,Domicilio,3,COLALAMBRE,0,50,44.00,0,Friday,September,18:24
4e4235df-8f01-4a88-9ab6-2b85b77a081e,2025-09-12,9,5,19.05,0,Mostrador,3,LOCAL,0,30,23.00,0,Friday,September,19:03
c38f95a6-65bb-431a-9651-486aede7b162,2025-09-13,9,6,4.20,1,Domicilio,1,CENTRO,0,50,37.00,0,Saturday,September,04:12
ccc924e6-1c86-4f4c-9141-e5ea6f9f5df0,2025-09-13,9,6,21.47,1,Mostrador,6,LOCAL,0,30,45.00,1,Saturday,September,21:28
312eb6b2-d6ab-49d5-bcf9-4dc5ccf3debb,2025-09-13,9,6,22.98,1,Domicilio,3,JUÁREZ,0,50,46.00,0,Saturday,September,22:59
17dde3f7-544a-49dd-b9e8-bc1b63b9139a,2025-09-14,9,7,1.12,1,Recoger,1,LOCAL,0,30,19.00,0,Sunday,September,01:07
2cf8d970-498c-4dfb-9370-51f47f5d69cd,2025-09-14,9,7,1.45,1,Mostrador,3,LOCAL,1,30,43.00,1,Sunday,September,01:27
a90fa9ec-14ed-4995-8b65-6fc28c9b8001,2025-09-14,9,7,1.67,1,Domicilio,2,COLALAMBRE,1,50,54.00,1,Sunday,September,01:40
79dec613-2a26-4335-9612-27c7cd30a56c,2025-09-14,9,7,2.02,1,Mostrador,1,LOCAL,1,30,21.00,0,Sunday,September,02:01
a50bf095-332b-4319-85a3-7b548ed64847,2025-09-14,9,7,4.42,1,Mostrador,1,LOCAL,0,30,35.00,1,Sunday,September,04:25
bcc3c789-e165-4d57-83c7-1b985e0bfd87,2025-09-14,9,7,20.52,1,Mostrador,2,LOCAL,0,30,72.00,1,Sunday,September,20:31
bf43a384-f1e9-4993-88ba-44ea420916bd,2025-09-15,9,1,0.45,0,Recoger,1,LOCAL,0,30,36.00,1,Monday,September,00:27
51d05433-6f64-48a2-a441-009d8123c8ed,2025-09-15,9,1,3.30,0,Recoger en tienda,4,LOCAL,0,30,19.00,0,Monday,September,03:18
4870918b-3e98-4792-950c-67fb827efe17,2025-09-15,9,1,3.47,0,Recoger en tienda,4,LOCAL,1,30,80.00,1,Monday,September,03:28
1b97c427-85b6-4f7b-a0a7-4dae2da9cbbe,2025-09-15,9,1,3.62,0,Mostrador,1,LOCAL,2,30,86.00,1,Monday,September,03:37
b11d7b31-49b1-4849-ba8e-1bdf0dfbab6a,2025-09-15,9,1,4.48,0,Domicilio,4,AVIACIÓN CIVIL,0,50,68.00,1,Monday,September,04:29
ab2bdc05-7c7c-4c4e-bf03-e665c09be467,2025-09-15,9,1,22.88,0,Recoger,3,LOCAL,0,30,79.00,1,Monday,September,22:53
11d0fa22-ead2-43a6-861d-2631747cc889,2025-09-16,9,2,18.13,0,Recoger,2,LOCAL,0,30,24.00,0,Tuesday,September,18:08
745f85d5-e2f8-4f4a-803b-2c00e73b20ab,2025-09-16,9,2,18.35,0,Recoger en tienda,5,LOCAL,1,30,33.00,1,Tuesday,September,18:21
5b8c48ce-3b6b-47bb-873e-8ce6aa0cbb7d,2025-09-17,9,3,0.33,0,Domicilio,1,EL MIRADOR,0,50,81.00,1,Wednesday,September,00:20
76660dd3-98e1-43d4-b503-5011535fde46,2025-09-17,9,3,18.17,0,Recoger,2,LOCAL,0,30,16.00,0,Wednesday,September,18:10
1c7f2d2a-7266-4518-958a-66befa6b488a,2025-09-17,9,3,20.22,0,Domicilio,1,TODOS POR HIDALGO,0,50,74.00,1,Wednesday,September,20:13
754f2151-0c16-47bd-bf8b-c476ef625bbc,2025-09-17,9,3,21.53,0,Domicilio,2,COLALAMBRE,0,50,16.00,0,Wednesday,September,21:32
606c1590-6769-4b5a-8620-b78749f33e98,2025-09-18,9,4,3.82,0,Domicilio,3,JUÁREZ,0,50,15.00,0,Thursday,September,03:49
45b70022-eafe-4306-ad46-74f97289321f,2025-09-19,9,5,4.32,0,Mostrador,4,LOCAL,0,30,21.00,0,Friday,September,04:19
3f3640cb-8e50-4082-9be0-585fa87db4c5,2025-09-19,9,5,19.05,0,Recoger en tienda,2,LOCAL,0,30,31.00,1,Friday,September,19:03
d22233fc-548c-476e-9c81-4bda2b0e87f5,2025-09-20,9,6,18.47,1,Mostrador,3,LOCAL,0,30,70.00,1,Saturday,September,18:28
f354af23-acf6-4971-8a63-77b269a5e78d,2025-09-20,9,6,21.82,1,Domicilio,6,TODOS POR HIDALGO,0,50,44.00,0,Saturday,September,21:49
9f3cc666-19f7-4b7b-8171-88a35bf319e4,2025-09-21,9,7,4.47,1,Recoger en tienda,5,LOCAL,0,30,31.00,1,Sunday,September,04:28
46ca5896-6305-45e2-b10b-9ee29503ddb8,2025-09-21,9,7,19.23,1,Recoger en tienda,4,LOCAL,0,30,44.00,1,Sunday,September,19:14
93673b42-617b-4393-9612-d3a11cbc5d42,2025-09-21,9,7,21.07,1,Recoger en tienda,4,LOCAL,0,30,25.00,0,Sunday,September,21:04
b689dc5d-d8ec-452e-996d-937378f8f7c7,2025-09-21,9,7,22.37,1,Domicilio,5,COLALAMBRE,0,50,23.00,0,Sunday,September,22:22
6773c418-bd0f-404e-8213-8299047efa14,2025-09-22,9,1,1.13,0,Mostrador,2,LOCAL,0,30,21.00,0,Monday,September,01:08
387a945e-7122-4f3c-9cd7-e3dbd275f2f1,2025-09-22,9,1,2.88,0,Domicilio,5,JUÁREZ,0,50,19.00,0,Monday,September,02:53
305bf4d3-ff18-4768-acba-4c33a7e53716,2025-09-22,9,1,4.02,0,Domicilio,2,SANTA IRENE,0,50,,,Monday,September,04:01
0ba2ebe8-6e65-4f9f-8cfb-c27e10ed40d0,2025-09-22,9,1,18.83,0,Mostrador,1,LOCAL,0,30,,,Monday,September,18:50
061c1712-b20b-4ae3-a3fc-2a4f96e34058,2025-09-23,9,2,1.73,0,Recoger,5,LOCAL,0,30,41.00,1,Tuesday,September,01:44
9493e08a-83a3-4543-b98c-6dcb0867b35f,2025-09-23,9,2,19.58,0,Recoger,5,LOCAL,0,30,68.00,1,Tuesday,September,19:35
93db1bff-579d-4fa3-9ff3-aaa266b88e42,2025-09-23,9,2,20.23,0,Domicilio,1,LOS CANTORES,0,50,51.00,1,Tuesday,September,20:14
0db5b95b-0df2-4880-840f-07537dd9da7d,2025-09-24,9,3,0.68,0,Recoger,4,LOCAL,0,30,68.00,1,Wednesday,September,00:41
1ee8d6cb-a16e-46ec-bdf6-107d64da7b4f,2025-09-24,9,3,3.85,0,Recoger,3,LOCAL,0,30,16.00,0,Wednesday,September,03:51
ff607122-0f72-41e3-86c3-e7aea8fa37e3,2025-09-24,9,3,4.18,0,Domicilio,5,TODOS POR HIDALGO,1,50,87.00,1,Wednesday,September,04:11
8d79d5d2-3a00-43dc-b395-2bd034005515,2025-09-25,9,4,0.87,0,Mostrador,2,LOCAL,0,30,53.00,1,Thursday,September,00:52
666ec9e0-ce4d-4b8c-8a11-979f8fa7aa15,2025-09-25,9,4,2.43,0,Recoger en tienda,2,LOCAL,0,30,38.00,1,Thursday,September,02:26
2fa606ff-cfcb-4fe9-b735-9166db948e3b,2025-09-26,9,5,0.42,0,Recoger en tienda,2,LOCAL,0,30,87.00,1,Friday,September,00:25
68007074-3378-42b8-beeb-602ba79c38a0,2025-09-26,9,5,1.27,0,Domicilio,2,TODOS POR HIDALGO,0,50,29.00,0,Friday,September,01:16
0433ee79-1f5e-4b0a-940e-42756e174e86,2025-09-26,9,5,1.65,0,Domicilio,2,CENTRO,1,50,17.00,0,Friday,September,01:39
e529f0f7-013c-4d0e-adcc-3686ee08132e,2025-09-26,9,5,4.38,0,Recoger en tienda,3,LOCAL,0,30,31.00,1,Friday,September,04:23
e3cd1037-3d59-4f33-a73f-c964c6409a68,2025-09-26,9,5,18.38,0,Domicilio,3,EL MIRADOR,0,50,72.00,1,Friday,September,18:23
2ca7a597-9676-4f0e-b577-fa399ad85c79,2025-09-26,9,5,22.37,0,Domicilio,2,COLALAMBRE,0,50,33.00,0,Friday,September,22:22
e12ae0b2-f449-455c-9710-575e7891adb5,2025-09-27,9,6,19.60,1,Domicilio,4,PARQUE DE POBLAMIENTO,0,50,86.00,1,Saturday,September,19:36
d41c5fa8-5c94-4407-92ec-d144308f7753,2025-09-27,9,6,22.38,1,Recoger,1,LOCAL,0,30,47.00,1,Saturday,September,22:23
880296e9-fa37-4aa5-96d8-e1f838af3e05,2025-09-28,9,7,2.87,1,Recoger en tienda,6,LOCAL,0,30,86.00,1,Sunday,September,02:52
665590be-3ec1-4da4-a34b-3f25641c794c,2025-09-28,9,7,2.92,1,Recoger en tienda,2,LOCAL,1,30,63.00,1,Sunday,September,02:55
cce2e1e4-5a6f-44e7-af3d-770bacbbbc3b,2025-09-28,9,7,3.07,1,Domicilio,2,EL MIRADOR,2,50,50.00,0,Sunday,September,03:04
ca1a2972-0660-4ed6-99c6-19ce5d5646a3,2025-09-28,9,7,4.27,1,Domicilio,2,PARQUE DE POBLAMIENTO,0,50,40.00,0,Sunday,September,04:16
21cb0abf-c992-4790-aeaf-1b9db24bc4c5,2025-09-28,9,7,22.63,1,Recoger en tienda,3,LOCAL,0,30,59.00,1,Sunday,September,22:38
ffc5b060-b2f4-4924-a67e-9df77cfc39c8,2025-09-28,9,7,22.93,1,Mostrador,7,LOCAL,1,30,84.00,1,Sunday,September,22:56
9f85d599-781a-4377-969d-e66a11f86374,2025-09-29,9,1,0.00,0,Domicilio,2,EL MIRADOR,0,50,42.00,0,Monday,September,00:00
841c7f0d-a454-4140-b0f0-32011d8a00a6,2025-09-29,9,1,0.78,0,Domicilio,2,CHACATITLA,0,50,40.00,0,Monday,September,00:47
038049e6-916d-40c5-bfb5-c3fe18f05eee,2025-09-29,9,1,1.62,0,Recoger,4,LOCAL,0,30,38.00,1,Monday,September,01:37
695efcfd-ae75-44d1-a86c-c977f0b9e892,2025-09-29,9,1,1.67,0,Recoger,2,LOCAL,1,30,53.00,1,Monday,September,01:40
e107f112-6c9d-48fd-b0cd-4c520dd31794,2025-09-29,9,1,2.65,0,Recoger,1,LOCAL,0,30,32.00,1,Monday,September,02:39
d7ede7ff-125a-49a3-9c62-16920339b124,2025-09-29,9,1,4.40,0,Mostrador,5,LOCAL,0,30,62.00,1,Monday,September,04:24
ac70d175-8760-4eae-802b-0b9b955d3437,2025-09-30,9,2,4.35,0,Domicilio,4,COLALAMBRE,0,50,25.00,0,Tuesday,September,04:21
7baf9bdd-3e9d-41d3-9474-e64c7701ff89,2025-09-30,9,2,20.58,0,Domicilio,4,PARQUE DE POBLAMIENTO,0,50,27.00,0,Tuesday,September,20:35
608fe963-b265-4d18-863c-4eb18c279f6a,2025-10-01,10,3,4.15,0,Domicilio,1,CENTRO,0,50,82.00,1,Wednesday,October,04:09
efcedffa-1972-41f1-a7f4-58bf4e45316a,2025-10-02,10,4,2.25,0,Recoger en tienda,4,LOCAL,0,30,35.00,1,Thursday,October,02:15
9940e534-7135-4727-b812-d55ac4cf4388,2025-10-02,10,4,20.12,0,Recoger en tienda,2,LOCAL,0,30,16.00,0,Thursday,October,20:07
d37636ee-d6ba-4545-b115-48013b9713e6,2025-10-02,10,4,21.42,0,Recoger en tienda,4,LOCAL,0,30,21.00,0,Thursday,October,21:25
3902c98f-4972-45f1-bfff-f2f09f6807d2,2025-10-02,10,4,21.83,0,Recoger en tienda,1,LOCAL,1,30,,,Thursday,October,21:50
280bdef2-5ef0-4272-858a-f2eaf331fc1c,2025-10-03,10,5,2.87,0,Domicilio,2,TODOS POR HIDALGO,0,50,75.00,1,Friday,October,02:52
8e26ef07-c8ae-42a1-85a3-c5aa058fcad0,2025-10-04,10,6,22.12,1,Domicilio,3,TODOS POR HIDALGO,0,50,39.00,0,Saturday,October,22:07
46148d9d-7d26-4aaa-b376-26fd5ffbe7dd,2025-10-05,10,7,1.53,1,Recoger,2,LOCAL,0,30,36.00,1,Sunday,October,01:32
62cf80be-42bc-423c-ae89-05d72d41355c,2025-10-05,10,7,3.03,1,Recoger en tienda,2,LOCAL,0,30,76.00,1,Sunday,October,03:02
b1ca3761-ab88-473b-aee9-d3ac085bdd26,2025-10-05,10,7,19.27,1,Recoger en tienda,6,LOCAL,0,30,22.00,0,Sunday,October,19:16
17ea898a-708b-4a94-aa93-2de5a62bfef2,2025-10-05,10,7,20.85,1,Recoger en tienda,5,LOCAL,0,30,64.00,1,Sunday,October,20:51
7562f002-129e-47a0-ba0e-e6447292e436,2025-10-06,10,1,2.67,0,Domicilio,2,LA LOMITA,0,50,63.00,1,Monday,October,02:40
8721b3e5-9e36-4a91-8d17-e3535a59acb4,2025-10-06,10,1,4.80,0,Recoger,4,LOCAL,0,30,34.00,1,Monday,October,04:48
24733424-dfc6-4df2-bc44-c405db60d5fc,2025-10-06,10,1,18.25,0,Domicilio,1,SANTA IRENE,0,50,35.00,0,Monday,October,18:15
d03fe5b7-3472-417a-8792-6232bb4c1706,2025-10-07,10,2,3.68,0,Domicilio,5,LA LOMITA,0,50,29.00,0,Tuesday,October,03:41
b6906d2d-ab3b-4dc0-a2f0-c314a9b0c6f4,2025-10-08,10,3,0.17,0,Recoger,5,LOCAL,0,30,80.00,1,Wednesday,October,00:10
1d93d81e-64ea-4983-9a8d-bb479db50102,2025-10-08,10,3,4.72,0,Recoger en tienda,2,LOCAL,0,30,87.00,1,Wednesday,October,04:43
05c17e35-d170-4b98-9610-1d9ddcab8e78,2025-10-09,10,4,0.33,0,Domicilio,5,TODOS POR HIDALGO,0,50,51.00,1,Thursday,October,00:20
f2585d09-6c3f-44fc-8e13-c0a76b1c0a96,2025-10-10,10,5,3.18,0,Domicilio,1,JUÁREZ,0,50,17.00,0,Friday,October,03:11
d34e20b5-6f71-4c96-a856-abd97cd6b9eb,2025-10-10,10,5,3.55,0,Recoger en tienda,5,LOCAL,1,30,65.00,1,Friday,October,03:33
a8a0d07a-73f8-446f-a703-6058d7cb8d04,2025-10-10,10,5,4.93,0,Recoger en tienda,6,LOCAL,0,30,82.00,1,Friday,October,04:56
7a0934d1-b254-4093-973c-a8e0fe0ea5b3,2025-10-11,10,6,1.20,1,Recoger,1,LOCAL,0,30,22.00,0,Saturday,October,01:12
6911150d-48ad-4387-a169-cb9d782880bf,2025-10-11,10,6,2.78,1,Recoger,1,LOCAL,0,30,31.00,1,Saturday,October,02:47
a978271a-8102-43a3-b9df-f377aeca29ad,2025-10-12,10,7,2.42,1,Recoger en tienda,3,LOCAL,0,30,60.00,1,Sunday,October,02:25
da24d682-b42d-4047-8197-a7bd3f551cd9,2025-10-12,10,7,2.88,1,Mostrador,2,LOCAL,1,30,30.00,0,Sunday,October,02:53
f573edca-0f8e-4b55-86ea-c8c8a59f14c8,2025-10-12,10,7,4.05,1,Domicilio,5,CHACATITLA,0,50,40.00,0,Sunday,October,04:03
64beef3f-9256-427f-a0f9-22e8683478fd,2025-10-12,10,7,4.08,1,Domicilio,5,PARQUE DE POBLAMIENTO,1,50,78.00,1,Sunday,October,04:05
1d1ae07f-c8ca-483e-ab70-df0de55f60d1,2025-10-12,10,7,4.78,1,Domicilio,5,COLALAMBRE,0,50,45.00,0,Sunday,October,04:47
418907c7-bc25-4d8f-b4c6-0ffa3038d411,2025-10-12,10,7,22.20,1,Recoger en tienda,5,LOCAL,0,30,75.00,1,Sunday,October,22:12
133c9044-cf19-472f-b839-c2c55f267e79,2025-10-12,10,7,22.92,1,Recoger,3,LOCAL,0,30,31.00,1,Sunday,October,22:55
65dfe952-753f-4466-a497-83ccf35352cc,2025-10-12,10,7,22.92,1,Domicilio,2,CHACATITLA,0,50,55.00,1,Sunday,October,22:55
63ccc437-3501-4f93-b3db-2353da298e16,2025-10-13,10,1,0.72,0,Mostrador,6,LOCAL,0,30,40.00,1,Monday,October,00:43
232e679b-7299-4ea0-bfa7-ee457fb18587,2025-10-13,10,1,2.15,0,Domicilio,5,JUÁREZ,0,50,51.00,1,Monday,October,02:09
69088374-6492-4a2c-a026-858010ee5201,2025-10-13,10,1,3.50,0,Recoger,2,LOCAL,0,30,22.00,0,Monday,October,03:30
7b94a452-c30d-4bff-be22-0d1177f3d4f7,2025-10-13,10,1,4.13,0,Domicilio,5,AVIACIÓN CIVIL,0,50,50.00,0,Monday,October,04:08
86a3e6f4-40c4-4267-b0a5-a903f5ec6885,2025-10-14,10,2,21.12,0,Domicilio,3,CENTRO,0,50,,,Tuesday,October,21:07
a263dd42-b6d1-47ca-8aef-3ab685f5cef7,2025-10-15,10,3,4.65,0,Mostrador,3,LOCAL,0,30,82.00,1,Wednesday,October,04:39
d884f5f1-0f1d-460f-b385-3ce96d687711,2025-10-15,10,3,20.40,0,Recoger en tienda,5,LOCAL,0,30,57.00,1,Wednesday,October,20:24
b90338e0-d88d-471d-a8bb-eeb9e305bf36,2025-10-16,10,4,4.90,0,Domicilio,4,TAHUIZÁN,0,50,35.00,0,Thursday,October,04:54
776f80a8-5724-44a0-a531-da39389dd823,2025-10-16,10,4,20.75,0,Mostrador,1,LOCAL,0,30,26.00,0,Thursday,October,20:45
01b1d3dd-ec86-4775-8385-7c441c5d5109,2025-10-17,10,5,18.20,0,Mostrador,4,LOCAL,0,30,76.00,1,Friday,October,18:12
e3a2e882-293a-41ae-b5ee-512d66eb70d5,2025-10-18,10,6,4.13,1,Domicilio,4,JUÁREZ,0,50,,,Saturday,October,04:08
8ae57387-3ebe-4ab2-9a24-6974347a048a,2025-10-18,10,6,4.98,1,Domicilio,5,EL MIRADOR,0,50,,,Saturday,October,04:59
5fe5b3ef-82f4-40b6-8651-621c341432d6,2025-10-18,10,6,18.43,1,Domicilio,3,JUÁREZ,0,50,24.00,0,Saturday,October,18:26
10fd030f-27d7-4f87-92e6-45ee839d9915,2025-10-18,10,6,20.18,1,Domicilio,5,TAHUIZÁN,0,50,77.00,1,Saturday,October,20:11
5e598afb-31ee-49f3-ade3-ac9b97abe8ed,2025-10-18,10,6,21.07,1,Domicilio,4,AVIACIÓN CIVIL,0,50,71.00,1,Saturday,October,21:04
d86c73a0-dd27-433c-8d78-cbca9789973b,2025-10-18,10,6,21.32,1,Domicilio,8,TAHUIZÁN,1,50,69.00,1,Saturday,October,21:19
f2a99625-b4c6-4e21-901f-76bf96c63fa3,2025-10-18,10,6,22.77,1,Domicilio,6,AVIACIÓN CIVIL,0,50,23.00,0,Saturday,October,22:46
f6d710eb-e633-4386-9580-22786b33a63e,2025-10-19,10,7,20.70,1,Recoger en tienda,5,LOCAL,0,30,21.00,0,Sunday,October,20:42
5735c1c2-b7a2-4cb5-9c5f-d27f1414406d,2025-10-19,10,7,21.97,1,Recoger en tienda,1,LOCAL,0,30,37.00,1,Sunday,October,21:58
b4ac5f64-690a-454a-b38f-ad07fb6883a5,2025-10-21,10,2,0.60,0,Recoger,4,LOCAL,0,30,78.00,1,Tuesday,October,00:36
6a27a7bd-fd60-4357-bb74-56f98e12f554,2025-10-21,10,2,18.05,0,Domicilio,4,JUÁREZ,0,50,,,Tuesday,October,18:03
c8771101-0599-46c0-8c41-dd181fb847f3,2025-10-22,10,3,1.25,0,Recoger,5,LOCAL,0,30,83.00,1,Wednesday,October,01:15
5dcab906-70f2-4076-9501-3ef56c6457a1,2025-10-22,10,3,2.77,0,Recoger,6,LOCAL,0,30,82.00,1,Wednesday,October,02:46
83454536-15b2-4ac1-a686-77329bcdc334,2025-10-22,10,3,20.17,0,Recoger en tienda,4,LOCAL,0,30,19.00,0,Wednesday,October,20:10
7d6f97fa-290f-49b8-a564-f30f6db4edc7,2025-10-23,10,4,4.20,0,Mostrador,4,LOCAL,0,30,15.00,0,Thursday,October,04:12
40021120-95a8-4072-97eb-15d33183f993,2025-10-23,10,4,4.37,0,Recoger en tienda,4,LOCAL,1,30,57.00,1,Thursday,October,04:22
9408b6c0-722a-468b-bf5b-466320ef3c2a,2025-10-23,10,4,21.58,0,Recoger en tienda,5,LOCAL,0,30,51.00,1,Thursday,October,21:35
9217aab5-c39a-459c-824c-01d0eb78a9e6,2025-10-24,10,5,2.35,0,Recoger,7,LOCAL,0,30,38.00,1,Friday,October,02:21
89045009-72a7-46cc-b345-ee3a139f3726,2025-10-24,10,5,19.88,0,Recoger en tienda,2,LOCAL,0,30,28.00,0,Friday,October,19:53
b768a2f3-7eb6-4b56-b77c-4733e0bfbdfc,2025-10-25,10,6,0.10,1,Recoger,5,LOCAL,0,30,28.00,0,Saturday,October,00:06
7c307ab6-1121-48e9-a646-c05d7c56e9d3,2025-10-25,10,6,22.28,1,Mostrador,2,LOCAL,0,30,74.00,1,Saturday,October,22:17
93339309-9b8b-4f6b-81b6-2bd543ece36a,2025-10-26,10,7,2.80,1,Recoger,6,LOCAL,0,30,89.00,1,Sunday,October,02:48
62be80e9-896f-478f-a9b6-e71ebd0e5cf0,2025-10-26,10,7,19.57,1,Domicilio,6,SANTA IRENE,0,50,45.00,0,Sunday,October,19:34
e5fc1bac-2996-429c-bdc2-d1492bb6f5cf,2025-10-27,10,1,1.37,0,Domicilio,1,JUÁREZ,0,50,41.00,0,Monday,October,01:22
9778dc71-b96d-46d8-9ce5-f97b37389b33,2025-10-27,10,1,4.25,0,Domicilio,3,PARQUE DE POBLAMIENTO,0,50,40.00,0,Monday,October,04:15
76675e05-b510-4970-8974-d18345531a05,2025-10-27,10,1,19.92,0,Mostrador,6,LOCAL,0,30,37.00,1,Monday,October,19:55
751fadb0-1700-4c7b-bf3a-e4427f06dc30,2025-10-27,10,1,20.60,0,Recoger,2,LOCAL,0,30,21.00,0,Monday,October,20:36
bc7cb513-93cd-4602-bec1-d7d6eeab9e70,2025-10-28,10,2,1.33,0,Recoger en tienda,1,LOCAL,0,30,41.00,1,Tuesday,October,01:20
147199c1-860e-491f-a590-34cd7446563f,2025-10-29,10,3,20.90,0,Recoger en tienda,3,LOCAL,0,30,,,Wednesday,October,20:54
fb2b10ca-4a6d-4003-8a48-b9835c19c6cd,2025-10-29,10,3,22.80,0,Recoger,2,LOCAL,0,30,69.00,1,Wednesday,October,22:48
bb6c7982-8b70-467f-b724-cbc35fe1a5cf,2025-10-30,10,4,20.50,0,Recoger,5,LOCAL,0,30,67.00,1,Thursday,October,20:30
6845be4b-244e-4a36-b740-241fe1dc8ecd,2025-10-31,10,5,1.52,0,Recoger en tienda,6,LOCAL,0,30,,,Friday,October,01:31
987045b0-3384-4e6b-bf02-e54e5b62fed4,2025-10-31,10,5,3.40,0,Domicilio,6,LOS CANTORES,0,50,25.00,0,Friday,October,03:24
b3a8b2b2-1a37-4d0c-9226-5677535bb283,2025-10-31,10,5,21.47,0,Domicilio,5,LA LOMITA,0,50,47.00,0,Friday,October,21:28
714a3d60-a7ce-427e-a782-a7f3738ea99e,2025-10-31,10,5,22.88,0,Recoger,2,LOCAL,0,30,64.00,1,Friday,October,22:53
99715890-e41c-42ba-a7ce-6a99ee7351a9,2025-11-01,11,6,2.73,1,Recoger,7,LOCAL,0,30,84.00,1,Saturday,November,02:44
0de5f549-a66d-4852-942d-0ab5fda2c15c,2025-11-01,11,6,4.25,1,Domicilio,2,JUÁREZ,0,50,,,Saturday,November,04:15
197d8813-92c1-45dc-a551-b5768df23995,2025-11-01,11,6,22.33,1,Recoger en tienda,2,LOCAL,0,30,24.00,0,Saturday,November,22:20
d02729b2-17ac-46a5-b2d5-a5fe675e84f7,2025-11-01,11,6,22.65,1,Recoger,3,LOCAL,1,30,84.00,1,Saturday,November,22:39
bdca7504-27c6-4eee-ace8-2a7d47965868,2025-11-02,11,7,0.22,1,Domicilio,5,CENTRO,0,50,42.00,0,Sunday,November,00:13
a8d9f59a-8998-4943-9a6d-1eb7d2e79c38,2025-11-02,11,7,1.48,1,Domicilio,6,CENTRO,0,50,15.00,0,Sunday,November,01:29
2e465270-e9f0-428d-b32e-a4994f72daf8,2025-11-02,11,7,2.93,1,Recoger,3,LOCAL,0,30,21.00,0,Sunday,November,02:56
6e7f0ad5-d1e8-4e04-b2ca-39bc16eeac0c,2025-11-02,11,7,4.62,1,Recoger,2,LOCAL,0,30,69.00,1,Sunday,November,04:37
dfb41554-8881-496a-8410-70638034fda6,2025-11-03,11,1,0.73,0,Recoger en tienda,4,LOCAL,0,30,87.00,1,Monday,November,00:44
77538f95-31d8-4770-bfec-be8ea3f0b922,2025-11-03,11,1,1.75,0,Mostrador,5,LOCAL,0,30,76.00,1,Monday,November,01:45
3ad1b33b-b91e-4e26-88e7-5d0b3e6484a4,2025-11-03,11,1,1.80,0,Recoger en tienda,1,LOCAL,1,30,20.00,0,Monday,November,01:48
7fe6ee91-27ed-44d4-ae65-09594c6d853a,2025-11-03,11,1,2.53,0,Domicilio,8,SANTA IRENE,0,50,75.00,1,Monday,November,02:32
f7d5aef9-6b62-4bd9-9783-cf63ade16bb4,2025-11-03,11,1,2.67,0,Domicilio,5,LA LOMITA,1,50,44.00,0,Monday,November,02:40
07cae953-7189-4f3d-9b81-56861c0e324b,2025-11-03,11,1,18.23,0,Domicilio,4,TODOS POR HIDALGO,0,50,73.00,1,Monday,November,18:14
053cb824-77ad-47f8-898a-6d53463b52b1,2025-11-03,11,1,22.25,0,Recoger en tienda,1,LOCAL,0,30,42.00,1,Monday,November,22:15
82d8a1ec-14fd-4b95-9ab7-878336b66d52,2025-11-04,11,2,20.63,0,Domicilio,3,LA LOMITA,0,50,84.00,1,Tuesday,November,20:38
75b1406c-84c1-4487-aece-6737b0aaa7f4,2025-11-04,11,2,22.52,0,Domicilio,2,LOS CANTORES,0,50,36.00,0,Tuesday,November,22:31
44eea60c-e86a-4015-8b0e-db0d09a7356e,2025-11-05,11,3,0.90,0,Domicilio,1,LA LOMITA,0,50,50.00,0,Wednesday,November,00:54
54ea45de-27ba-428a-a15c-23954c1aa22a,2025-11-05,11,3,20.35,0,Domicilio,4,TODOS POR HIDALGO,0,50,31.00,0,Wednesday,November,20:21
0e42e0ac-e774-4c82-80c5-842f8a1e5e02,2025-11-05,11,3,20.60,0,Recoger,2,LOCAL,1,30,38.00,1,Wednesday,November,20:36
790f053e-d923-4dde-875a-62a891484c4e,2025-11-07,11,5,2.53,0,Recoger en tienda,3,LOCAL,0,30,49.00,1,Friday,November,02:32
e78d42fc-7f1f-4fad-aedb-12dc44c2196e,2025-11-07,11,5,19.88,0,Recoger en tienda,5,LOCAL,0,30,62.00,1,Friday,November,19:53
7049b71b-9d4c-4afa-a102-e002b2e890dd,2025-11-08,11,6,2.72,1,Recoger en tienda,9,LOCAL,0,30,,,Saturday,November,02:43
33564fd3-46f4-49eb-b117-c2a8ab7eac61,2025-11-08,11,6,3.17,1,Recoger en tienda,5,LOCAL,0,30,54.00,1,Saturday,November,03:10
57266f85-7c77-4183-8c34-03dd3f5c62c7,2025-11-08,11,6,19.67,1,Domicilio,5,COLALAMBRE,0,50,86.00,1,Saturday,November,19:40
1a9e68a4-50ae-46e2-8e87-f698f295d3b5,2025-11-08,11,6,21.00,1,Domicilio,5,LA LOMITA,0,50,88.00,1,Saturday,November,21:00
34dc9026-595e-4929-91fa-99cfc807927c,2025-11-09,11,7,0.58,1,Domicilio,3,TODOS POR HIDALGO,0,50,39.00,0,Sunday,November,00:35
b49d9b5b-9edc-46d9-b519-845ecf3db77a,2025-11-09,11,7,1.72,1,Recoger,2,LOCAL,0,30,,,Sunday,November,01:43
e9ca2905-8dc2-4361-9ad3-fd4ab18e48d6,2025-11-10,11,1,4.65,0,Domicilio,3,JUÁREZ,0,50,87.00,1,Monday,November,04:39
ec91b11a-7c7b-43b9-b967-fc92753fc42e,2025-11-12,11,3,3.67,0,Recoger,7,LOCAL,0,30,,,Wednesday,November,03:40
201a3b16-d56d-4d71-bbe9-ec1cfd9ce73d,2025-11-12,11,3,19.05,0,Recoger en tienda,3,LOCAL,0,30,55.00,1,Wednesday,November,19:03
94bcc31c-4ffa-4c59-9a4a-3a66dd83e3bb,2025-11-12,11,3,22.00,0,Recoger,3,LOCAL,0,30,17.00,0,Wednesday,November,22:00
93c70c2c-1844-4c03-804a-f63f5e1aa385,2025-11-13,11,4,3.27,0,Recoger,4,LOCAL,0,30,33.00,1,Thursday,November,03:16
9e2bb786-89b8-4019-a3e5-7114d1a86b26,2025-11-13,11,4,21.78,0,Domicilio,5,PARQUE DE POBLAMIENTO,0,50,64.00,1,Thursday,November,21:47
7b05367a-33a2-42ac-bbdc-c4a14eb2ff64,2025-11-14,11,5,0.25,0,Domicilio,4,TODOS POR HIDALGO,0,50,40.00,0,Friday,November,00:15
35d30d8e-fcc2-4251-83eb-f1d3b3a0ee81,2025-11-15,11,6,20.27,1,Domicilio,3,SANTA IRENE,0,50,82.00,1,Saturday,November,20:16
564a34b0-c29d-4383-8b2f-e72151899378,2025-11-16,11,7,19.78,1,Domicilio,2,AVIACIÓN CIVIL,0,50,23.00,0,Sunday,November,19:47
01a43d79-f9fd-434e-a253-c88f4e19186b,2025-11-17,11,1,0.40,0,Domicilio,2,JUÁREZ,0,50,40.00,0,Monday,November,00:24
b5992657-a881-402c-893f-3cced9089922,2025-11-17,11,1,4.22,0,Domicilio,2,SANTA IRENE,0,50,22.00,0,Monday,November,04:13
205023c9-179e-4c27-bb0d-a803b49599b1,2025-11-17,11,1,18.17,0,Domicilio,1,CHACATITLA,0,50,80.00,1,Monday,November,18:10
43d6186e-e9ec-47c4-b7cb-995707d3f1cc,2025-11-18,11,2,3.20,0,Domicilio,4,CHACATITLA,0,50,21.00,0,Tuesday,November,03:12
52d59229-898f-49af-b15b-efb227677cc2,2025-11-18,11,2,22.28,0,Domicilio,7,TAHUIZÁN,0,50,37.00,0,Tuesday,November,22:17
0138e8be-a2c9-41c7-b579-296422d8e87e,2025-11-18,11,2,22.37,0,Domicilio,6,EL MIRADOR,1,50,83.00,1,Tuesday,November,22:22
9d0aef68-0af8-4dda-9a17-6c375a342755,2025-11-19,11,3,2.12,0,Mostrador,3,LOCAL,0,30,57.00,1,Wednesday,November,02:07
6279be7d-29be-467e-84d7-e5aaec52fbe6,2025-11-20,11,4,0.32,0,Domicilio,2,LOS CANTORES,0,50,39.00,0,Thursday,November,00:19
2374a67c-2d93-4500-8a0e-21ec9f02ac85,2025-11-20,11,4,3.10,0,Recoger en tienda,1,LOCAL,0,30,40.00,1,Thursday,November,03:06
d37ccc97-45c0-4ad0-bd0b-6b5b19288227,2025-11-20,11,4,3.10,0,Domicilio,1,JUÁREZ,0,50,70.00,1,Thursday,November,03:06
282557c6-1308-42d2-8edd-832b8ef76e0e,2025-11-20,11,4,21.45,0,Domicilio,3,SANTA IRENE,0,50,41.00,0,Thursday,November,21:27
12bd18cf-c379-4777-a71e-d40f769ac30f,2025-11-21,11,5,3.30,0,Recoger en tienda,1,LOCAL,0,30,68.00,1,Friday,November,03:18
2daac3c3-c5ba-49e0-ab1f-e3f685d3d287,2025-11-21,11,5,4.40,0,Domicilio,2,PARQUE DE POBLAMIENTO,0,50,36.00,0,Friday,November,04:24
0e8cff14-d981-4949-b69b-c86f0fc47648,2025-11-21,11,5,4.62,0,Mostrador,5,LOCAL,1,30,25.00,0,Friday,November,04:37
469f1d47-2fb8-443e-bfb9-74f1d7973c5b,2025-11-21,11,5,4.92,0,Mostrador,8,LOCAL,1,30,65.00,1,Friday,November,04:55
8e12c073-4d32-4843-9756-7bd9d993dc84,2025-11-22,11,6,2.43,1,Domicilio,5,PARQUE DE POBLAMIENTO,0,50,56.00,1,Saturday,November,02:26
9616d5c0-b811-4103-be93-3c144f657f40,2025-11-22,11,6,22.75,1,Domicilio,2,TODOS POR HIDALGO,0,50,40.00,0,Saturday,November,22:45
58ed8d48-8f06-43b7-8fc3-897310324076,2025-11-23,11,7,1.12,1,Domicilio,3,JUÁREZ,0,50,78.00,1,Sunday,November,01:07
a3949b18-50d2-4686-b28b-4c2d34fea9e2,2025-11-23,11,7,4.07,1,Recoger,4,LOCAL,0,30,66.00,1,Sunday,November,04:04
76964839-4c39-4a71-9b32-a8382018d783,2025-11-23,11,7,4.77,1,Domicilio,7,SANTA IRENE,0,50,39.00,0,Sunday,November,04:46
61ea999a-4d0b-424a-8dc8-4c36bc3a3d68,2025-11-23,11,7,18.27,1,Domicilio,2,CENTRO,0,50,27.00,0,Sunday,November,18:16
5bdcbc23-0f3f-44c1-b30d-5ab6a9bc88b8,2025-11-23,11,7,18.88,1,Mostrador,1,LOCAL,0,30,,,Sunday,November,18:53
76621e8c-c673-4bb4-bc17-3a1a99677148,2025-11-23,11,7,19.13,1,Mostrador,4,LOCAL,0,30,20.00,0,Sunday,November,19:08
743db84e-ba91-4b36-8335-2a001efb3b54,2025-11-24,11,1,0.33,0,Mostrador,4,LOCAL,0,30,59.00,1,Monday,November,00:20
f665be7d-c3e2-4742-86b7-0afa76f83dbe,2025-11-24,11,1,1.85,0,Mostrador,1,LOCAL,0,30,33.00,1,Monday,November,01:51
292e9b3e-6e0a-4e4f-a7c5-f54a06d858eb,2025-11-24,11,1,3.85,0,Recoger,3,LOCAL,0,30,32.00,1,Monday,November,03:51
15e782a1-5e0e-44fd-a1c7-78e1aa315a1d,2025-11-24,11,1,4.00,0,Recoger en tienda,2,LOCAL,1,30,40.00,1,Monday,November,04:00
ce267598-a525-4986-a4d1-3a89bc210270,2025-11-25,11,2,19.17,0,Recoger en tienda,5,LOCAL,0,30,43.00,1,Tuesday,November,19:10
9793b7f3-a678-43f7-9fd0-a5390d56f473,2025-11-26,11,3,1.05,0,Recoger,8,LOCAL,0,30,36.00,1,Wednesday,November,01:03
6afcd061-51ae-4754-865c-da1e70ec7998,2025-11-28,11,5,21.93,0,Recoger en tienda,3,LOCAL,0,30,,,Friday,November,21:56
e7b14a6e-cb4c-4c5b-afeb-e3bfb8710209,2025-11-29,11,6,21.83,1,Recoger en tienda,2,LOCAL,0,30,21.00,0,Saturday,November,21:50
eb0e12f5-13a0-4c9b-a576-35334463c57d,2025-11-30,11,7,0.25,1,Recoger,3,LOCAL,0,30,70.00,1,Sunday,November,00:15
abf53b7d-efb2-4f04-b667-5cb5e62e14e7,2025-11-30,11,7,0.77,1,Recoger en tienda,5,LOCAL,0,30,45.00,1,Sunday,November,00:46
e2bda7e5-164f-4f6c-b248-2d720d1a222e,2025-11-30,11,7,4.68,1,Recoger,2,LOCAL,0,30,86.00,1,Sunday,November,04:41
280a91c8-633b-4e6c-96fd-1eb660d41213,2025-11-30,11,7,18.80,1,Recoger en tienda,3,LOCAL,0,30,87.00,1,Sunday,November,18:48
9ac3ed08-7b87-44ee-9304-72cadbdeccb5,2025-12-01,12,1,0.07,0,Domicilio,1,COLALAMBRE,0,50,46.00,0,Monday,December,00:04
9fb7fde2-2a13-4139-b853-d2977bbd8752,2025-12-01,12,1,4.10,0,Mostrador,3,LOCAL,0,30,21.00,0,Monday,December,04:06
6d0c2836-f01f-411c-92fd-f9e3a0d0dd6f,2025-12-01,12,1,22.73,0,Domicilio,2,AVIACIÓN CIVIL,0,50,60.00,1,Monday,December,22:44
74597f5c-13ec-41dd-8b59-3155c9dffffe,2025-12-02,12,2,19.27,0,Recoger,1,LOCAL,0,30,15.00,0,Tuesday,December,19:16
6f6afa17-9375-40cd-8305-b2d6666a0ac5,2025-12-03,12,3,0.93,0,Recoger,4,LOCAL,0,30,18.00,0,Wednesday,December,00:56
f7e71976-55a1-424b-abb3-c10ae61aa341,2025-12-06,12,6,1.65,1,Domicilio,3,CHACATITLA,0,50,35.00,0,Saturday,December,01:39
129817f8-c47b-4d7d-9ed2-660b6865c7d0,2025-12-06,12,6,1.82,1,Mostrador,5,LOCAL,1,30,26.00,0,Saturday,December,01:49
6962e059-66cb-42d8-b36b-76606687a4e2,2025-12-06,12,6,2.98,1,Domicilio,2,TODOS POR HIDALGO,0,50,66.00,1,Saturday,December,02:59
4e913bff-6cff-4b32-b03e-9ec4e506b1e9,2025-12-06,12,6,3.77,1,Recoger en tienda,7,LOCAL,0,30,16.00,0,Saturday,December,03:46
577d4d87-c6e8-4b57-af7d-f93d7eae1737,2025-12-06,12,6,18.80,1,Mostrador,3,LOCAL,0,30,24.00,0,Saturday,December,18:48
db140ac8-0561-4bfe-b65b-8bd03b625100,2025-12-06,12,6,19.83,1,Mostrador,1,LOCAL,0,30,31.00,1,Saturday,December,19:50
e4277fdc-1e54-4889-8895-974cf460e877,2025-12-07,12,7,3.25,1,Domicilio,5,EL MIRADOR,0,50,67.00,1,Sunday,December,03:15
65c47829-59ce-4e94-8c43-8d9a9cb33539,2025-12-08,12,1,0.60,0,Recoger en tienda,3,LOCAL,0,30,87.00,1,Monday,December,00:36
5d8a151e-6b14-4c7c-bec6-485c492c7988,2025-12-08,12,1,2.78,0,Domicilio,2,PARQUE DE POBLAMIENTO,0,50,,,Monday,December,02:47
fec5a0ef-39e1-4acb-bd37-02cfd7def0d1,2025-12-08,12,1,2.93,0,Recoger en tienda,1,LOCAL,0,30,73.00,1,Monday,December,02:56
3209938d-61a8-4bc5-afb6-32e125a1f5da,2025-12-09,12,2,1.90,0,Recoger en tienda,3,LOCAL,0,30,71.00,1,Tuesday,December,01:54
24468574-2d35-44aa-a822-d1b0ecf83181,2025-12-10,12,3,1.13,0,Domicilio,1,TAHUIZÁN,0,50,69.00,1,Wednesday,December,01:08
2e9e551e-7640-4fd9-b8bc-4b1cb723cad7,2025-12-10,12,3,3.75,0,Domicilio,5,SANTA IRENE,0,50,80.00,1,Wednesday,December,03:45
77862a61-11e0-4fc8-90fb-c8a24bb5ff14,2025-12-11,12,4,0.83,0,Domicilio,2,SANTA IRENE,0,50,41.00,0,Thursday,December,00:50
8fdae541-7e3b-436d-9ebb-ec3d3f5d10b7,2025-12-11,12,4,1.72,0,Domicilio,1,EL MIRADOR,0,50,65.00,1,Thursday,December,01:43
e1daf516-a3e9-4762-9fce-b537a56f684e,2025-12-11,12,4,4.63,0,Recoger,2,LOCAL,0,30,85.00,1,Thursday,December,04:38
ac603c02-9321-48fb-9bf6-ee256e749b72,2025-12-11,12,4,18.70,0,Recoger,2,LOCAL,0,30,84.00,1,Thursday,December,18:42
76740583-a848-454e-94ff-02b82c824a93,2025-12-12,12,5,2.67,0,Domicilio,1,LA LOMITA,0,50,76.00,1,Friday,December,02:40
e396ecd7-732c-439f-ae92-ca1963e13330,2025-12-12,12,5,18.03,0,Mostrador,3,LOCAL,0,30,87.00,1,Friday,December,18:02
59f6afb2-eb92-4be8-af62-5228d6378f41,2025-12-13,12,6,0.00,1,Recoger,4,LOCAL,0,30,48.00,1,Saturday,December,00:00
5c4d054e-d3c5-433d-9047-0cfe936a075d,2025-12-13,12,6,0.60,1,Mostrador,1,LOCAL,0,30,19.00,0,Saturday,December,00:36
548909ef-ffaa-48fa-8e4c-264665d57f04,2025-12-13,12,6,18.07,1,Recoger en tienda,3,LOCAL,0,30,39.00,1,Saturday,December,18:04
1187f313-a422-4e0b-9e4c-41bd478e51be,2025-12-14,12,7,1.57,1,Domicilio,3,SANTA IRENE,0,50,62.00,1,Sunday,December,01:34
2ca375e8-03a5-4d55-a408-a25777dee0f6,2025-12-14,12,7,2.15,1,Recoger en tienda,1,LOCAL,0,30,51.00,1,Sunday,December,02:09
cb73675c-3d78-4147-81ed-4955791efa6a,2025-12-14,12,7,4.33,1,Domicilio,3,COLALAMBRE,0,50,57.00,1,Sunday,December,04:20
886a49e8-9053-449e-a3b8-5fd595299fcf,2025-12-14,12,7,20.50,1,Recoger,7,LOCAL,0,30,59.00,1,Sunday,December,20:30
bc56acf0-a3b4-4a86-b1f2-498a7311fe48,2025-12-15,12,1,3.50,0,Mostrador,3,LOCAL,0,30,,,Monday,December,03:30
a6862d2c-1337-480b-87af-01c0cef256d3,2025-12-15,12,1,19.78,0,Mostrador,1,LOCAL,0,30,76.00,1,Monday,December,19:47
3a8a59c9-8a6c-4792-b0c4-394b24c9e560,2025-12-17,12,3,21.13,0,Domicilio,5,SANTA IRENE,0,50,31.00,0,Wednesday,December,21:08
3cce71dd-c380-48a2-81da-07b2425fd5e9,2025-12-17,12,3,21.65,0,Mostrador,5,LOCAL,0,30,81.00,1,Wednesday,December,21:39
ee2a5ce0-a720-4ffd-bd3e-6c1091366d4f,2025-12-18,12,4,0.63,0,Recoger en tienda,1,LOCAL,0,30,23.00,0,Thursday,December,00:38
f815c290-2d68-4061-b52b-7d70982626ec,2025-12-18,12,4,4.58,0,Recoger,1,LOCAL,0,30,23.00,0,Thursday,December,04:35
becc72c5-748a-48b3-924e-18318e5398e7,2025-12-18,12,4,18.33,0,Recoger en tienda,1,LOCAL,0,30,45.00,1,Thursday,December,18:20
a476f33c-0027-463e-865f-87cfe451eee4,2025-12-18,12,4,20.15,0,Domicilio,4,CENTRO,0,50,42.00,0,Thursday,December,20:09
2ea2fe74-845f-4915-8f31-349555a419b2,2025-12-19,12,5,0.80,0,Recoger en tienda,5,LOCAL,0,30,19.00,0,Friday,December,00:48
9bb4ef8b-6cee-439d-8e78-5cc7aad1938a,2025-12-19,12,5,2.92,0,Recoger en tienda,1,LOCAL,0,30,42.00,1,Friday,December,02:55
9ad85c01-0db1-462b-937e-e46163a5099c,2025-12-19,12,5,3.30,0,Domicilio,2,LOS CANTORES,1,50,80.00,1,Friday,December,03:18
8fae99b9-2f55-4c2f-a8e1-64a24c3cdabf,2025-12-19,12,5,4.13,0,Recoger,1,LOCAL,0,30,71.00,1,Friday,December,04:08
fbce7b66-6e51-4016-bd5e-a35c333dcb1a,2025-12-19,12,5,4.58,0,Mostrador,5,LOCAL,1,30,43.00,1,Friday,December,04:35
b149018c-8379-40ab-bb99-fb89df52d306,2025-12-19,12,5,19.03,0,Mostrador,5,LOCAL,0,30,47.00,1,Friday,December,19:02
b00f6ddd-5f98-40ef-8069-a7fe866a92c8,2025-12-20,12,6,21.48,1,Domicilio,5,TAHUIZÁN,0,50,57.00,1,Saturday,December,21:29
dcad4390-fdb5-42ba-868a-7c3c5d720ca9,2025-12-21,12,7,2.18,1,Domicilio,4,CHACATITLA,0,50,41.00,0,Sunday,December,02:11
c0051de9-7db2-405e-9a6a-9c171679e31a,2025-12-21,12,7,3.62,1,Recoger en tienda,1,LOCAL,0,30,31.00,1,Sunday,December,03:37
77dc2e6a-0fe0-4f1f-841f-a28662dc6cf5,2025-12-21,12,7,19.17,1,Recoger en tienda,1,LOCAL,0,30,63.00,1,Sunday,December,19:10
e47d4c26-e486-409a-a36d-fc129309fac0,2025-12-21,12,7,22.13,1,Recoger,3,LOCAL,0,30,83.00,1,Sunday,December,22:08
b10170b9-2ef7-4e24-a418-ce1fc59f4442,2025-12-22,12,1,1.17,0,Domicilio,1,EL MIRADOR,0,50,,,Monday,December,01:10
ac2d49c2-c936-4c67-ab09-0c9c0cdc5f8d,2025-12-22,12,1,1.90,0,Domicilio,3,COLALAMBRE,0,50,40.00,0,Monday,December,01:54
4b6c1a4e-b800-46b1-b373-09460b26ec65,2025-12-22,12,1,4.17,0,Mostrador,4,LOCAL,0,30,49.00,1,Monday,December,04:10
301945b1-5f7a-4ad3-bca4-4e7a4831ebad,2025-12-24,12,3,1.10,0,Recoger,5,LOCAL,0,30,20.00,0,Wednesday,December,01:06
4c664ea6-d89e-4364-a003-7ef268e63cc0,2025-12-25,12,4,0.92,0,Domicilio,7,CHACATITLA,0,50,65.00,1,Thursday,December,00:55
a445ba8e-4e68-489f-b4c2-50e4fba7cc5b,2025-12-25,12,4,3.62,0,Recoger,2,LOCAL,0,30,49.00,1,Thursday,December,03:37
b12ce493-6b74-4a5d-859b-9473df34b030,2025-12-26,12,5,0.55,0,Recoger en tienda,3,LOCAL,0,30,36.00,1,Friday,December,00:33
1073f798-5a55-441e-a85b-26a2ccffe27f,2025-12-26,12,5,4.48,0,Mostrador,2,LOCAL,0,30,17.00,0,Friday,December,04:29
cee14ae9-bb42-4dcb-9540-125f2c2e7738,2025-12-26,12,5,22.48,0,Mostrador,5,LOCAL,0,30,19.00,0,Friday,December,22:29
3c2ba980-34c0-451e-bccb-f52fea638c7b,2025-12-27,12,6,2.98,1,Recoger en tienda,1,LOCAL,0,30,18.00,0,Saturday,December,02:59
2066bf5b-d7b8-4e95-96ee-0d04ee45b19b,2025-12-27,12,6,3.17,1,Mostrador,4,LOCAL,1,30,82.00,1,Saturday,December,03:10
f651334e-4192-4b38-8787-60d0200d9f7d,2025-12-27,12,6,4.97,1,Recoger,1,LOCAL,0,30,,,Saturday,December,04:58
50caf939-e698-417b-b211-a78198e3537f,2025-12-28,12,7,0.00,1,Domicilio,3,SANTA IRENE,0,50,51.00,1,Sunday,December,00:00
fc85eb17-eb86-4a6c-abb6-b8878ec90b4c,2025-12-28,12,7,0.95,1,Recoger,8,LOCAL,0,30,32.00,1,Sunday,December,00:57
7e3dc1fb-bc58-4cee-89e3-f4e0dee7f416,2025-12-29,12,1,2.20,0,Domicilio,5,TAHUIZÁN,0,50,45.00,0,Monday,December,02:12
acafcafd-d0ca-4c02-9e02-d112c78a0e74,2025-12-29,12,1,4.38,0,Recoger,5,LOCAL,0,30,,,Monday,December,04:23
64e3a3d5-d628-4fad-85dc-8846b222da8f,2025-12-29,12,1,4.55,0,Recoger,6,LOCAL,0,30,25.00,0,Monday,December,04:33
4a127b14-686c-4e45-9c83-3390617a5771,2025-12-31,12,3,19.68,0,Mostrador,5,LOCAL,0,30,89.00,1,Wednesday,December,19:41
cecc518b-143f-43d1-af23-fd87bd33d8a1,2025-12-31,12,3,20.15,0,Domicilio,1,AVIACIÓN CIVIL,1,50,33.00,0,Wednesday,December,20:09
41150b36-dde3-4b51-bb40-77dcbf42f6c4,2026-01-01,1,4,2.28,0,Recoger en tienda,1,LOCAL,0,30,16.00,0,Thursday,January,02:17
4a803369-69c5-4f7b-93ef-e0922f6c2327,2026-01-01,1,4,22.20,0,Recoger,4,LOCAL,0,30,18.00,0,Thursday,January,22:12
d80abe4f-7cca-4d47-b5ba-60265e7ebe24,2026-01-01,1,4,22.77,0,Mostrador,3,LOCAL,0,30,77.00,1,Thursday,January,22:46
bac49226-fe4e-4289-9e9e-1bece1a153ad,2026-01-02,1,5,2.60,0,Recoger,1,LOCAL,0,30,45.00,1,Friday,January,02:36
44baa254-a2e3-4948-ae1b-9e2da7e8bac1,2026-01-02,1,5,4.55,0,Recoger,2,LOCAL,0,30,29.00,0,Friday,January,04:33
c3e0dbcf-97ec-4d82-ade4-51ab459d64ae,2026-01-02,1,5,4.75,0,Recoger en tienda,6,LOCAL,1,30,71.00,1,Friday,January,04:45
7d61c8e1-8e65-4dc1-82b2-aaca36482bbd,2026-01-03,1,6,2.47,1,Domicilio,3,TODOS POR HIDALGO,0,50,22.00,0,Saturday,January,02:28
d564f170-50e1-481d-8d8c-bf8b0652eb44,2026-01-04,1,7,0.67,1,Domicilio,5,CHACATITLA,0,50,42.00,0,Sunday,January,00:40
984c259e-8170-4ff0-b3ad-23fa50ebe8ee,2026-01-04,1,7,19.87,1,Recoger en tienda,4,LOCAL,0,30,51.00,1,Sunday,January,19:52
f03860de-d826-45c9-ac42-4dfbc42ed0f1,2026-01-04,1,7,22.43,1,Recoger,6,LOCAL,0,30,38.00,1,Sunday,January,22:26
db83f20f-d303-4453-b7f6-310f5f3b2f4a,2026-01-05,1,1,0.80,0,Domicilio,7,JUÁREZ,0,50,25.00,0,Monday,January,00:48
159613d3-6225-4943-86ad-4cb83afd41e3,2026-01-05,1,1,2.95,0,Mostrador,7,LOCAL,0,30,65.00,1,Monday,January,02:57
3bc981ca-0ef3-4690-893b-6530844ae5e2,2026-01-05,1,1,20.33,0,Mostrador,6,LOCAL,0,30,39.00,1,Monday,January,20:20
075f591a-9c35-4ded-9a5d-909cde0747e9,2026-01-06,1,2,3.02,0,Recoger en tienda,3,LOCAL,0,30,71.00,1,Tuesday,January,03:01
0a24454d-fc2c-4739-863b-2fd174f659e9,2026-01-06,1,2,22.05,0,Recoger en tienda,2,LOCAL,0,30,19.00,0,Tuesday,January,22:03
812114c5-462d-42d5-9405-a70c00f18a9f,2026-01-07,1,3,1.00,0,Recoger en tienda,2,LOCAL,0,30,15.00,0,Wednesday,January,01:00
99719632-d5dd-4678-9aed-b09ea41a653c,2026-01-09,1,5,0.62,0,Mostrador,1,LOCAL,0,30,63.00,1,Friday,January,00:37
866e58f8-0109-4c31-8c84-28f23f665250,2026-01-09,1,5,2.78,0,Recoger en tienda,2,LOCAL,0,30,89.00,1,Friday,January,02:47
7e117a6b-d83b-49d2-9b57-3a20abc252e7,2026-01-09,1,5,21.03,0,Domicilio,4,LOS CANTORES,0,50,57.00,1,Friday,January,21:02
cf140eb7-5ef1-41f4-9e75-a2b6cc397603,2026-01-10,1,6,3.78,1,Domicilio,7,CHACATITLA,0,50,53.00,1,Saturday,January,03:47
b7f4b942-e063-4853-a723-f4bce1079905,2026-01-10,1,6,21.33,1,Recoger en tienda,1,LOCAL,0,30,41.00,1,Saturday,January,21:20
7a45f8f2-1d3d-4260-835e-daa6ba7c0ad0,2026-01-11,1,7,0.80,1,Recoger,3,LOCAL,0,30,80.00,1,Sunday,January,00:48
af303845-4388-4232-a038-8efa245eb354,2026-01-11,1,7,1.57,1,Recoger en tienda,4,LOCAL,0,30,48.00,1,Sunday,January,01:34
3ca96c12-1c05-40af-8313-bdeca64dbdd4,2026-01-11,1,7,4.30,1,Recoger en tienda,7,LOCAL,0,30,33.00,1,Sunday,January,04:18
0a946136-853e-4bfc-a31c-7338e3d9b99a,2026-01-11,1,7,19.48,1,Recoger en tienda,1,LOCAL,0,30,41.00,1,Sunday,January,19:29
37550503-a1ae-4c53-9f90-605103ebc514,2026-01-11,1,7,20.03,1,Domicilio,5,PARQUE DE POBLAMIENTO,0,50,35.00,0,Sunday,January,20:02
c78e799a-574a-4147-8efe-33952ebdad32,2026-01-11,1,7,20.10,1,Mostrador,2,LOCAL,1,30,61.00,1,Sunday,January,20:06
a652dc1a-04f4-425a-b3c2-13f0feaec605,2026-01-12,1,1,0.03,0,Mostrador,1,LOCAL,0,30,72.00,1,Monday,January,00:02
db238742-8e4c-4cf0-8e5e-f256a7df5f63,2026-01-12,1,1,0.15,0,Recoger,5,LOCAL,1,30,59.00,1,Monday,January,00:09
9ee71d7e-b33e-45e9-95e9-1290cf518a71,2026-01-12,1,1,0.30,0,Domicilio,1,JUÁREZ,2,50,72.00,1,Monday,January,00:18
253a6d64-ccb9-48dc-8ddd-4e5af62a2928,2026-01-12,1,1,2.17,0,Recoger,5,LOCAL,0,30,22.00,0,Monday,January,02:10
bdc70973-b1da-4a09-9510-472eccbd3493,2026-01-12,1,1,3.45,0,Recoger,4,LOCAL,0,30,32.00,1,Monday,January,03:27
bd01e2cf-90aa-4fa7-9292-9bffd993e633,2026-01-13,1,2,0.22,0,Domicilio,5,LA LOMITA,0,50,43.00,0,Tuesday,January,00:13
cd18e7b9-ecbd-414d-97c8-62ce37cae9b3,2026-01-14,1,3,3.55,0,Recoger en tienda,4,LOCAL,0,30,72.00,1,Wednesday,January,03:33
17de7263-d463-41f0-8d64-0fddd6b53c60,2026-01-14,1,3,4.15,0,Domicilio,3,LOS CANTORES,0,50,40.00,0,Wednesday,January,04:09
7de9343e-baa3-46fa-b25b-6fd5947b6f23,2026-01-15,1,4,3.10,0,Recoger,1,LOCAL,0,30,,,Thursday,January,03:06
910367d9-da4f-4145-b8ae-960802456621,2026-01-15,1,4,3.50,0,Recoger,6,LOCAL,0,30,15.00,0,Thursday,January,03:30
ff5aa9b4-50d2-4c1a-a1d0-8961be778166,2026-01-15,1,4,19.92,0,Recoger,5,LOCAL,0,30,75.00,1,Thursday,January,19:55
56ee1d75-3707-4f11-b98f-b3db476fa410,2026-01-16,1,5,0.17,0,Recoger en tienda,6,LOCAL,0,30,36.00,1,Friday,January,00:10
100cf668-cb72-4c3a-83fc-0d448c005ef9,2026-01-16,1,5,2.08,0,Recoger en tienda,3,LOCAL,0,30,60.00,1,Friday,January,02:05
02d07e0f-fad9-422c-b38d-edc564008f36,2026-01-16,1,5,3.23,0,Recoger,5,LOCAL,0,30,64.00,1,Friday,January,03:14
320ca00d-6d22-4fff-acf5-acb42da745c9,2026-01-16,1,5,18.68,0,Mostrador,3,LOCAL,0,30,31.00,1,Friday,January,18:41
dd3ca500-4817-4715-98bb-6bd44d381500,2026-01-18,1,7,0.45,1,Recoger,2,LOCAL,0,30,36.00,1,Sunday,January,00:27
fbe6b62e-674d-4eec-bcb3-d32e41d3231d,2026-01-18,1,7,1.02,1,Recoger,5,LOCAL,0,30,,,Sunday,January,01:01
c65481f2-9d4d-4bf4-b0a8-f3692fc71989,2026-01-18,1,7,1.18,1,Recoger en tienda,8,LOCAL,0,30,32.00,1,Sunday,January,01:11
328f9527-f530-406a-8d72-8fdcb1c2e9ff,2026-01-18,1,7,3.68,1,Mostrador,2,LOCAL,0,30,53.00,1,Sunday,January,03:41
ddb729d2-ce73-467a-becd-7d67eefe7c9d,2026-01-18,1,7,20.03,1,Domicilio,4,TAHUIZÁN,0,50,36.00,0,Sunday,January,20:02
e5695e3c-f275-4083-9684-480fb148a69c,2026-01-19,1,1,2.55,0,Domicilio,1,LOS CANTORES,0,50,78.00,1,Monday,January,02:33
d1c4fcbd-d938-4f90-b86a-9d45ff4ee5bc,2026-01-19,1,1,2.75,0,Domicilio,5,AVIACIÓN CIVIL,1,50,41.00,0,Monday,January,02:45
55218238-ec9a-4de8-88e1-b663b1786174,2026-01-19,1,1,20.52,0,Mostrador,3,LOCAL,0,30,57.00,1,Monday,January,20:31
79e744b9-ad92-4092-aaf8-90881a71fdbf,2026-01-19,1,1,21.68,0,Mostrador,4,LOCAL,0,30,22.00,0,Monday,January,21:41
009ad243-08f8-406f-bdaf-22469e0e6a35,2026-01-20,1,2,0.30,0,Recoger en tienda,1,LOCAL,0,30,,,Tuesday,January,00:18
0f3aef14-a5f4-4670-936b-78ee340184f0,2026-01-20,1,2,2.77,0,Recoger en tienda,6,LOCAL,0,30,26.00,0,Tuesday,January,02:46
d97580ce-e956-4c57-bba0-4d862edd58ec,2026-01-22,1,4,0.73,0,Domicilio,2,AVIACIÓN CIVIL,0,50,35.00,0,Thursday,January,00:44
d7ad66ef-7431-4e7b-bc2b-d9516f2e3abd,2026-01-22,1,4,19.90,0,Recoger,5,LOCAL,0,30,56.00,1,Thursday,January,19:54
92a94d5b-c023-4429-b012-1f91f171886f,2026-01-23,1,5,1.52,0,Recoger,2,LOCAL,0,30,,,Friday,January,01:31
60f7d872-d796-409b-9011-bad9d91429e8,2026-01-23,1,5,3.53,0,Domicilio,6,CHACATITLA,0,50,18.00,0,Friday,January,03:32
6451f215-a718-4148-bbb0-bcff21eb818b,2026-01-23,1,5,3.85,0,Mostrador,4,LOCAL,1,30,66.00,1,Friday,January,03:51
ec968554-8a06-4d07-be73-35925ecf0f9a,2026-01-23,1,5,18.93,0,Domicilio,3,CHACATITLA,0,50,55.00,1,Friday,January,18:56
aaad96fc-910a-4cbb-a3e9-42a6aa9bf9b2,2026-01-24,1,6,0.28,1,Recoger,3,LOCAL,0,30,48.00,1,Saturday,January,00:17
127e242d-02d4-4822-a715-29632dc61a17,2026-01-24,1,6,1.03,1,Mostrador,3,LOCAL,0,30,70.00,1,Saturday,January,01:02
f36f0776-499f-4f89-a3f4-0f6f8c609dbf,2026-01-24,1,6,3.40,1,Domicilio,3,JUÁREZ,0,50,76.00,1,Saturday,January,03:24
7cbf0d96-072c-41b0-80a1-65354a55af54,2026-01-24,1,6,18.50,1,Mostrador,5,LOCAL,0,30,42.00,1,Saturday,January,18:30
272a4234-e546-48bd-979c-118e3d04d938,2026-01-24,1,6,18.97,1,Domicilio,3,EL MIRADOR,1,50,57.00,1,Saturday,January,18:58
df922f2c-3955-4ab3-a7e8-d4328455ff8e,2026-01-24,1,6,20.73,1,Domicilio,3,SANTA IRENE,0,50,66.00,1,Saturday,January,20:44
542a81bc-a0cc-451d-8215-1513c75115f5,2026-01-25,1,7,22.90,1,Mostrador,4,LOCAL,0,30,23.00,0,Sunday,January,22:54
6693eb00-fa8c-4000-92a8-177f401a3ab8,2026-01-26,1,1,3.08,0,Recoger,5,LOCAL,0,30,,,Monday,January,03:05
4b944d9a-32fc-4ab0-98fe-4723fee42305,2026-01-26,1,1,4.67,0,Mostrador,1,LOCAL,0,30,47.00,1,Monday,January,04:40
bb9247b9-3f81-478a-8d9b-870417b9c613,2026-01-27,1,2,3.63,0,Mostrador,3,LOCAL,0,30,25.00,0,Tuesday,January,03:38
f9c353d3-15c8-404c-8b03-133600f4496f,2026-01-27,1,2,20.12,0,Domicilio,1,COLALAMBRE,0,50,17.00,0,Tuesday,January,20:07
32e47058-381e-494e-9c15-d562a35d057b,2026-01-27,1,2,22.82,0,Mostrador,5,LOCAL,0,30,,,Tuesday,January,22:49
af083f79-dead-437a-8623-ef914d7569a7,2026-01-28,1,3,2.47,0,Domicilio,4,COLALAMBRE,0,50,71.00,1,Wednesday,January,02:28
5169ed1e-59d7-45dc-89a8-9c63d41a4445,2026-01-29,1,4,19.30,0,Mostrador,2,LOCAL,0,30,25.00,0,Thursday,January,19:18
06e44c0b-83a6-4cb1-9f76-5767e8f74751,2026-01-29,1,4,20.18,0,Domicilio,1,COLALAMBRE,0,50,68.00,1,Thursday,January,20:11
ad2aa03d-e0fb-4306-9bbe-fb2f4cb637c2,2026-01-30,1,5,20.27,0,Domicilio,6,LA LOMITA,0,50,83.00,1,Friday,January,20:16
8bc6da4b-4794-4186-84e7-e3bcb8c4aad2,2026-01-31,1,6,0.32,1,Recoger en tienda,2,LOCAL,0,30,,,Saturday,January,00:19
2fddc1c3-69ff-4da3-874c-eb513bde2bf6,2026-02-01,2,7,0.38,1,Domicilio,4,CHACATITLA,0,50,19.00,0,Sunday,February,00:23
ac0534d3-5fca-4270-b7b8-c9653d9d9e6a,2026-02-01,2,7,0.97,1,Recoger,4,LOCAL,0,30,72.00,1,Sunday,February,00:58
609a3aa6-09fc-4ad4-97f0-cc947b8c46b9,2026-02-01,2,7,0.98,1,Mostrador,4,LOCAL,1,30,,,Sunday,February,00:59
edb23f6b-2d6c-42af-a643-1bdd57c469d2,2026-02-01,2,7,1.00,1,Domicilio,1,LOS CANTORES,1,50,,,Sunday,February,01:00
7a7b1cc6-fa53-44cd-b7d1-3e2e9792d50c,2026-02-01,2,7,2.05,1,Domicilio,4,LA LOMITA,0,50,42.00,0,Sunday,February,02:03
b17f5319-0ec9-4f74-8859-560ee3bb8388,2026-02-01,2,7,3.38,1,Recoger,8,LOCAL,0,30,18.00,0,Sunday,February,03:23
06c785f1-3164-474e-a557-6b929438228b,2026-02-01,2,7,4.43,1,Recoger,3,LOCAL,0,30,82.00,1,Sunday,February,04:26
3235b2e8-c8e3-409c-abba-294c2d9090da,2026-02-02,2,1,18.57,0,Mostrador,1,LOCAL,0,30,22.00,0,Monday,February,18:34
be5bf5c6-5ba1-41b5-b0cd-cd902932557a,2026-02-02,2,1,18.98,0,Recoger en tienda,5,LOCAL,1,30,,,Monday,February,18:59
6023ca03-f2d2-4b6b-9510-6e578f57bad1,2026-02-04,2,3,1.10,0,Recoger,4,LOCAL,0,30,,,Wednesday,February,01:06
11b3e65c-4fb6-4a4d-8769-c5c3625cb989,2026-02-04,2,3,1.82,0,Recoger en tienda,2,LOCAL,0,30,73.00,1,Wednesday,February,01:49
a1a5e5f1-7b97-44a5-b0e1-4331760367c6,2026-02-04,2,3,2.73,0,Mostrador,3,LOCAL,0,30,29.00,0,Wednesday,February,02:44
5ab3600b-e1cd-446e-b69c-6e15df6ca046,2026-02-04,2,3,22.90,0,Mostrador,5,LOCAL,0,30,18.00,0,Wednesday,February,22:54
47192ec8-1e72-456b-b268-6d74419bcd00,2026-02-05,2,4,0.45,0,Recoger,6,LOCAL,0,30,38.00,1,Thursday,February,00:27
ed80b46b-a86a-4459-ab02-76b8dd330860,2026-02-05,2,4,0.65,0,Domicilio,3,LA LOMITA,1,50,82.00,1,Thursday,February,00:39
bdbb2b7f-afe3-4f54-999c-d0c98e1ebb51,2026-02-05,2,4,3.75,0,Recoger en tienda,2,LOCAL,0,30,86.00,1,Thursday,February,03:45
642636b0-9181-4632-b6f9-2df23b12ef30,2026-02-05,2,4,4.00,0,Domicilio,1,JUÁREZ,1,50,32.00,0,Thursday,February,04:00
40acb3e4-365b-49c9-a134-2cc300c34b2c,2026-02-06,2,5,3.37,0,Recoger en tienda,4,LOCAL,0,30,46.00,1,Friday,February,03:22
9df976b7-6d66-401b-9c94-ed6de344b7dd,2026-02-07,2,6,4.13,1,Mostrador,7,LOCAL,0,30,21.00,0,Saturday,February,04:08
2283976e-8c9b-4e3b-801e-01ea1e6d53be,2026-02-08,2,7,0.32,1,Recoger en tienda,4,LOCAL,0,30,59.00,1,Sunday,February,00:19
ac3560b3-4c8c-4732-a129-364a30e7862a,2026-02-08,2,7,0.72,1,Domicilio,5,AVIACIÓN CIVIL,1,50,40.00,0,Sunday,February,00:43
2d351dd7-5a5b-4a89-9c20-6dfdb4e76b06,2026-02-08,2,7,4.27,1,Mostrador,3,LOCAL,0,30,55.00,1,Sunday,February,04:16
67247664-0345-4995-990f-5d541a692b80,2026-02-08,2,7,20.48,1,Recoger,6,LOCAL,0,30,37.00,1,Sunday,February,20:29
222504b7-215b-43ad-9a6a-a512f0b11332,2026-02-09,2,1,1.17,0,Domicilio,2,EL MIRADOR,0,50,,,Monday,February,01:10
c7171d8e-f11c-4e15-a17f-92d181f2fb1c,2026-02-09,2,1,3.40,0,Mostrador,2,LOCAL,0,30,81.00,1,Monday,February,03:24
bebaab5f-30ed-4497-b4f4-d9af96d7660a,2026-02-11,2,3,4.82,0,Mostrador,2,LOCAL,0,30,19.00,0,Wednesday,February,04:49
b12db7b4-edf7-4e2a-9b3b-74a745e3d5c6,2026-02-11,2,3,18.57,0,Recoger,1,LOCAL,0,30,51.00,1,Wednesday,February,18:34
00f64eeb-9248-4da2-bd90-30bace8c89bd,2026-02-11,2,3,19.73,0,Domicilio,4,TODOS POR HIDALGO,0,50,35.00,0,Wednesday,February,19:44
626bc33c-dea2-4826-98ff-70ab8c9492e8,2026-02-12,2,4,4.67,0,Domicilio,1,EL MIRADOR,0,50,89.00,1,Thursday,February,04:40
b397eda6-509c-4ae1-810a-16262f3f7964,2026-02-13,2,5,0.75,0,Domicilio,3,TAHUIZÁN,0,50,,,Friday,February,00:45
b62188e6-5ad9-4fcb-b524-93ebe01f537e,2026-02-13,2,5,2.50,0,Mostrador,3,LOCAL,0,30,45.00,1,Friday,February,02:30
0fd7cb4b-36b9-43f4-9bdc-480280d595b1,2026-02-13,2,5,4.48,0,Mostrador,3,LOCAL,0,30,16.00,0,Friday,February,04:29
5b1de173-6389-4a22-b835-500503846474,2026-02-13,2,5,18.63,0,Domicilio,1,TAHUIZÁN,0,50,45.00,0,Friday,February,18:38
e3700383-46f1-4149-86cd-906092f35ff3,2026-02-13,2,5,20.35,0,Recoger,5,LOCAL,0,30,26.00,0,Friday,February,20:21
2381061f-75a4-4bb8-bae2-35f6dd6c6a02,2026-02-14,2,6,0.72,1,Recoger en tienda,4,LOCAL,0,30,46.00,1,Saturday,February,00:43
a554e14d-d499-45b8-8780-d684aeaa182d,2026-02-14,2,6,3.25,1,Mostrador,4,LOCAL,0,30,32.00,1,Saturday,February,03:15
fce09c18-a21f-41d0-8595-71dcf8988aa1,2026-02-14,2,6,4.32,1,Recoger,7,LOCAL,0,30,47.00,1,Saturday,February,04:19
c0684df2-15f5-479d-a112-e7a59a390bea,2026-02-14,2,6,4.80,1,Domicilio,5,PARQUE DE POBLAMIENTO,1,50,57.00,1,Saturday,February,04:48
e41f553c-b06f-4cbd-b4b5-eaf5aeba35f5,2026-02-15,2,7,0.57,1,Recoger en tienda,7,LOCAL,0,30,31.00,1,Sunday,February,00:34
6cdbe46f-b2a9-488b-a548-cf54ea2c4055,2026-02-15,2,7,3.50,1,Recoger,6,LOCAL,0,30,44.00,1,Sunday,February,03:30
3ac46027-8664-44a7-99ab-db472a416ca1,2026-02-15,2,7,22.32,1,Mostrador,5,LOCAL,0,30,19.00,0,Sunday,February,22:19
858e6dc2-6ee7-4bab-93a4-82a74c0bfa43,2026-02-16,2,1,0.52,0,Domicilio,3,LOS CANTORES,0,50,53.00,1,Monday,February,00:31
d4b90381-ee84-4de0-a54d-1bab75d44e6f,2026-02-16,2,1,1.22,0,Recoger,6,LOCAL,0,30,20.00,0,Monday,February,01:13
3968370d-d4e7-4a9a-b15b-80c7f4e2f505,2026-02-16,2,1,2.28,0,Recoger,1,LOCAL,0,30,55.00,1,Monday,February,02:17
42a3e1d5-bb03-4775-b0c7-298f73149c1d,2026-02-16,2,1,4.13,0,Domicilio,6,TODOS POR HIDALGO,0,50,48.00,0,Monday,February,04:08
b24e7339-5a91-49f2-9ad9-4b30237724d3,2026-02-16,2,1,4.70,0,Recoger,4,LOCAL,0,30,21.00,0,Monday,February,04:42
0ae8fb2b-6e87-4f9e-84ea-8d941afeef4f,2026-02-17,2,2,4.02,0,Mostrador,5,LOCAL,0,30,49.00,1,Tuesday,February,04:01
36d0548b-0d27-4bef-80f7-cde27f465f8c,2026-02-17,2,2,19.65,0,Domicilio,5,LA LOMITA,0,50,66.00,1,Tuesday,February,19:39
ec69ec5e-229e-4dbd-bfa4-8280532b6a61,2026-02-17,2,2,21.23,0,Domicilio,1,LOS CANTORES,0,50,,,Tuesday,February,21:14
92d63b3c-0cac-4f4b-9038-ad4bd314740e,2026-02-18,2,3,1.53,0,Mostrador,2,LOCAL,0,30,21.00,0,Wednesday,February,01:32
51da73b0-47d6-4ac8-aa3c-277b62de9e6b,2026-02-18,2,3,18.75,0,Recoger,4,LOCAL,0,30,22.00,0,Wednesday,February,18:45
c41ddb96-a7cd-4003-beb7-0e3c3d8d9e35,2026-02-19,2,4,1.98,0,Recoger en tienda,1,LOCAL,0,30,69.00,1,Thursday,February,01:59
4698d3f8-f2c6-4648-abfd-720e2a69b669,2026-02-19,2,4,21.45,0,Domicilio,1,TODOS POR HIDALGO,0,50,,,Thursday,February,21:27
8a1d6ca0-e89d-4551-9f93-88e0178a1619,2026-02-20,2,5,0.75,0,Domicilio,1,SANTA IRENE,0,50,48.00,0,Friday,February,00:45
0903453e-99f1-426b-9f18-5ab2caa97075,2026-02-20,2,5,2.13,0,Recoger en tienda,1,LOCAL,0,30,19.00,0,Friday,February,02:08
1412570c-8758-4cde-aba4-4eba8e15daaf,2026-02-20,2,5,3.08,0,Domicilio,6,COLALAMBRE,0,50,50.00,0,Friday,February,03:05
9ac2bd89-39f9-48e3-b823-28455a63087b,2026-02-20,2,5,3.15,0,Mostrador,6,LOCAL,1,30,38.00,1,Friday,February,03:09
bdb6cd1d-c750-4ca9-8d59-f876583099ce,2026-02-20,2,5,4.15,0,Domicilio,4,SANTA IRENE,0,50,55.00,1,Friday,February,04:09
c5a53daa-3572-4d00-a551-9c1488471562,2026-02-20,2,5,18.77,0,Domicilio,5,JUÁREZ,0,50,35.00,0,Friday,February,18:46
7f2732bd-0f16-4331-a183-b8b26a9f017a,2026-02-20,2,5,19.12,0,Recoger,1,LOCAL,1,30,77.00,1,Friday,February,19:07
c5e70b1b-2a91-41b4-a33c-e26337965120,2026-02-21,2,6,19.82,1,Domicilio,5,AVIACIÓN CIVIL,0,50,85.00,1,Saturday,February,19:49
5d1b14d4-b384-42ea-9552-38c0960ad92f,2026-02-21,2,6,21.92,1,Domicilio,3,SANTA IRENE,0,50,25.00,0,Saturday,February,21:55
53d56d84-15be-493b-a675-8253eed7fbc4,2026-02-22,2,7,2.08,1,Recoger,3,LOCAL,0,30,19.00,0,Sunday,February,02:05
66162d0a-c4f7-4287-b15b-2244e2eb4c1e,2026-02-22,2,7,3.47,1,Mostrador,5,LOCAL,0,30,82.00,1,Sunday,February,03:28
1839b215-935c-4a00-bf57-fef2876dc991,2026-02-23,2,1,1.30,0,Recoger en tienda,5,LOCAL,0,30,,,Monday,February,01:18
b15c44f2-fe18-4299-9658-2149f6b48515,2026-02-23,2,1,2.10,0,Domicilio,2,EL MIRADOR,0,50,19.00,0,Monday,February,02:06
4b205140-534c-4d1d-92a8-5287e7b6fb98,2026-02-23,2,1,3.25,0,Mostrador,2,LOCAL,0,30,34.00,1,Monday,February,03:15
8db954a7-6a6b-4dcb-a11c-8895236f8ca5,2026-02-23,2,1,21.43,0,Domicilio,2,TAHUIZÁN,0,50,15.00,0,Monday,February,21:26
0b25d196-58f0-4e66-bc00-f15974e0cbef,2026-02-24,2,2,4.72,0,Domicilio,1,AVIACIÓN CIVIL,0,50,51.00,1,Tuesday,February,04:43
decb482d-56cd-4203-a2fa-143b6e43e39a,2026-02-24,2,2,4.78,0,Recoger,4,LOCAL,1,30,15.00,0,Tuesday,February,04:47
843cbcf0-2daa-4fe2-888d-207b8869066b,2026-02-24,2,2,4.80,0,Domicilio,2,CENTRO,2,50,41.00,0,Tuesday,February,04:48
e751b5e4-a221-43fd-8851-8e377aca845e,2026-02-25,2,3,0.90,0,Recoger en tienda,5,LOCAL,0,30,25.00,0,Wednesday,February,00:54
b784f798-8e54-4907-9d90-fcb827db20e8,2026-02-25,2,3,2.55,0,Mostrador,3,LOCAL,0,30,79.00,1,Wednesday,February,02:33
38313630-8d80-4056-adb6-56919287a5b4,2026-02-25,2,3,19.50,0,Mostrador,4,LOCAL,0,30,69.00,1,Wednesday,February,19:30
58ae44ac-dfe0-4402-8e0a-b0528b25b221,2026-02-25,2,3,20.23,0,Recoger,6,LOCAL,0,30,68.00,1,Wednesday,February,20:14
98fc32d9-0dc8-43fb-a4f9-cd0543c0dfde,2026-02-26,2,4,22.27,0,Domicilio,5,CHACATITLA,0,50,78.00,1,Thursday,February,22:16
09d46aec-27d8-43fc-a34a-350836472232,2026-02-27,2,5,0.33,0,Mostrador,7,LOCAL,0,30,31.00,1,Friday,February,00:20
cb391272-6f16-431c-8787-af5bcf2a5276,2026-02-28,2,6,3.88,1,Domicilio,1,CHACATITLA,0,50,,,Saturday,February,03:53
b7c21039-e207-4fb5-a6d5-48fd31bc4154,2026-02-28,2,6,19.28,1,Mostrador,8,LOCAL,0,30,66.00,1,Saturday,February,19:17
bf536894-2805-48b1-b599-8d2c12bfa218,2026-02-28,2,6,22.15,1,Mostrador,5,LOCAL,0,30,48.00,1,Saturday,February,22:09
e2945b3a-e0bf-4d89-88a7-5d6b2e10697d,2026-03-01,3,7,0.03,1,Recoger,3,LOCAL,0,30,69.00,1,Sunday,March,00:02
119a1825-878f-45ab-8999-391892992c88,2026-03-01,3,7,3.98,1,Recoger,5,LOCAL,0,30,,,Sunday,March,03:59
8c38d2ee-6713-4b7d-9f17-652ab6030622,2026-03-01,3,7,4.47,1,Domicilio,4,CENTRO,0,50,70.00,1,Sunday,March,04:28
d1af6d56-7b4e-43ae-9d8f-2ae1f560563e,2026-03-01,3,7,4.70,1,Domicilio,3,AVIACIÓN CIVIL,1,50,44.00,0,Sunday,March,04:42
2fef4e54-2405-4ab2-8dfa-fc43029bf0f0,2026-03-02,3,1,0.63,0,Recoger,3,LOCAL,0,30,41.00,1,Monday,March,00:38
c50b5b02-2d0b-4cb7-b50e-6697e7528104,2026-03-02,3,1,1.17,0,Domicilio,5,LOS CANTORES,0,50,44.00,0,Monday,March,01:10
3ec25d96-6a72-4830-a546-6ea55e80f89c,2026-03-02,3,1,1.25,0,Mostrador,3,LOCAL,1,30,,,Monday,March,01:15
e9cc6e10-9f63-484c-80f1-6f7fa842267a,2026-03-02,3,1,2.22,0,Recoger,3,LOCAL,0,30,23.00,0,Monday,March,02:13
f509636f-7c6b-47be-9034-100474b988fc,2026-03-02,3,1,2.45,0,Recoger en tienda,4,LOCAL,1,30,77.00,1,Monday,March,02:27
d866bf7b-e1bd-491c-85a9-914568e52f4a,2026-03-02,3,1,2.57,0,Recoger,2,LOCAL,2,30,60.00,1,Monday,March,02:34
5b70117a-0752-4bcb-bcd8-f1fd9b45cdc2,2026-03-02,3,1,4.00,0,Recoger en tienda,2,LOCAL,0,30,60.00,1,Monday,March,04:00
aa4aad96-e9bd-4eb3-ac65-ca652ad97ef2,2026-03-02,3,1,4.78,0,Mostrador,6,LOCAL,0,30,33.00,1,Monday,March,04:47
af8db2fd-bcaa-4768-bea1-7f4202bbd4bd,2026-03-03,3,2,0.68,0,Domicilio,4,CENTRO,0,50,36.00,0,Tuesday,March,00:41
5c95dca6-3203-4592-9008-1d42299f06c1,2026-03-04,3,3,1.10,0,Mostrador,5,LOCAL,0,30,37.00,1,Wednesday,March,01:06
458fed0c-2d87-4a3a-afe0-74e23fd432cb,2026-03-04,3,3,3.42,0,Recoger en tienda,1,LOCAL,0,30,51.00,1,Wednesday,March,03:25
c5df5d3a-e5bd-42e8-af3b-6c429a62fb71,2026-03-05,3,4,0.87,0,Recoger en tienda,3,LOCAL,0,30,20.00,0,Thursday,March,00:52
ad680a12-6d01-47db-8358-6a6f95a049b8,2026-03-05,3,4,21.82,0,Mostrador,3,LOCAL,0,30,21.00,0,Thursday,March,21:49
fa0bf32d-9f17-47ce-810b-9c2a0c6260d8,2026-03-06,3,5,1.30,0,Domicilio,4,AVIACIÓN CIVIL,0,50,35.00,0,Friday,March,01:18
e2308ec6-a4b1-490f-bcdf-7d25ca41ef4f,2026-03-06,3,5,4.27,0,Mostrador,5,LOCAL,0,30,69.00,1,Friday,March,04:16
a960dccf-58a0-4fc9-880f-5d623791af11,2026-03-07,3,6,4.17,1,Domicilio,1,AVIACIÓN CIVIL,0,50,55.00,1,Saturday,March,04:10
a40b271a-d9ba-47d2-a481-11dd7b96d33d,2026-03-07,3,6,4.68,1,Mostrador,6,LOCAL,0,30,17.00,0,Saturday,March,04:41
0350b487-d503-4442-b216-1bc184636870,2026-03-08,3,7,1.32,1,Domicilio,2,AVIACIÓN CIVIL,0,50,80.00,1,Sunday,March,01:19
1cf45776-add4-40c1-8a33-250fee9dcf1d,2026-03-08,3,7,2.20,1,Mostrador,5,LOCAL,0,30,87.00,1,Sunday,March,02:12
ead4e6cf-0706-4ad4-8e63-61f349113070,2026-03-08,3,7,20.13,1,Mostrador,5,LOCAL,0,30,26.00,0,Sunday,March,20:08
3c951aef-f4ab-47e1-ab37-82cdb7a137a0,2026-03-08,3,7,21.15,1,Mostrador,2,LOCAL,0,30,66.00,1,Sunday,March,21:09
374a5af7-7b2e-4884-885b-d15a72e16ea1,2026-03-08,3,7,21.67,1,Domicilio,1,COLALAMBRE,0,50,37.00,0,Sunday,March,21:40
f9e7d0ff-5628-4c07-b2ea-cd02f0640398,2026-03-09,3,1,2.65,0,Domicilio,7,JUÁREZ,0,50,69.00,1,Monday,March,02:39
da6104c3-1e9e-408b-a42d-ab3864c8b57e,2026-03-09,3,1,3.35,0,Recoger,3,LOCAL,0,30,79.00,1,Monday,March,03:21
0974ae17-aa72-413d-815a-e69946588e0f,2026-03-09,3,1,6.40,0,SIN_TIPO,1,LOCAL,0,30,,,Monday,March,06:24
80c1bdf1-6e62-41a1-b271-f0a00d3fe90c,2026-03-09,3,1,23.38,0,SIN_TIPO,1,LOCAL,0,30,,,Monday,March,23:23
17fdbc6b-da04-4bcc-907d-423954997e4d,2026-03-10,3,2,4.15,0,Recoger en tienda,4,LOCAL,0,30,16.00,0,Tuesday,March,04:09
f6326862-c4b3-4afc-85f7-32e06d348076,2026-03-11,3,3,2.22,0,Domicilio,4,EL MIRADOR,0,50,77.00,1,Wednesday,March,02:13
de1e34f2-3ee7-4a32-abd5-e73c3b20d71c,2026-03-11,3,3,22.82,0,SIN_TIPO,1,LOCAL,0,30,,,Wednesday,March,22:49
e0a9f037-c421-4c45-b23d-bad0b95b0d92,2026-03-11,3,3,22.87,0,Domicilio,6,EL MIRADOR,1,50,41.00,0,Wednesday,March,22:52
4f6bb380-f830-4418-9e11-060b0c894ae5,2026-03-12,3,4,0.43,0,Domicilio,7,PARQUE DE POBLAMIENTO,0,50,28.00,0,Thursday,March,00:26
87397e9b-80a6-4041-aad5-3bc19f257b5c,2026-03-12,3,4,0.53,0,Mostrador,1,LOCAL,1,30,16.00,0,Thursday,March,00:32
909917f5-0b30-4d6a-84eb-c246907cc6af,2026-03-13,3,5,2.62,0,Domicilio,2,EL MIRADOR,0,50,61.00,1,Friday,March,02:37
301b30b7-93eb-4140-9af3-13785d85b911,2026-03-13,3,5,3.42,0,Recoger en tienda,5,LOCAL,0,30,25.00,0,Friday,March,03:25
ad8088a2-f6cb-4eaa-9bad-4c85fe99e738,2026-03-13,3,5,4.47,0,Recoger en tienda,5,LOCAL,0,30,37.00,1,Friday,March,04:28
b1324461-125a-4dda-a0d5-9184247acf20,2026-03-14,3,6,2.78,1,Recoger,6,LOCAL,0,30,56.00,1,Saturday,March,02:47
9538570c-2f43-46f4-85d3-8114f79ba90b,2026-03-14,3,6,3.33,1,Mostrador,1,LOCAL,0,30,16.00,0,Saturday,March,03:20
3aa549eb-1e18-4eb7-aeb8-e05a8de341aa,2026-03-14,3,6,17.70,1,SIN_TIPO,2,LOCAL,0,30,,,Saturday,March,17:42
05d78a22-05dc-4132-ad4f-59b87138c4f7,2026-03-14,3,6,18.05,1,SIN_TIPO,1,LOCAL,1,30,,,Saturday,March,18:03
7261c82a-48b1-41ba-a333-b8b2931ebf50,2026-03-14,3,6,18.05,1,SIN_TIPO,1,LOCAL,1,30,,,Saturday,March,18:03
7e3532a0-6f57-44be-8004-91f212688987,2026-03-14,3,6,21.52,1,Recoger,7,LOCAL,0,30,73.00,1,Saturday,March,21:31
bc9d57e0-4f91-47ce-8178-1ab00917a3d9,2026-03-14,3,6,22.22,1,SIN_TIPO,1,LOCAL,0,30,,,Saturday,March,22:13
0b768828-4d58-4091-88ab-a4dcae4a2610,2026-03-14,3,6,22.23,1,SIN_TIPO,1,LOCAL,2,30,,,Saturday,March,22:14
93cfa701-f88b-4047-b14a-4094a8ec6ac0,2026-03-14,3,6,22.23,1,SIN_TIPO,1,LOCAL,1,30,,,Saturday,March,22:14
5c361935-018b-4381-9d34-e5be7b0b6810,2026-03-14,3,6,22.48,1,Mostrador,4,LOCAL,3,30,18.00,0,Saturday,March,22:29
f080e9a1-5709-4fef-bdf9-827b5ec9a4ae,2026-03-15,3,7,0.27,1,Domicilio,4,AVIACIÓN CIVIL,0,50,18.00,0,Sunday,March,00:16
15f18691-345e-4fd0-b3e8-82237b6674f8,2026-03-15,3,7,0.63,1,Domicilio,1,CHACATITLA,1,50,41.00,0,Sunday,March,00:38
d75f314c-e9ef-4718-bd95-945c827f5ddd,2026-03-15,3,7,1.72,1,Recoger en tienda,5,LOCAL,0,30,48.00,1,Sunday,March,01:43
ef82897e-57f0-48a4-83e3-b2340601a444,2026-03-15,3,7,2.30,1,Domicilio,6,COLALAMBRE,0,50,40.00,0,Sunday,March,02:18
7caa82f1-b230-41b1-a051-a143e99da3f1,2026-03-15,3,7,2.58,1,Recoger en tienda,4,LOCAL,1,30,30.00,0,Sunday,March,02:35
5c1423e2-c347-4b3f-8c83-b47d52c5c636,2026-03-15,3,7,2.62,1,Mostrador,2,LOCAL,2,30,32.00,1,Sunday,March,02:37
e8172ee3-9605-4a39-a01a-bae358022974,2026-03-15,3,7,2.67,1,Recoger en tienda,2,LOCAL,3,30,48.00,1,Sunday,March,02:40
9a5ce8fe-7376-4ddf-98ae-e56a91b211ea,2026-03-15,3,7,3.47,1,Mostrador,1,LOCAL,0,30,23.00,0,Sunday,March,03:28
7b59be9a-2673-412b-b7cf-e37430cfc2e0,2026-03-15,3,7,3.80,1,Domicilio,2,CENTRO,1,50,74.00,1,Sunday,March,03:48
e88e16f5-7ddd-427e-91e0-67f32064724c,2026-03-15,3,7,4.98,1,Domicilio,6,CHACATITLA,0,50,68.00,1,Sunday,March,04:59
71974824-116d-4d68-8c39-07b83673300e,2026-03-15,3,7,19.23,1,Mostrador,2,LOCAL,0,30,18.00,0,Sunday,March,19:14
11f3128e-aec6-4cbf-a45c-0a37c7aefc99,2026-03-15,3,7,19.62,1,Recoger,2,LOCAL,1,30,85.00,1,Sunday,March,19:37
9864a809-3437-4fb5-9f4b-46f7a846677d,2026-03-15,3,7,20.03,1,Recoger en tienda,2,LOCAL,1,30,79.00,1,Sunday,March,20:02
fdce5853-ef50-4b1e-9da8-b1e3e0268458,2026-03-15,3,7,21.48,1,Recoger,7,LOCAL,0,30,,,Sunday,March,21:29
a36eb8d4-f8dc-4be0-8d4f-848da92f0bb9,2026-03-16,3,1,4.33,0,Domicilio,1,COLALAMBRE,0,50,,,Monday,March,04:20
aee485cf-d46c-408f-bf80-489a211a2647,2026-03-16,3,1,4.83,0,Mostrador,2,LOCAL,0,30,86.00,1,Monday,March,04:50
58315dc0-7389-4c1d-8667-68b64a9a6518,2026-03-16,3,1,5.97,0,SIN_TIPO,1,LOCAL,0,30,,,Monday,March,05:58
a92132d0-81cd-49d2-9efd-6775416d1d3a,2026-03-16,3,1,8.98,0,SIN_TIPO,1,LOCAL,0,30,5609.20,1,Monday,March,08:59
a54ae9d9-bb7d-4478-8e03-4933d3544734,2026-03-17,3,2,1.33,0,Recoger,5,LOCAL,0,30,,,Tuesday,March,01:20
10d781b0-825f-4f08-a2ea-fa2ecd1a9ef4,2026-03-18,3,3,3.53,0,Domicilio,5,CENTRO,0,50,87.00,1,Wednesday,March,03:32
053c1db8-739c-4097-a58a-34d21ff5b1b3,2026-03-18,3,3,4.93,0,Domicilio,6,SANTA IRENE,0,50,81.00,1,Wednesday,March,04:56
8896c60b-187b-4d49-bf46-c032e5f7f7db,2026-03-18,3,3,18.30,0,Recoger,2,LOCAL,0,30,24.00,0,Wednesday,March,18:18
def443bb-e908-44e5-bc4c-187d7e3e334a,2026-03-18,3,3,22.42,0,Domicilio,4,TODOS POR HIDALGO,0,50,83.00,1,Wednesday,March,22:25
749b60d9-cce5-4e68-90aa-f6429ee4390d,2026-03-19,3,4,0.40,0,Domicilio,6,CHACATITLA,0,50,60.00,1,Thursday,March,00:24
ffe981cb-488c-409a-91c5-783214bfbde2,2026-03-20,3,5,0.17,0,Recoger en tienda,6,LOCAL,0,30,30.00,0,Friday,March,00:10
7aa4b977-5878-4e2c-ac00-40ee9f2f5629,2026-03-20,3,5,1.52,0,Domicilio,3,JUÁREZ,0,50,55.00,1,Friday,March,01:31
e2573d5b-ac41-4370-9f84-6d25dd31460a,2026-03-20,3,5,4.22,0,Recoger,4,LOCAL,0,30,58.00,1,Friday,March,04:13
de34f5c9-f794-41e7-a80c-1fc674316f14,2026-03-20,3,5,4.28,0,Recoger en tienda,3,LOCAL,1,30,60.00,1,Friday,March,04:17
8b75a885-6cb8-4555-8fa8-7b96f9d88cfe,2026-03-21,3,6,0.12,1,Domicilio,1,SANTA IRENE,0,50,,,Saturday,March,00:07
678614eb-d9d5-49db-b843-27ad4503e334,2026-03-21,3,6,2.42,1,Recoger,2,LOCAL,0,30,80.00,1,Saturday,March,02:25
0dccb2e8-0c99-45f1-902b-5c278066c58f,2026-03-21,3,6,3.28,1,Mostrador,3,LOCAL,0,30,41.00,1,Saturday,March,03:17
ea6277dc-b771-49ae-b857-81397a653930,2026-03-22,3,7,0.63,1,Recoger en tienda,1,LOCAL,0,30,85.00,1,Sunday,March,00:38
4a061a83-3c7f-488f-969a-9c9185e57472,2026-03-22,3,7,0.73,1,Recoger en tienda,1,LOCAL,1,30,25.00,0,Sunday,March,00:44
310403ca-095e-46df-8d3d-08c8fbc3ab96,2026-03-22,3,7,4.17,1,Domicilio,5,TAHUIZÁN,0,50,87.00,1,Sunday,March,04:10
1c223417-396e-4d4a-98ac-cbb73fa5ff42,2026-03-22,3,7,18.55,1,Domicilio,4,LOS CANTORES,0,50,27.00,0,Sunday,March,18:33
0e4f1378-fad3-4064-9594-1e9797514582,2026-03-22,3,7,19.25,1,Recoger en tienda,2,LOCAL,0,30,18.00,0,Sunday,March,19:15
1abb5c58-fbac-4795-9d66-3e879e0ea9c5,2026-03-22,3,7,20.48,1,Recoger,3,LOCAL,0,30,17.00,0,Sunday,March,20:29
32b61a03-f437-462d-bece-63da0da40292,2026-03-22,3,7,22.08,1,Recoger en tienda,8,LOCAL,0,30,,,Sunday,March,22:05
ba8d9cad-ee3b-4eae-b4ff-c9c525065526,2026-03-23,3,1,2.22,0,Domicilio,5,COLALAMBRE,0,50,42.00,0,Monday,March,02:13
ec7f11c7-0d3c-47ce-b3ac-473ccb642aca,2026-03-23,3,1,4.27,0,SIN_TIPO,0,LOCAL,0,30,,,Monday,March,04:16
8c439300-f954-4e5e-b7a9-c7df5fd90d30,2026-03-23,3,1,18.75,0,Recoger en tienda,7,LOCAL,0,30,64.00,1,Monday,March,18:45
c92cb73d-9add-4fc9-9cf5-8ede80a1e167,2026-03-23,3,1,21.78,0,Recoger en tienda,4,LOCAL,0,30,15.00,0,Monday,March,21:47
c2b4875b-6f0d-4134-8d5d-55235cf038c3,2026-03-24,3,2,2.63,0,Mostrador,1,LOCAL,0,30,67.00,1,Tuesday,March,02:38
fdad1781-61da-4ccb-a30e-9aa89a25416c,2026-03-24,3,2,3.05,0,Recoger,2,LOCAL,1,30,27.00,0,Tuesday,March,03:03
709fc603-38c7-488d-ade8-9f2f0266a745,2026-03-24,3,2,20.50,0,Recoger en tienda,2,LOCAL,0,30,28.00,0,Tuesday,March,20:30
c463a4d7-922a-4aa3-be94-d1373d682630,2026-03-25,3,3,0.30,0,Recoger,3,LOCAL,0,30,77.00,1,Wednesday,March,00:18
96ac4b44-ae06-4aae-943d-837445304975,2026-03-25,3,3,4.63,0,Domicilio,2,PARQUE DE POBLAMIENTO,0,50,29.00,0,Wednesday,March,04:38
b955dea3-2043-482d-b60a-e5aa1df86295,2026-03-26,3,4,1.40,0,Domicilio,5,PARQUE DE POBLAMIENTO,0,50,44.00,0,Thursday,March,01:24
b437c632-8864-4e41-8354-7f547cbc5388,2026-03-26,3,4,20.12,0,Mostrador,1,LOCAL,0,30,,,Thursday,March,20:07
c1458b4d-80c0-4f49-a404-08c413dd93f2,2026-03-27,3,5,1.98,0,Recoger,4,LOCAL,0,30,54.00,1,Friday,March,01:59
4c676fd9-b6c0-4bf0-8d78-564853e5660b,2026-03-27,3,5,4.88,0,Recoger en tienda,2,LOCAL,0,30,22.00,0,Friday,March,04:53
f2ad4d9b-3b00-48e0-a6c7-5771697c811f,2026-03-27,3,5,5.97,0,SIN_TIPO,1,LOCAL,0,30,,,Friday,March,05:58
71b7b002-d593-41ea-b41b-242af2b38976,2026-03-27,3,5,22.15,0,Mostrador,2,LOCAL,0,30,,,Friday,March,22:09
4ef718b4-a6f5-4088-822f-3e2e5b74a794,2026-03-28,3,6,1.60,1,Recoger en tienda,1,LOCAL,0,30,27.00,0,Saturday,March,01:36
26c5aec3-7a56-4058-b64b-36ae6a875a4d,2026-03-28,3,6,3.80,1,Recoger,3,LOCAL,0,30,32.00,1,Saturday,March,03:48
a826bdfe-db8c-4e95-8aa3-9dd38a5b4bfe,2026-03-28,3,6,4.90,1,Domicilio,4,TAHUIZÁN,0,50,30.00,0,Saturday,March,04:54
dddac1fd-416e-4e20-b6f6-03cb943ed1b4,2026-03-29,3,7,1.03,1,Domicilio,1,PARQUE DE POBLAMIENTO,0,50,85.00,1,Sunday,March,01:02
5d0c2dd7-ffd1-4ea5-ba7a-19ef5f7d91c2,2026-03-29,3,7,2.77,1,Mostrador,1,LOCAL,0,30,57.00,1,Sunday,March,02:46
6ce7d301-63b9-4027-ade6-f109ace0a555,2026-03-29,3,7,19.83,1,Recoger en tienda,3,LOCAL,0,30,45.00,1,Sunday,March,19:50
3aa8b964-207a-4214-afc7-4e40e636e769,2026-03-30,3,1,4.25,0,Domicilio,6,COLALAMBRE,0,50,71.00,1,Monday,March,04:15
a7635677-5548-4de2-a1b5-0ad479314a8a,2026-03-30,3,1,18.90,0,Domicilio,4,LOS CANTORES,0,50,36.00,0,Monday,March,18:54
2775a19a-fd08-4b52-b2b3-c29b1f64a8b1,2026-03-30,3,1,21.95,0,Recoger,5,LOCAL,0,30,19.00,0,Monday,March,21:57
dcb66fce-1149-4ee8-8e64-93d0600fb447,2026-03-31,3,2,3.15,0,Recoger,4,LOCAL,0,30,50.00,1,Tuesday,March,03:09
319f5767-4770-4a63-8e98-c57013fee7d4,2026-03-31,3,2,3.37,0,Domicilio,1,CHACATITLA,1,50,45.00,0,Tuesday,March,03:22
f011ce1a-eccf-4061-babc-2027143e202c,2026-03-31,3,2,4.22,0,Recoger en tienda,4,LOCAL,0,30,47.00,1,Tuesday,March,04:13
08dffbed-fd6d-45f3-b930-617817caca56,2026-03-31,3,2,18.42,0,Domicilio,3,COLALAMBRE,0,50,79.00,1,Tuesday,March,18:25
60d9bfc5-8c6f-46a4-a625-c8c11d266abe,2026-03-31,3,2,21.88,0,Domicilio,1,JUÁREZ,0,50,26.00,0,Tuesday,March,21:53
45590370-8312-4d81-ae92-efb2ab16c82e,2026-04-01,4,3,0.55,0,Domicilio,2,TODOS POR HIDALGO,0,50,37.00,0,Wednesday,April,00:33
4c9b9a3a-e327-4638-9591-b64616143794,2026-04-01,4,3,18.70,0,Recoger,3,LOCAL,0,30,26.00,0,Wednesday,April,18:42
771aedb6-2b3d-45d0-860e-d866dec8eca9,2026-04-01,4,3,21.25,0,Mostrador,3,LOCAL,0,30,20.00,0,Wednesday,April,21:15
18f786a8-8333-4e48-8f7b-390892733d0a,2026-04-01,4,3,22.43,0,Recoger,6,LOCAL,0,30,37.00,1,Wednesday,April,22:26
2d10e156-9d03-4e0f-a599-113551ac1aee,2026-04-03,4,5,20.18,0,Domicilio,5,LOS CANTORES,0,50,77.00,1,Friday,April,20:11
a1317c48-8cd9-4915-baba-d7e1c90301ef,2026-04-04,4,6,1.93,1,Domicilio,5,CENTRO,0,50,72.00,1,Saturday,April,01:56
86961108-8d2e-4540-90e2-b851c5dfa353,2026-04-04,4,6,2.83,1,Domicilio,1,LOS CANTORES,0,50,76.00,1,Saturday,April,02:50
23d7a112-23a8-401f-abed-d3338953c6a1,2026-04-04,4,6,18.90,1,Mostrador,1,LOCAL,0,30,53.00,1,Saturday,April,18:54
f613382f-67ad-4958-b643-36ba5d368ce6,2026-04-04,4,6,19.60,1,Recoger en tienda,5,LOCAL,0,30,87.00,1,Saturday,April,19:36
b1e30ebb-3db6-42c5-a6d2-6febc75e3d35,2026-04-05,4,7,3.75,1,Domicilio,7,SANTA IRENE,0,50,27.00,0,Sunday,April,03:45
a6895965-04a9-40f5-bb79-7b73e81a114a,2026-04-05,4,7,4.52,1,Domicilio,6,EL MIRADOR,0,50,79.00,1,Sunday,April,04:31
a5462b82-82d6-458e-b842-9ed81cc4c162,2026-04-05,4,7,18.98,1,Mostrador,3,LOCAL,0,30,70.00,1,Sunday,April,18:59
02d6f69a-f9b6-4ae6-8ded-01a5c0829539,2026-04-06,4,1,2.90,0,Recoger,6,LOCAL,0,30,41.00,1,Monday,April,02:54
1827af77-b651-4a14-ab8c-799521ddb704,2026-04-06,4,1,3.28,0,Mostrador,3,LOCAL,1,30,,,Monday,April,03:17
7859401b-ef31-450e-823d-93d5f61a124f,2026-04-06,4,1,4.55,0,Domicilio,1,LOS CANTORES,0,50,19.00,0,Monday,April,04:33
c1136c85-7350-4cde-b144-b540d4a8740d,2026-04-06,4,1,19.88,0,Domicilio,4,CENTRO,0,50,22.00,0,Monday,April,19:53
f186c984-fe63-43c1-9ce6-5f57dfc58a8d,2026-04-08,4,3,2.17,0,Recoger,5,LOCAL,0,30,40.00,1,Wednesday,April,02:10
8ffb00e5-a263-4b4a-a866-c585223ae833,2026-04-09,4,4,0.00,0,Mostrador,3,LOCAL,0,30,,,Thursday,April,00:00
571d9ea9-c30b-4a31-a8b7-2b1c67bef006,2026-04-09,4,4,0.67,0,Recoger,6,LOCAL,0,30,27.00,0,Thursday,April,00:40
9d72da29-3551-4fa0-9009-7298ba8f3a23,2026-04-09,4,4,1.20,0,Recoger en tienda,4,LOCAL,0,30,55.00,1,Thursday,April,01:12
978b3a54-22fd-4e05-a8f7-22f556e777a6,2026-04-09,4,4,19.65,0,Domicilio,4,CENTRO,0,50,57.00,1,Thursday,April,19:39
0fc00373-6949-418b-980f-2ca857313997,2026-04-11,4,6,4.45,1,Recoger,4,LOCAL,0,30,57.00,1,Saturday,April,04:27
45d536d5-0151-450a-82e8-370b998b04c3,2026-04-12,4,7,4.78,1,Recoger,6,LOCAL,0,30,53.00,1,Sunday,April,04:47
008f78db-475f-4240-97e7-68c8af9b3377,2026-04-12,4,7,4.93,1,Recoger,6,LOCAL,1,30,20.00,0,Sunday,April,04:56
a9ef7aff-3e0e-4dd1-9cd1-b67710180e41,2026-04-12,4,7,18.67,1,Mostrador,5,LOCAL,0,30,83.00,1,Sunday,April,18:40
2e784e98-1b06-4083-a789-a944f87f55b7,2026-04-13,4,1,4.72,0,Domicilio,4,EL MIRADOR,0,50,42.00,0,Monday,April,04:43
fbbb9180-e2ee-4654-b737-fd57f2eaabba,2026-04-14,4,2,4.70,0,Mostrador,2,LOCAL,0,30,19.00,0,Tuesday,April,04:42
69ce6849-b43c-49a1-b93e-dfc6fe619a15,2026-04-14,4,2,22.23,0,Recoger en tienda,3,LOCAL,0,30,,,Tuesday,April,22:14
cfc28c7b-cf2b-494c-bd2a-6d45163fdbaa,2026-04-15,4,3,0.27,0,Domicilio,3,EL MIRADOR,0,50,39.00,0,Wednesday,April,00:16
a8ba19bb-3fea-4114-9b3b-6a86264193dc,2026-04-15,4,3,2.20,0,Mostrador,3,LOCAL,0,30,58.00,1,Wednesday,April,02:12
d51aa179-96e5-495c-8c75-80c8e524af2e,2026-04-15,4,3,4.50,0,Recoger en tienda,2,LOCAL,0,30,73.00,1,Wednesday,April,04:30
e022030e-0273-4946-a6c5-df8b656dec31,2026-04-16,4,4,17.97,0,SIN_TIPO,1,LOCAL,0,30,,,Thursday,April,17:58
3f80412f-89c9-460a-b528-a5803a6fc669,2026-04-16,4,4,18.38,0,SIN_TIPO,1,LOCAL,1,30,,,Thursday,April,18:23
c19729f9-e985-4bb8-ac0b-716263fe52f0,2026-04-17,4,5,0.25,0,Domicilio,1,EL MIRADOR,0,50,39.00,0,Friday,April,00:15
75780228-34ed-4392-a8d6-573b52b1c70a,2026-04-17,4,5,3.08,0,Domicilio,5,LOS CANTORES,0,50,80.00,1,Friday,April,03:05
5749b045-f2a3-4515-8986-57a9bead2da8,2026-04-17,4,5,12.00,0,SIN_TIPO,1,LOCAL,0,30,,,Friday,April,12:00
a005d9d1-c092-449d-b914-f02d923450a3,2026-04-17,4,5,12.00,0,SIN_TIPO,2,LOCAL,0,30,,,Friday,April,12:00
760c2e8b-eca5-4c87-b238-6d229f37cba8,2026-04-18,4,6,3.57,1,Recoger,4,LOCAL,0,30,61.00,1,Saturday,April,03:34
f0c09d8f-30b1-45c5-bff8-f88e840782ed,2026-04-18,4,6,4.22,1,Recoger,4,LOCAL,0,30,85.00,1,Saturday,April,04:13
11e15b0c-2e13-4966-a991-f59b7f77426d,2026-04-18,4,6,13.50,1,SIN_TIPO,1,LOCAL,0,30,,,Saturday,April,13:30
af35cb29-dbc4-49fd-b2d5-62342842bc3d,2026-04-18,4,6,13.50,1,SIN_TIPO,1,LOCAL,0,30,,,Saturday,April,13:30
1d9e84bf-5d28-4807-a25b-88ac9b4c7878,2026-04-19,4,7,3.30,1,Domicilio,5,LA LOMITA,0,50,,,Sunday,April,03:18
f633d01e-a458-4ce5-a2bb-71cd4f8d39ff,2026-04-19,4,7,4.95,1,Mostrador,4,LOCAL,0,30,83.00,1,Sunday,April,04:57
0f706e4c-00d1-4b8f-9030-fa97f2937c38,2026-04-19,4,7,14.00,1,SIN_TIPO,1,LOCAL,0,30,,,Sunday,April,14:00
1652c4fe-f2b3-4762-a94d-ecd77e95654d,2026-04-19,4,7,14.00,1,SIN_TIPO,3,LOCAL,0,30,,,Sunday,April,14:00
de3f04f3-7e5c-4e6d-9c33-22d0e1640071,2026-04-20,4,1,3.02,0,Mostrador,2,LOCAL,0,30,86.00,1,Monday,April,03:01
1b406007-d8cb-4abb-ab82-7a4f7867b39c,2026-04-20,4,1,4.38,0,Recoger en tienda,2,LOCAL,0,30,61.00,1,Monday,April,04:23
014e1b0a-4dc7-434f-93ce-61e4d36f18e1,2026-04-20,4,1,15.50,0,SIN_TIPO,1,LOCAL,0,30,,,Monday,April,15:30
55bf137b-e7c5-41a3-a97f-4585e4424a77,2026-04-20,4,1,15.50,0,SIN_TIPO,2,LOCAL,0,30,,,Monday,April,15:30
457ecd30-8884-4508-babc-d87b7216dfce,2026-04-20,4,1,22.75,0,Recoger en tienda,2,LOCAL,0,30,40.00,1,Monday,April,22:45
1c69de38-9d34-4b39-85a0-01f59305c95a,2026-04-21,4,2,16.00,0,SIN_TIPO,0,LOCAL,0,30,,,Tuesday,April,16:00
728d8483-63db-49f1-8f56-8b591718dff6,2026-04-21,4,2,16.00,0,SIN_TIPO,0,LOCAL,0,30,,,Tuesday,April,16:00
7867f7c2-0a93-4563-91aa-cf241435bf52,2026-04-22,4,3,4.03,0,Mostrador,7,LOCAL,0,30,18.00,0,Wednesday,April,04:02
1cbff25e-9307-4b24-81bd-88f54a24313e,2026-04-22,4,3,17.80,0,SIN_TIPO,1,LOCAL,0,30,,,Wednesday,April,17:48
c6fcef78-0c25-47c8-bce0-2f9d01be160a,2026-04-22,4,3,17.87,0,SIN_TIPO,5,LOCAL,1,30,,,Wednesday,April,17:52
a635341c-94de-431b-9dd2-ce57d76cdd92,2026-04-22,4,3,20.90,0,Mostrador,2,LOCAL,0,30,,,Wednesday,April,20:54
ef21c2b9-93eb-4cd8-8ea9-f1a60d96eea7,2026-04-22,4,3,21.18,0,Mostrador,3,LOCAL,0,30,37.00,1,Wednesday,April,21:11
44e878a8-4a93-4597-b355-a864bc3ba50e,2026-04-22,4,3,21.32,0,Recoger,5,LOCAL,1,30,67.00,1,Wednesday,April,21:19
8e2d5300-c98c-492b-a71b-a15f64543865,2026-04-22,4,3,22.37,0,Recoger en tienda,1,LOCAL,0,30,38.00,1,Wednesday,April,22:22
c8615418-7972-44c3-9099-0724bde48926,2026-04-23,4,4,3.68,0,Domicilio,4,PARQUE DE POBLAMIENTO,0,50,,,Thursday,April,03:41
3f28cb9f-0de1-4815-99af-d681f1f97b30,2026-04-23,4,4,5.02,0,SIN_TIPO,2,LOCAL,0,30,,,Thursday,April,05:01
6382e8a2-0ae0-484c-ab02-d2861b72dfde,2026-04-23,4,4,5.03,0,SIN_TIPO,6,LOCAL,1,30,,,Thursday,April,05:02
f2e46fac-2885-4b7f-a3c7-b1a684e8bd56,2026-04-24,4,5,3.75,0,SIN_TIPO,2,LOCAL,0,30,,,Friday,April,03:45
34b6a085-d693-4ce2-bad0-82a1929d7e5f,2026-04-24,4,5,6.00,0,SIN_TIPO,1,LOCAL,0,30,,,Friday,April,06:00
741e36aa-3cfb-4329-8f88-21797fcd3727,2026-04-24,4,5,6.27,0,SIN_TIPO,0,LOCAL,1,30,,,Friday,April,06:16
c2276d04-6407-46fe-ba59-f2fd9fd03248,2026-04-24,4,5,15.30,0,SIN_TIPO,4,LOCAL,0,30,,,Friday,April,15:18
fe5950d6-47e9-4987-9415-7804d46d49fd,2026-04-26,4,7,0.78,1,Recoger en tienda,1,LOCAL,0,30,66.00,1,Sunday,April,00:47
430b6038-353a-435f-b905-742d6e8c9585,2026-04-26,4,7,1.92,1,Domicilio,6,PARQUE DE POBLAMIENTO,0,50,34.00,0,Sunday,April,01:55
30af0604-041e-4881-a808-8b2c03e8ec24,2026-04-26,4,7,2.55,1,Mostrador,5,LOCAL,0,30,19.00,0,Sunday,April,02:33
aa32a4b8-cd00-4a5a-ac2c-b9f00180cb97,2026-04-26,4,7,22.38,1,Recoger en tienda,1,LOCAL,0,30,31.00,1,Sunday,April,22:23
eff5d22e-0af5-4ce1-b17e-10883dc406e3,2026-04-27,4,1,18.33,0,Domicilio,2,LA LOMITA,0,50,44.00,0,Monday,April,18:20
a29df24b-141c-4ba9-81ed-12ef86bb3120,2026-04-27,4,1,18.50,0,Domicilio,2,AVIACIÓN CIVIL,1,50,56.00,1,Monday,April,18:30
09cf4bce-81f4-4b67-bc30-2d5044ae1348,2026-04-27,4,1,18.82,0,Domicilio,3,LA LOMITA,2,50,44.00,0,Monday,April,18:49
d969091c-c505-4b31-a139-a49c5f27031f,2026-04-27,4,1,21.32,0,Domicilio,3,PARQUE DE POBLAMIENTO,0,50,83.00,1,Monday,April,21:19
62f0e867-ae6f-4bb3-88e1-445db4ff02c3,2026-04-28,4,2,3.30,0,Recoger en tienda,3,LOCAL,0,30,29.00,0,Tuesday,April,03:18
9f80a3b3-1365-402f-a693-cd1c4afd93f0,2026-04-28,4,2,3.67,0,Recoger en tienda,4,LOCAL,1,30,25.00,0,Tuesday,April,03:40
e533ce4a-83d4-475a-b859-fe0c6ee5dd2d,2026-04-29,4,3,2.15,0,Domicilio,4,TAHUIZÁN,0,50,35.00,0,Wednesday,April,02:09
88f1dc43-8a0b-4194-88c7-da2506dc92cb,2026-04-29,4,3,3.85,0,Domicilio,5,AVIACIÓN CIVIL,0,50,73.00,1,Wednesday,April,03:51
4d5864a0-6ebb-4394-9add-3f6051641001,2026-04-29,4,3,20.82,0,Domicilio,4,PARQUE DE POBLAMIENTO,0,50,31.00,0,Wednesday,April,20:49
65c11334-a6e2-45a9-a65a-27d2a7f75493,2026-04-30,4,4,0.48,0,Recoger,2,LOCAL,0,30,23.00,0,Thursday,April,00:29
cd3e2ffc-c66e-4ae9-a702-11d624f0cfe8,2026-04-30,4,4,1.12,0,Mostrador,5,LOCAL,0,30,23.00,0,Thursday,April,01:07
81961272-296c-4f7d-a22f-275813b70010,2026-04-30,4,4,1.43,0,Recoger,2,LOCAL,1,30,86.00,1,Thursday,April,01:26
725b5a9a-20da-476f-840c-57180ea80e8e,2026-04-30,4,4,1.83,0,Recoger,1,LOCAL,1,30,,,Thursday,April,01:50
3f01a57d-f40d-48dc-993f-904cf31e286e,2026-04-30,4,4,2.50,0,Domicilio,1,JUÁREZ,0,50,43.00,0,Thursday,April,02:30
ff78bcf4-51b4-46a3-b3ab-1d7a31ac1f70,2026-04-30,4,4,3.62,0,Domicilio,6,AVIACIÓN CIVIL,0,50,,,Thursday,April,03:37
1b2869d9-b388-4b36-971d-c75dcc345991,2026-05-01,5,5,0.00,0,Domicilio,5,CENTRO,0,50,44.00,0,Friday,May,00:00
2330b981-46fe-4009-bfa9-dd92ff4a055f,2026-05-01,5,5,19.78,0,Domicilio,2,CHACATITLA,0,50,43.00,0,Friday,May,19:47
2d217c3b-4693-4512-a06a-5ee609902a7c,2026-05-02,5,6,2.75,1,Recoger,5,LOCAL,0,30,84.00,1,Saturday,May,02:45
429ab587-cec2-4cfd-b0d5-c78128fa2ff5,2026-05-03,5,7,0.62,1,Domicilio,5,TAHUIZÁN,0,50,,,Sunday,May,00:37
bc1f951f-9021-4fbd-88be-0590cb7401c6,2026-05-03,5,7,2.75,1,Domicilio,4,LA LOMITA,0,50,54.00,1,Sunday,May,02:45
bd002772-74a4-42ce-aa8d-26ef97a895c8,2026-05-04,5,1,2.15,0,Recoger en tienda,2,LOCAL,0,30,77.00,1,Monday,May,02:09
0fb4282c-5f45-4d96-9a1b-7824beb214d7,2026-05-04,5,1,2.52,0,Domicilio,2,LOS CANTORES,1,50,57.00,1,Monday,May,02:31
c32ab616-d96a-4e3a-9c75-37c10dbcfc67,2026-05-04,5,1,3.60,0,Recoger en tienda,2,LOCAL,0,30,,,Monday,May,03:36
9260a64d-a82a-41bd-87bd-78f862c26df4,2026-05-04,5,1,4.98,0,Mostrador,1,LOCAL,0,30,29.00,0,Monday,May,04:59
3253e097-e0ab-42c5-8188-ee6ea3ca63e8,2026-05-05,5,2,1.13,0,Recoger,3,LOCAL,0,30,35.00,1,Tuesday,May,01:08
72e4c83f-2b1c-4fbc-8763-88894f3ab101,2026-05-05,5,2,1.28,0,Recoger,3,LOCAL,1,30,,,Tuesday,May,01:17
27898fef-4cb5-4c1d-b76f-42cf8fdfbfd2,2026-05-05,5,2,4.98,0,Recoger en tienda,4,LOCAL,0,30,84.00,1,Tuesday,May,04:59
6f1590c5-ba9e-469c-9c37-f0442f06e0c6,2026-05-06,5,3,0.63,0,Recoger en tienda,2,LOCAL,0,30,76.00,1,Wednesday,May,00:38
e981d6a5-49cc-4221-9364-ab00724f7f00,2026-05-06,5,3,18.82,0,Domicilio,2,TODOS POR HIDALGO,0,50,,,Wednesday,May,18:49
bb1bf40a-ff69-4fa9-90ae-a35d8bae66d2,2026-05-06,5,3,19.68,0,Mostrador,5,LOCAL,0,30,28.00,0,Wednesday,May,19:41
2a491f98-7afa-456f-9ad5-3bb090e374fd,2026-05-07,5,4,0.53,0,Recoger en tienda,5,LOCAL,0,30,65.00,1,Thursday,May,00:32
2a1c2fd7-fef3-4888-86f3-a396403e527f,2026-05-07,5,4,4.80,0,Recoger,5,LOCAL,0,30,18.00,0,Thursday,May,04:48
506da048-98a7-4e97-b1a4-f5896d43517f,2026-05-07,5,4,22.20,0,Domicilio,1,EL MIRADOR,0,50,65.00,1,Thursday,May,22:12
81785868-20fa-45ec-a2a5-8c761cc8fd36,2026-05-07,5,4,22.32,0,Domicilio,3,LOS CANTORES,1,50,39.00,0,Thursday,May,22:19
a04fae77-2492-4479-a8f2-9cd24be84e95,2026-05-08,5,5,18.50,0,Domicilio,3,SANTA IRENE,0,50,24.00,0,Friday,May,18:30
f6af4777-f83a-489e-b7e2-1e78ff4a3f14,2026-05-08,5,5,18.67,0,Recoger,3,LOCAL,1,30,33.00,1,Friday,May,18:40
25826795-37dc-4748-a3df-95a0877adb99,2026-05-09,5,6,0.93,1,Recoger en tienda,5,LOCAL,0,30,,,Saturday,May,00:56
bf17a0fb-c956-42db-a6b0-4d629866ca28,2026-05-09,5,6,20.27,1,Recoger,5,LOCAL,0,30,15.00,0,Saturday,May,20:16
979fe6fa-1b99-4018-8aa2-e94bdd9c7a44,2026-05-09,5,6,22.45,1,Recoger,1,LOCAL,0,30,50.00,1,Saturday,May,22:27
505521d4-39a3-4885-a73c-b53f0fb65385,2026-05-10,5,7,3.17,1,Domicilio,5,PARQUE DE POBLAMIENTO,0,50,59.00,1,Sunday,May,03:10
a3471c2c-5d42-438a-b804-ca4765716802,2026-05-10,5,7,3.93,1,Recoger,4,LOCAL,0,30,17.00,0,Sunday,May,03:56
16f8e28c-28b6-415b-9e7d-91f6691a612b,2026-05-10,5,7,4.60,1,Domicilio,7,SANTA IRENE,0,50,78.00,1,Sunday,May,04:36
b430b9b8-0ec0-42dc-8022-c317a638054a,2026-05-10,5,7,19.08,1,Recoger en tienda,4,LOCAL,0,30,22.00,0,Sunday,May,19:05
30ba8cb1-118a-4063-8f9c-ecc74912c6bf,2026-05-10,5,7,19.50,1,Domicilio,3,SANTA IRENE,1,50,44.00,0,Sunday,May,19:30
c73296c8-de3a-44b0-a192-1807750017c8,2026-05-11,5,1,3.47,0,Recoger,1,LOCAL,0,30,51.00,1,Monday,May,03:28
ce186326-b961-4034-88af-b6ee1005e1be,2026-05-11,5,1,4.53,0,Recoger,3,LOCAL,0,30,73.00,1,Monday,May,04:32
b521c74b-a2db-4538-b66f-b143fc0fea8e,2026-05-11,5,1,18.45,0,Domicilio,5,COLALAMBRE,0,50,15.00,0,Monday,May,18:27
6fa3a73b-cdd2-4e8e-bb0e-f484bad7218c,2026-05-11,5,1,19.92,0,Mostrador,6,LOCAL,0,30,,,Monday,May,19:55
4a6f7696-5736-44ad-86f9-1bb1bef43bf3,2026-05-12,5,2,2.70,0,Recoger en tienda,1,LOCAL,0,30,57.00,1,Tuesday,May,02:42
764c90b8-52ed-4fec-a866-73f69a19fc9f,2026-05-12,5,2,3.97,0,Mostrador,7,LOCAL,0,30,88.00,1,Tuesday,May,03:58
a6f994cf-9735-4daa-86e4-78669989f7ed,2026-05-12,5,2,4.48,0,Domicilio,2,CHACATITLA,0,50,,,Tuesday,May,04:29
7bdf6ebf-2248-4a4a-a5b0-3b9cfbf54eb3,2026-05-14,5,4,1.40,0,Recoger en tienda,1,LOCAL,0,30,34.00,1,Thursday,May,01:24
e0cbfa00-fade-4dc1-9633-e98f4cd61b09,2026-05-15,5,5,1.13,0,Recoger en tienda,3,LOCAL,0,30,,,Friday,May,01:08
bc9c92f9-5de2-44c4-9058-1b88943dd261,2026-05-15,5,5,18.60,0,Domicilio,3,EL MIRADOR,0,50,55.00,1,Friday,May,18:36
d38020ed-8171-4d11-8e63-2bf8953d126a,2026-05-16,5,6,2.57,1,Mostrador,5,LOCAL,0,30,26.00,0,Saturday,May,02:34
c12527b9-6141-4b76-8973-a1e50b47d958,2026-05-16,5,6,18.50,1,Recoger,3,LOCAL,0,30,84.00,1,Saturday,May,18:30
8c19fb50-2234-4855-8e56-bd7ffe5b63ad,2026-05-16,5,6,19.40,1,Mostrador,5,LOCAL,0,30,,,Saturday,May,19:24
37f351ca-f11f-4519-9643-bf6c8f9b3376,2026-05-16,5,6,19.82,1,Recoger en tienda,2,LOCAL,0,30,16.00,0,Saturday,May,19:49
4ab04d3d-96c2-4f85-b663-65ac2f0eb06d,2026-05-17,5,7,2.83,1,Domicilio,3,CHACATITLA,0,50,66.00,1,Sunday,May,02:50
edd21ca1-050c-45f9-af11-f5e835ec6867,2026-05-17,5,7,4.55,1,Recoger en tienda,2,LOCAL,0,30,29.00,0,Sunday,May,04:33
279e539a-c931-41c6-be68-72a5cea2a823,2026-05-18,5,1,0.27,0,Mostrador,5,LOCAL,0,30,23.00,0,Monday,May,00:16
5cd9b1f8-cee7-472b-ae99-3e2b6b81738b,2026-05-18,5,1,18.25,0,Domicilio,2,COLALAMBRE,0,50,22.00,0,Monday,May,18:15
9d01fbe0-87a0-4cdf-ad93-908930d074ab,2026-05-18,5,1,19.10,0,Domicilio,4,JUÁREZ,0,50,42.00,0,Monday,May,19:06
4b6c3164-2758-4e39-ae92-15afbaaf3c7f,2026-05-19,5,2,3.12,0,Mostrador,3,LOCAL,0,30,20.00,0,Tuesday,May,03:07
1406e9ce-2366-4092-b783-34256a8e6fca,2026-05-20,5,3,19.52,0,Mostrador,5,LOCAL,0,30,24.00,0,Wednesday,May,19:31
bd71e944-6a51-45f5-8ccb-d2cfa729d003,2026-05-21,5,4,4.07,0,Domicilio,1,SANTA IRENE,0,50,44.00,0,Thursday,May,04:04
e95dded9-30cf-46de-b48d-50cda98406e9,2026-05-21,5,4,4.58,0,Domicilio,4,LA LOMITA,0,50,56.00,1,Thursday,May,04:35
838be7a5-8290-4233-87e3-4be594969218,2026-05-21,5,4,4.80,0,Mostrador,5,LOCAL,1,30,76.00,1,Thursday,May,04:48
f07fccd0-d5ef-4a8a-90f8-cff41a29a790,2026-05-21,5,4,22.20,0,Domicilio,2,LA LOMITA,0,50,17.00,0,Thursday,May,22:12
345eb8c6-49d5-4c5c-89b1-05926f117efa,2026-05-22,5,5,2.18,0,Recoger,5,LOCAL,0,30,82.00,1,Friday,May,02:11
6c77898a-77a7-4478-bd65-bd2ddc1212f3,2026-05-22,5,5,2.95,0,Domicilio,5,TODOS POR HIDALGO,0,50,44.00,0,Friday,May,02:57
d22ed449-1282-4818-b3ae-c6f2ca754a5a,2026-05-22,5,5,22.53,0,Domicilio,1,TODOS POR HIDALGO,0,50,39.00,0,Friday,May,22:32
9165911e-caf2-485f-b638-be3d04d97492,2026-05-23,5,6,2.38,1,Mostrador,5,LOCAL,0,30,28.00,0,Saturday,May,02:23
1eb94b24-8cbb-42aa-8f4c-4f051b0e10d6,2026-05-23,5,6,3.67,1,Domicilio,4,COLALAMBRE,0,50,17.00,0,Saturday,May,03:40
98e630fb-4550-4ae5-add7-c6a42cd79c39,2026-05-23,5,6,4.15,1,Recoger,5,LOCAL,1,30,42.00,1,Saturday,May,04:09
91ac8d8a-fec7-483d-8d54-29b4212ae8d4,2026-05-23,5,6,18.90,1,Domicilio,6,CENTRO,0,50,42.00,0,Saturday,May,18:54
c18e5f9e-b341-4fee-ac04-33c0aa35518a,2026-05-23,5,6,19.88,1,Domicilio,7,CHACATITLA,0,50,32.00,0,Saturday,May,19:53
8d76c8f5-2350-4f29-918c-7b765eec396d,2026-05-24,5,7,0.22,1,Domicilio,6,SANTA IRENE,0,50,47.00,0,Sunday,May,00:13
3dba27ab-aa36-4dc5-ac25-80257087d631,2026-05-24,5,7,0.38,1,Recoger en tienda,7,LOCAL,1,30,,,Sunday,May,00:23
5797b569-f9db-487a-b5a2-730e4e05f989,2026-05-24,5,7,1.93,1,Mostrador,6,LOCAL,0,30,23.00,0,Sunday,May,01:56
0a7d7496-a4eb-42e1-83e0-f967ecb2c234,2026-05-24,5,7,3.67,1,Recoger,3,LOCAL,0,30,24.00,0,Sunday,May,03:40
31f065d5-7ab5-4f44-9f1d-2766ca30e197,2026-05-24,5,7,21.92,1,Recoger,2,LOCAL,0,30,21.00,0,Sunday,May,21:55
3d005daa-7f20-4352-b1cc-c351f02172c6,2026-05-25,5,1,1.32,0,Mostrador,5,LOCAL,0,30,,,Monday,May,01:19
f17400a0-dc65-44f7-92f7-a21c6393ef85,2026-05-25,5,1,4.88,0,Mostrador,6,LOCAL,0,30,72.00,1,Monday,May,04:53
3db0a90e-0bf7-4514-a0f6-9152775ddf96,2026-05-25,5,1,20.55,0,Recoger en tienda,1,LOCAL,0,30,15.00,0,Monday,May,20:33
e0d3244f-4b00-410b-90a7-11c1bd510392,2026-05-26,5,2,0.87,0,Mostrador,1,LOCAL,0,30,23.00,0,Tuesday,May,00:52
6530da85-d1d9-46b5-8091-911fe0348745,2026-05-26,5,2,19.90,0,Domicilio,5,PARQUE DE POBLAMIENTO,0,50,29.00,0,Tuesday,May,19:54
48c95b18-164d-4fac-ae21-a22d6660bc2e,2026-05-27,5,3,1.70,0,Domicilio,2,AVIACIÓN CIVIL,0,50,75.00,1,Wednesday,May,01:42
340ad437-b019-4e7e-83d5-71ad393b6825,2026-05-27,5,3,3.03,0,Recoger,3,LOCAL,0,30,60.00,1,Wednesday,May,03:02
1023b886-b760-473c-be5a-00b85b52a496,2026-05-27,5,3,19.23,0,Recoger en tienda,4,LOCAL,0,30,75.00,1,Wednesday,May,19:14
b7c6e6b7-660e-4cde-9b3b-91a7b16d027a,2026-05-28,5,4,0.07,0,Recoger en tienda,4,LOCAL,0,30,71.00,1,Thursday,May,00:04
85ab5a60-65ff-4af2-bd18-b23e5d1598a1,2026-05-28,5,4,0.60,0,Recoger,5,LOCAL,0,30,20.00,0,Thursday,May,00:36
cd4a0817-f6c6-4fa2-90d7-9528f8320cdf,2026-05-28,5,4,3.53,0,Recoger,6,LOCAL,0,30,24.00,0,Thursday,May,03:32
20635140-2075-4cc6-bb01-dfaa37d71647,2026-05-29,5,5,3.83,0,Recoger en tienda,4,LOCAL,0,30,32.00,1,Friday,May,03:50
811387c9-6548-4797-b825-a0504db98ae5,2026-05-31,5,7,1.47,1,Domicilio,4,CENTRO,0,50,23.00,0,Sunday,May,01:28
ffb68ae7-9a50-48d2-88c0-cade13d00e16,2026-05-31,5,7,2.23,1,Domicilio,7,LA LOMITA,0,50,,,Sunday,May,02:14
3360f876-ff97-45e6-aa61-1f3dbd0c2952,2026-05-31,5,7,2.88,1,Recoger en tienda,1,LOCAL,0,30,,,Sunday,May,02:53
ec10a5c9-46ca-475e-8282-0cd23ddc544a,2026-05-31,5,7,3.68,1,Recoger,1,LOCAL,0,30,68.00,1,Sunday,May,03:41
875d3eae-3569-4ed4-94dd-57bff9a7a89c,2026-05-31,5,7,18.80,1,Recoger en tienda,2,LOCAL,0,30,,,Sunday,May,18:48
6b0e46b1-7c17-45b8-80fd-7a33a7609a3b,2026-05-31,5,7,20.60,1,Domicilio,2,TODOS POR HIDALGO,0,50,46.00,0,Sunday,May,20:36
44ac8889-2eb7-4817-b9a7-42481e822756,2026-06-01,6,1,0.37,0,Recoger en tienda,4,LOCAL,0,30,19.00,0,Monday,June,00:22
4d7c4284-1c7f-4234-bd87-66f614bbc158,2026-06-01,6,1,4.08,0,Domicilio,6,COLALAMBRE,0,50,67.00,1,Monday,June,04:05
86b54c28-8dd6-492f-a9ff-478392e3074d,2026-06-02,6,2,0.10,0,Domicilio,1,LOS CANTORES,0,50,,,Tuesday,June,00:06
e5c44f13-a197-41fd-84e3-d1372f4834bb,2026-06-02,6,2,2.02,0,Mostrador,5,LOCAL,0,30,23.00,0,Tuesday,June,02:01
2c310702-2bc6-4ec3-b78b-b633fc7c5bee,2026-06-02,6,2,22.37,0,Mostrador,1,LOCAL,0,30,15.00,0,Tuesday,June,22:22
a19071ed-5e07-44a3-90ff-6cf20dfaba8e,2026-06-03,6,3,0.80,0,Domicilio,5,TODOS POR HIDALGO,0,50,81.00,1,Wednesday,June,00:48
fc1debf3-8ff9-4980-93cd-5765cac27d14,2026-06-03,6,3,1.65,0,Recoger,1,LOCAL,0,30,86.00,1,Wednesday,June,01:39
810606b5-6fed-443a-8fe7-7458a60bc2c5,2026-06-03,6,3,4.78,0,Recoger,1,LOCAL,0,30,17.00,0,Wednesday,June,04:47
bdd34932-5f4b-4d23-bf03-3ddd8c21df1d,2026-06-04,6,4,19.13,0,Domicilio,5,COLALAMBRE,0,50,29.00,0,Thursday,June,19:08
e6ae1a3b-20d0-45c5-a066-097707e9ba36,2026-06-05,6,5,1.58,0,Mostrador,2,LOCAL,0,30,18.00,0,Friday,June,01:35
7eecdd3c-1c2c-4edb-a3c8-cba642a9f73f,2026-06-05,6,5,3.43,0,Mostrador,5,LOCAL,0,30,39.00,1,Friday,June,03:26
a8c694e3-4728-48a4-9499-c5087a96fd90,2026-06-06,6,6,18.18,1,Recoger,5,LOCAL,0,30,18.00,0,Saturday,June,18:11
aeb7cb29-4a78-41b9-8a36-3724a74f200b,2026-06-06,6,6,19.85,1,Domicilio,5,CHACATITLA,0,50,33.00,0,Saturday,June,19:51
bb415264-cc39-46bf-96ce-3cc4fb236c14,2026-06-06,6,6,20.20,1,Domicilio,3,LA LOMITA,1,50,,,Saturday,June,20:12
d52fa0bb-b664-40f0-9b10-cce941471390,2026-06-07,6,7,0.50,1,Domicilio,6,EL MIRADOR,0,50,83.00,1,Sunday,June,00:30
80a93bb6-5b7b-4f8b-a43e-eab47f0012ca,2026-06-07,6,7,0.83,1,Domicilio,1,EL MIRADOR,1,50,29.00,0,Sunday,June,00:50
545a3f1d-ff37-4ed3-a79f-e6f8bcea7ae1,2026-06-07,6,7,1.43,1,Recoger,8,LOCAL,0,30,16.00,0,Sunday,June,01:26
94887972-91f5-4600-9f88-fb184d65b49e,2026-06-07,6,7,2.05,1,Recoger en tienda,4,LOCAL,0,30,86.00,1,Sunday,June,02:03
8715b856-c61b-4f93-a117-1d30d8a40898,2026-06-07,6,7,3.22,1,Recoger en tienda,1,LOCAL,0,30,89.00,1,Sunday,June,03:13
13b39cf2-6b40-42e9-a873-1dc68249fd87,2026-06-07,6,7,4.22,1,Domicilio,1,AVIACIÓN CIVIL,0,50,39.00,0,Sunday,June,04:13
12b062df-9e9b-4c18-929a-0a3940e0c44d,2026-06-07,6,7,20.18,1,Recoger en tienda,5,LOCAL,0,30,71.00,1,Sunday,June,20:11
bc6d2b77-fceb-45b5-8c40-010b20cb7f38,2026-06-08,6,1,1.68,0,Domicilio,3,JUÁREZ,0,50,26.00,0,Monday,June,01:41
7b9fee48-7472-4740-bbb4-4db43d193d1a,2026-06-09,6,2,1.77,0,Mostrador,7,LOCAL,0,30,53.00,1,Tuesday,June,01:46
cc360fbb-8c32-4ab9-b0c9-5501bea64882,2026-06-10,6,3,0.48,0,Recoger en tienda,2,LOCAL,0,30,16.00,0,Wednesday,June,00:29
dc5a30c2-3470-41e9-80fb-865d4b710270,2026-06-10,6,3,1.45,0,Recoger,2,LOCAL,0,30,72.00,1,Wednesday,June,01:27
a319e9fb-ed47-41f2-be2f-a0881e515f31,2026-06-10,6,3,22.97,0,Domicilio,4,CENTRO,0,50,87.00,1,Wednesday,June,22:58
41bdfee4-ed1b-43de-96a8-dcf1130b05ba,2026-06-11,6,4,1.48,0,Recoger en tienda,2,LOCAL,0,30,57.00,1,Thursday,June,01:29
68d27914-4f8e-46ed-894b-1b38eae65ac1,2026-06-11,6,4,2.32,0,Recoger en tienda,4,LOCAL,0,30,24.00,0,Thursday,June,02:19
9fad7e3d-8cd0-4947-9c30-a36500622242,2026-06-11,6,4,3.45,0,Mostrador,1,LOCAL,0,30,,,Thursday,June,03:27
7563908a-4833-44ac-9861-2e1adae6e994,2026-06-11,6,4,21.05,0,Domicilio,4,LOS CANTORES,0,50,39.00,0,Thursday,June,21:03
9d4abc8d-21b4-4341-b639-c0b04c597b46,2026-06-12,6,5,0.93,0,Recoger,2,LOCAL,0,30,,,Friday,June,00:56
1dbacd72-dcb0-4db6-8b29-d1be026ced00,2026-06-12,6,5,2.85,0,Mostrador,1,LOCAL,0,30,69.00,1,Friday,June,02:51
f6e86ea0-55bd-4723-bf1f-0e862ccd04ca,2026-06-12,6,5,4.23,0,Mostrador,4,LOCAL,0,30,51.00,1,Friday,June,04:14
2470529e-e77e-4e78-8393-79a879ddd968,2026-06-13,6,6,18.05,1,Mostrador,2,LOCAL,0,30,27.00,0,Saturday,June,18:03
5a0edb8a-dad5-4dc7-8b84-c0b790040219,2026-06-13,6,6,21.93,1,Domicilio,4,CHACATITLA,0,50,18.00,0,Saturday,June,21:56
b596434e-36c4-482f-9048-4ef82f605032,2026-06-14,6,7,3.03,1,Domicilio,2,PARQUE DE POBLAMIENTO,0,50,40.00,0,Sunday,June,03:02
eb8b6aeb-ba02-4369-837c-fd7d2ed507ae,2026-06-14,6,7,4.63,1,Recoger en tienda,5,LOCAL,0,30,16.00,0,Sunday,June,04:38
24c8eb5f-8155-4f64-ae1d-874b6e901f2a,2026-06-14,6,7,20.03,1,Domicilio,1,LOS PRADOS,0,50,,,Sunday,June,20:02
22f9bf0b-10a9-4d03-8174-1bafb1ff9e63,2026-06-14,6,7,20.07,1,Domicilio,1,LOS PRADOS,1,50,,,Sunday,June,20:04
0667b3fb-b9c6-485b-82f7-daa5e5ff9559,2026-06-15,6,1,0.47,0,Recoger en tienda,3,LOCAL,0,30,81.00,1,Monday,June,00:28
4ae91f4d-c6b9-4d24-925d-7eaaac6164e7,2026-06-15,6,1,0.48,0,Domicilio,5,COLALAMBRE,1,50,78.00,1,Monday,June,00:29
0ebb22e7-7a5a-4181-a245-dbeb49c26f96,2026-06-15,6,1,1.27,0,Domicilio,2,CHACATITLA,0,50,36.00,0,Monday,June,01:16
4afd234f-e1b2-44f8-a9bb-769f1578d5b3,2026-06-15,6,1,2.88,0,Domicilio,1,TODOS POR HIDALGO,0,50,28.00,0,Monday,June,02:53
1181a43e-7df0-4198-ac69-bbf1fb885176,2026-06-15,6,1,3.00,0,Recoger,6,LOCAL,1,30,35.00,1,Monday,June,03:00
a2f9467f-3d4b-427b-b333-c40bef26739c,2026-06-15,6,1,3.03,0,Recoger,6,LOCAL,2,30,50.00,1,Monday,June,03:02
d06ce6cf-4745-49fc-9eac-d0a09cc64b10,2026-06-17,6,3,2.38,0,Recoger,4,LOCAL,0,30,88.00,1,Wednesday,June,02:23
d46a44bd-3983-4398-994d-6142c14d1ce6,2026-06-17,6,3,4.77,0,Domicilio,2,CENTRO,0,50,30.00,0,Wednesday,June,04:46
bb9501d7-fe30-48a6-9b3f-9afba2801793,2026-06-17,6,3,21.53,0,Mostrador,1,LOCAL,0,30,54.00,1,Wednesday,June,21:32
05725062-3539-4d1c-9ebb-43e1e22ceee2,2026-06-18,6,4,1.00,0,Domicilio,2,TODOS POR HIDALGO,0,50,,,Thursday,June,01:00
4495fe0d-e7a4-424f-8932-472eab9390f1,2026-06-18,6,4,3.15,0,Domicilio,5,TODOS POR HIDALGO,0,50,,,Thursday,June,03:09
acd82f31-813e-421a-aefc-0a80258fa9c1,2026-06-18,6,4,18.92,0,Domicilio,7,CHACATITLA,0,50,36.00,0,Thursday,June,18:55
cdf8e5dc-a3b6-48e4-9798-1d557ece332c,2026-06-19,6,5,4.97,0,Mostrador,5,LOCAL,0,30,61.00,1,Friday,June,04:58
605a86c3-970f-42e0-baf0-9cb4c1104c69,2026-06-20,6,6,18.72,1,Recoger,1,LOCAL,0,30,30.00,0,Saturday,June,18:43
558f7c7e-f74a-44f8-8988-f80ad2df79b2,2026-06-20,6,6,20.33,1,Recoger en tienda,2,LOCAL,0,30,,,Saturday,June,20:20
7051a6ba-d83d-4e33-8e6e-1ad085b6e12a,2026-06-20,6,6,22.50,1,Mostrador,1,LOCAL,0,30,78.00,1,Saturday,June,22:30
2da222f4-35fd-4d2e-bcc4-0ae25832332e,2026-06-21,6,7,1.23,1,Domicilio,5,JUÁREZ,0,50,,,Sunday,June,01:14
1741f031-dac2-4f03-b46a-a78869ed5dd1,2026-06-21,6,7,1.65,1,Domicilio,3,LA LOMITA,0,50,87.00,1,Sunday,June,01:39
ed20773c-ec25-4a5d-8eaf-6486ab1b8e87,2026-06-21,6,7,2.62,1,Domicilio,6,LA LOMITA,0,50,26.00,0,Sunday,June,02:37
01203406-92a2-4eef-8b3d-58777c9a8064,2026-06-21,6,7,3.13,1,Recoger,2,LOCAL,0,30,27.00,0,Sunday,June,03:08
2e2dc0fb-909f-4b37-833d-179ba124344b,2026-06-21,6,7,4.08,1,Recoger en tienda,1,LOCAL,0,30,20.00,0,Sunday,June,04:05
f99ec911-7734-443a-8785-7711071f80d6,2026-06-21,6,7,4.57,1,Recoger,4,LOCAL,1,30,,,Sunday,June,04:34
06ce99d5-aac8-466a-aa6e-21e7652551bf,2026-06-21,6,7,21.25,1,Domicilio,1,LOS PRADOS,0,50,,,Sunday,June,21:15
3177450a-f02b-4fca-ab25-970e42c9cbd0,2026-06-21,6,7,21.27,1,Domicilio,1,LOS PRADOS,1,50,,,Sunday,June,21:16
bf28a81d-c34c-4a18-a226-cff278e8ad3c,2026-06-21,6,7,21.27,1,Domicilio,1,LOS PRADOS,2,50,,,Sunday,June,21:16
726a211b-6f26-4638-a7c4-47f2b0c8bb7a,2026-06-21,6,7,21.32,1,Domicilio,1,LOS PRADOS,3,50,,,Sunday,June,21:19
ad0759d4-1df3-4af2-8d0b-6f22b339338d,2026-06-22,6,1,0.43,0,Recoger en tienda,2,LOCAL,0,30,,,Monday,June,00:26
7e1223e0-6e2a-4ed9-b8a1-54a3e37fc773,2026-06-22,6,1,0.73,0,Recoger,7,LOCAL,0,30,23.00,0,Monday,June,00:44
698c30bc-70cb-4b93-be9a-7e304261b19d,2026-06-22,6,1,3.67,0,Recoger,1,LOCAL,0,30,,,Monday,June,03:40
1e806374-0919-42a5-a475-5c3af12bee9b,2026-06-22,6,1,18.02,0,Recoger,2,LOCAL,0,30,25.00,0,Monday,June,18:01
7924362d-4904-40bb-bd52-d16c76bc0125,2026-06-22,6,1,18.30,0,Domicilio,1,LA LOMITA,1,50,52.00,1,Monday,June,18:18
43eaad14-1bae-4629-a541-605bac2f7694,2026-06-23,6,2,3.18,0,Recoger,2,LOCAL,0,30,70.00,1,Tuesday,June,03:11
5f9ded48-84ed-47e1-be46-20c88a0169d2,2026-06-23,6,2,4.42,0,Recoger,3,LOCAL,0,30,75.00,1,Tuesday,June,04:25
e652e8f4-d94f-40f2-854c-c50d559de0b2,2026-06-23,6,2,19.92,0,Mostrador,5,LOCAL,0,30,76.00,1,Tuesday,June,19:55
e3214055-ee75-4ac8-b455-7d4d9a17d255,2026-06-24,6,3,3.45,0,Recoger,3,LOCAL,0,30,41.00,1,Wednesday,June,03:27
a12570f4-574d-442f-a0c9-0859d718be00,2026-06-24,6,3,4.38,0,Domicilio,2,TODOS POR HIDALGO,0,50,76.00,1,Wednesday,June,04:23
e4027306-cb04-4a28-9be5-3193b200bd27,2026-06-25,6,4,0.47,0,Domicilio,4,AVIACIÓN CIVIL,0,50,35.00,0,Thursday,June,00:28
9dc61086-7cbc-4b0e-a9c8-24677e6b5a24,2026-06-25,6,4,18.05,0,Mostrador,4,LOCAL,0,30,82.00,1,Thursday,June,18:03
31539f53-29f6-4986-8494-2e0d7fc2a406,2026-06-25,6,4,21.12,0,Recoger,5,LOCAL,0,30,69.00,1,Thursday,June,21:07
a4c28e2d-3564-46a5-b00d-1b9e913dc89b,2026-06-26,6,5,1.30,0,Domicilio,4,EL MIRADOR,0,50,,,Friday,June,01:18
78bc9653-5957-4635-b6c2-8be57c09059f,2026-06-27,6,6,0.57,1,Domicilio,4,AVIACIÓN CIVIL,0,50,39.00,0,Saturday,June,00:34
993e668e-519e-4122-8fc2-1f4be3f0bd24,2026-06-27,6,6,1.73,1,Recoger en tienda,5,LOCAL,0,30,78.00,1,Saturday,June,01:44
5cc3eac2-6753-4ad8-8aa0-d650ea3ad62f,2026-06-27,6,6,4.00,1,Domicilio,7,LA LOMITA,0,50,59.00,1,Saturday,June,04:00
e3c6f237-2d8c-422c-bb9a-fa38fc51bf43,2026-06-27,6,6,18.27,1,Recoger en tienda,1,LOCAL,0,30,31.00,1,Saturday,June,18:16
a1f7d5d1-23a9-4523-b865-d850962c3ec1,2026-06-28,6,7,0.20,1,Domicilio,1,TAHUIZÁN,0,50,65.00,1,Sunday,June,00:12
7aa2ad67-4ecb-4880-9d87-d29eb4edfc0c,2026-06-28,6,7,1.08,1,Recoger en tienda,4,LOCAL,0,30,15.00,0,Sunday,June,01:05
f6cb4e94-6696-4739-ab78-508410254adc,2026-06-28,6,7,2.70,1,Recoger,1,LOCAL,0,30,20.00,0,Sunday,June,02:42
2acb9fb8-411d-4ceb-b90a-b189e370d96a,2026-06-28,6,7,3.73,1,Domicilio,7,EL MIRADOR,0,50,,,Sunday,June,03:44
c9ec7343-c6fe-4f0d-bf07-c9895acebc82,2026-06-28,6,7,23.20,1,Recoger,2,LOCAL,0,30,,,Sunday,June,23:12
827d1541-bef4-4ca5-ba87-6a72b889c208,2026-06-29,6,1,0.10,0,Domicilio,1,CENTRO,0,50,36.00,0,Monday,June,00:06
1616df2b-de95-41b0-863f-b7292a286bc7,2026-06-29,6,1,0.92,0,Mostrador,5,LOCAL,0,30,,,Monday,June,00:55
2a41f8ba-abd1-4ee0-ae28-782f7bc5db1f,2026-06-29,6,1,3.22,0,Recoger,3,LOCAL,0,30,39.00,1,Monday,June,03:13
a54bc342-6de7-413d-81c5-299eb53076cd,2026-06-29,6,1,4.17,0,Recoger en tienda,1,LOCAL,0,30,49.00,1,Monday,June,04:10
9389d701-355c-42ed-b81a-2c5690c96b37,2026-06-30,6,2,1.45,0,Recoger,8,LOCAL,0,30,81.00,1,Tuesday,June,01:27
d5c806d5-dbaf-4e02-8f81-9537d4c2ccd0,2026-06-30,6,2,3.72,0,Domicilio,3,AVIACIÓN CIVIL,0,50,48.00,0,Tuesday,June,03:43
78cafa48-a30d-4627-bda6-1a78ff6831f0,2026-06-30,6,2,4.65,0,Recoger en tienda,5,LOCAL,0,30,39.00,1,Tuesday,June,04:39
a9a93ec1-38e3-4ca3-8712-3183937692ac,2026-06-30,6,2,4.68,0,Recoger,1,LOCAL,1,30,,,Tuesday,June,04:41
a86b463d-58a2-4611-8684-08c74b4c71ef,2026-07-01,7,3,18.55,0,Mostrador,5,LOCAL,0,30,61.00,1,Wednesday,July,18:33
862855d9-648a-43d7-a800-21b043464979,2026-07-01,7,3,22.93,0,Domicilio,2,AVIACIÓN CIVIL,0,50,67.00,1,Wednesday,July,22:56
5dbd5062-8235-44c4-b0ae-f6c2ea9d3678,2026-07-02,7,4,19.55,0,Recoger,2,LOCAL,0,30,18.00,0,Thursday,July,19:33
9e089282-c0c8-4ccb-af7e-edf396915e04,2026-07-03,7,5,4.80,0,Domicilio,1,TAHUIZÁN,0,50,25.00,0,Friday,July,04:48
c1fb32f9-f13b-4e33-b1bf-0ac08d425b7d,2026-07-04,7,6,1.23,1,Recoger en tienda,1,LOCAL,0,30,38.00,1,Saturday,July,01:14
4c65b105-5acd-4ff0-943e-6c524e397385,2026-07-04,7,6,20.30,1,Domicilio,6,PARQUE DE POBLAMIENTO,0,50,43.00,0,Saturday,July,20:18
37c32efb-2f7e-4c7c-b094-373245a25a05,2026-07-04,7,6,22.90,1,Mostrador,4,LOCAL,0,30,22.00,0,Saturday,July,22:54
67a8223d-dacd-4d93-b29a-ddb67dd96433,2026-07-05,7,7,0.32,1,Recoger,5,LOCAL,0,30,31.00,1,Sunday,July,00:19
6948eae0-f51d-4d19-8276-9db1aab15a37,2026-07-05,7,7,1.15,1,Domicilio,2,TODOS POR HIDALGO,0,50,48.00,0,Sunday,July,01:09
bc904d46-7192-4b74-861d-ff310121e1af,2026-07-05,7,7,2.73,1,Recoger,2,LOCAL,0,30,23.00,0,Sunday,July,02:44
23045a91-9a0f-4f9f-af6a-eca424dacec1,2026-07-05,7,7,2.82,1,Domicilio,5,CHACATITLA,1,50,41.00,0,Sunday,July,02:49
de7051c1-7c3f-45f5-b699-e0592cce36c3,2026-07-05,7,7,3.18,1,Recoger,4,LOCAL,2,30,50.00,1,Sunday,July,03:11
3d70e484-02a0-44a9-b7d9-220a0a373ff9,2026-07-05,7,7,4.53,1,Domicilio,3,TODOS POR HIDALGO,0,50,71.00,1,Sunday,July,04:32
52b13a51-b90a-40b6-995a-4aa706fc1468,2026-07-05,7,7,19.53,1,Recoger,1,LOCAL,0,30,22.00,0,Sunday,July,19:32
246c1e6f-039d-471f-bc29-bf5c12ffde6b,2026-07-06,7,1,2.92,0,Recoger en tienda,3,LOCAL,0,30,85.00,1,Monday,July,02:55
ea3a5237-125a-4112-bd45-9d053f49842e,2026-07-06,7,1,3.65,0,Recoger en tienda,7,LOCAL,0,30,73.00,1,Monday,July,03:39
295f0128-9324-4762-b7ca-fca944d6b0a1,2026-07-06,7,1,4.98,0,Domicilio,3,COLALAMBRE,0,50,,,Monday,July,04:59
465a264b-b899-4862-9faf-a4c52002cf44,2026-07-07,7,2,3.57,0,Mostrador,3,LOCAL,0,30,67.00,1,Tuesday,July,03:34
41faa376-39dc-4d17-8374-efd73bc77cc8,2026-07-07,7,2,4.02,0,Recoger en tienda,5,LOCAL,1,30,73.00,1,Tuesday,July,04:01
745b0134-0f36-4c6b-9a44-2dbdfd8e8543,2026-07-07,7,2,4.33,0,Mostrador,2,LOCAL,1,30,87.00,1,Tuesday,July,04:20
26a7c76a-6a8e-45cb-a011-a656b00a49c1,2026-07-07,7,2,21.08,0,Recoger en tienda,4,LOCAL,0,30,88.00,1,Tuesday,July,21:05
dad8b5a6-4ec1-494e-bdbb-bc0134fcb49d,2026-07-07,7,2,21.82,0,Domicilio,3,JUÁREZ,0,50,48.00,0,Tuesday,July,21:49
454c4880-434e-49bf-8b9e-fd882d749ca7,2026-07-08,7,3,3.18,0,Recoger,1,LOCAL,0,30,53.00,1,Wednesday,July,03:11
dfe4bf54-33fe-44ce-b468-4bcb22895911,2026-07-08,7,3,18.05,0,Recoger en tienda,4,LOCAL,0,30,58.00,1,Wednesday,July,18:03
5a2619a6-9676-4da8-a465-fa52cdc251a4,2026-07-09,7,4,1.50,0,Recoger,1,LOCAL,0,30,64.00,1,Thursday,July,01:30
7743ffac-fae8-4400-82b6-617ef4a5bca2,2026-07-09,7,4,4.38,0,Recoger en tienda,4,LOCAL,0,30,18.00,0,Thursday,July,04:23
6b7440fb-18fe-4276-8b07-1a540f94e62b,2026-07-10,7,5,0.80,0,Recoger en tienda,5,LOCAL,0,30,37.00,1,Friday,July,00:48
5f6e2c50-58e5-43e3-9bac-b692547ecce0,2026-07-11,7,6,18.40,1,Recoger en tienda,2,LOCAL,0,30,29.00,0,Saturday,July,18:24
52340c2a-83ad-45b4-bb87-52b8dde79eb4,2026-07-11,7,6,22.17,1,Domicilio,1,CHACATITLA,0,50,38.00,0,Saturday,July,22:10
9ae65ea4-d99e-426c-8a58-7aeb312064c4,2026-07-12,7,7,2.20,1,Recoger,3,LOCAL,0,30,,,Sunday,July,02:12
83f09aa6-fd8c-4c20-84d7-96421769c61f,2026-07-12,7,7,2.33,1,Recoger,6,LOCAL,0,30,54.00,1,Sunday,July,02:20
aa92a088-b155-4064-80f1-64b9b325607f,2026-07-12,7,7,4.70,1,Domicilio,2,TODOS POR HIDALGO,0,50,34.00,0,Sunday,July,04:42
445079f2-6895-4069-8d2d-c6a7994adf7d,2026-07-12,7,7,20.67,1,Recoger,4,LOCAL,0,30,19.00,0,Sunday,July,20:40
ae53e0aa-f746-46ca-883e-69ef9bf07e13,2026-07-12,7,7,22.18,1,Domicilio,3,SANTA IRENE,0,50,43.00,0,Sunday,July,22:11
80863372-eedc-4ba0-bb82-e96d18a20cda,2026-07-12,7,7,22.70,1,Recoger en tienda,2,LOCAL,0,30,82.00,1,Sunday,July,22:42
ccd75853-2e56-4cee-9229-843ba2fe566b,2026-07-13,7,1,2.88,0,Recoger en tienda,7,LOCAL,0,30,85.00,1,Monday,July,02:53
5a77e3b6-b306-4208-8e22-b6f5220b018c,2026-07-13,7,1,20.08,0,Recoger,3,LOCAL,0,30,24.00,0,Monday,July,20:05
fcbb1f8c-6fe3-4343-9632-1b8d2d34b67c,2026-07-13,7,1,20.80,0,Mostrador,6,LOCAL,0,30,26.00,0,Monday,July,20:48
bb12cf97-f5c7-401d-a208-f00fe3072284,2026-07-14,7,2,0.42,0,Recoger,1,LOCAL,0,30,56.00,1,Tuesday,July,00:25
48ef720e-26b1-4b88-9bb9-4249f934fe9a,2026-07-14,7,2,0.50,0,Recoger en tienda,1,LOCAL,1,30,57.00,1,Tuesday,July,00:30
838edef7-355e-4cc7-81ae-6176298ab0ac,2026-07-14,7,2,19.15,0,Recoger en tienda,1,LOCAL,0,30,23.00,0,Tuesday,July,19:09
6b1c297f-caf6-4a20-9090-7f8fdae695ee,2026-07-15,7,3,2.20,0,Domicilio,4,EL MIRADOR,0,50,43.00,0,Wednesday,July,02:12
d7190dd6-b6b6-41b5-a115-db5166fe43c7,2026-07-15,7,3,3.35,0,Recoger en tienda,4,LOCAL,0,30,29.00,0,Wednesday,July,03:21
56223f50-19a6-4220-b502-a9dd824f4736,2026-07-16,7,4,0.25,0,Mostrador,3,LOCAL,0,30,,,Thursday,July,00:15
7b284073-9a2f-44f6-80cc-a4a55f7217c8,2026-07-16,7,4,0.90,0,Recoger,3,LOCAL,0,30,57.00,1,Thursday,July,00:54
751d45b6-7716-4708-8817-12a4abd5cf4e,2026-07-16,7,4,2.80,0,Recoger en tienda,4,LOCAL,0,30,48.00,1,Thursday,July,02:48
f32c545e-1c77-44fd-96e5-d95d7cb0bd77,2026-07-16,7,4,4.12,0,Recoger en tienda,4,LOCAL,0,30,54.00,1,Thursday,July,04:07
39b09e34-b841-46bc-b9fe-e62bf8e54aa4,2026-07-17,7,5,6.23,0,Recoger,1,LOCAL,0,30,,,Friday,July,06:14
50bc8d05-5390-4cc6-86c1-00bdf439c55d,2026-07-17,7,5,6.37,0,Domicilio,3,CENTRO,1,50,,,Friday,July,06:22
14de434a-3773-4d7e-bab4-0bf043049316,2026-07-17,7,5,20.93,0,Domicilio,7,TAHUIZÁN,0,50,16.00,0,Friday,July,20:56
35a18c75-0ece-4ce3-8eb7-9352327dacc2,2026-07-18,7,6,0.15,1,Recoger,3,LOCAL,0,30,36.00,1,Saturday,July,00:09
1df3d984-041d-4365-a3b8-a74dd12d7819,2026-07-18,7,6,18.65,1,Domicilio,2,TODOS POR HIDALGO,0,50,,,Saturday,July,18:39
e614856e-a31a-43e5-97e2-fd35467d0c1a,2026-07-18,7,6,19.30,1,Recoger en tienda,3,LOCAL,0,30,59.00,1,Saturday,July,19:18
5111c0a2-4e7f-45b6-bed0-96405306f5fc,2026-07-18,7,6,19.42,1,Domicilio,5,PARQUE DE POBLAMIENTO,1,50,83.00,1,Saturday,July,19:25
5286c2f3-446f-4a2c-98ef-124562450a50,2026-07-18,7,6,19.55,1,Mostrador,7,LOCAL,2,30,28.00,0,Saturday,July,19:33
8cf85276-3cf3-4a48-a6d7-6a3ab0884ec1,2026-07-18,7,6,19.77,1,Mostrador,1,LOCAL,3,30,26.00,0,Saturday,July,19:46
b2a51d4c-eb44-413d-99a6-ad669c621a35,2026-07-19,7,7,1.72,1,Domicilio,1,COLALAMBRE,0,50,66.00,1,Sunday,July,01:43
5e937fba-c0e9-4fa7-b1eb-155c34e5699d,2026-07-19,7,7,18.40,1,Domicilio,1,LOS PRADOS,0,50,,,Sunday,July,18:24
1eae2705-50e7-4d86-802c-59032abb87a6,2026-07-19,7,7,18.75,1,Domicilio,1,LOS PRADOS,0,50,,,Sunday,July,18:45
4e47d4c1-d45f-4d9f-8ba2-ea3b2865183f,2026-07-20,7,1,2.55,0,Domicilio,6,PARQUE DE POBLAMIENTO,0,50,41.00,0,Monday,July,02:33
846747aa-6d99-4dce-95f7-b912686e4b12,2026-07-20,7,1,2.87,0,Mostrador,4,LOCAL,1,30,74.00,1,Monday,July,02:52
82d9c2ec-d0ca-47ae-9fb1-03ca0c6dccc1,2026-07-20,7,1,4.68,0,Mostrador,5,LOCAL,0,30,27.00,0,Monday,July,04:41
6756e537-af61-4152-8c43-98570bd2074c,2026-07-20,7,1,19.82,0,Mostrador,5,LOCAL,0,30,20.00,0,Monday,July,19:49
aed906e5-d9b4-41c9-98a5-4a3fe5c62c7e,2026-07-21,7,2,2.62,0,Domicilio,2,SANTA IRENE,0,50,64.00,1,Tuesday,July,02:37
ee31c486-bb9d-4c63-bbe6-f822864909be,2026-07-21,7,2,3.23,0,Domicilio,8,LA LOMITA,0,50,38.00,0,Tuesday,July,03:14
420b5c74-199c-4595-8126-7e55ddb84f48,2026-07-21,7,2,4.67,0,Domicilio,7,CENTRO,0,50,,,Tuesday,July,04:40
45180c06-f550-4fa9-ae5e-9b4b8de567d5,2026-07-21,7,2,16.17,0,Recoger,1,LOCAL,0,30,,,Tuesday,July,16:10
18506a66-2671-494e-9496-aaf91183dc7c,2026-07-21,7,2,18.98,0,Mostrador,2,LOCAL,0,30,,,Tuesday,July,18:59
212ea3a8-1354-4960-b67b-fd0b58ea7d43,2026-07-21,7,2,19.80,0,Domicilio,1,PRADOS,0,50,,,Tuesday,July,19:48
79ded855-2809-4971-9dd1-9feff8146d11,2026-07-21,7,2,21.58,0,Domicilio,1,AVIACIÓN CIVIL,0,50,71.00,1,Tuesday,July,21:35
4f425b1c-eced-450f-b29d-474fb3d902d2,2026-07-22,7,3,0.92,0,Recoger,7,LOCAL,0,30,30.00,0,Wednesday,July,00:55
52dacca4-296c-4c0a-81df-8070c21b2de5,2026-07-22,7,3,1.37,0,Domicilio,1,PRADOS,1,50,,,Wednesday,July,01:22
3962a6de-11f4-4a88-8357-4f936b8a4a82,2026-07-22,7,3,5.18,0,Recoger,2,LOCAL,0,30,,,Wednesday,July,05:11
eb469076-0cf4-4805-9bd6-f484c1f7c997,2026-07-22,7,3,7.10,0,Domicilio,2,CENTRO,0,50,,,Wednesday,July,07:06
ed650d18-ad1b-4460-84ff-18f068ef4b95,2026-07-23,7,4,0.80,0,Domicilio,4,TODOS POR HIDALGO,0,50,,,Thursday,July,00:48
4286abee-4f24-41a5-acf5-a559ab69f2a4,2026-07-23,7,4,1.10,0,Mostrador,5,LOCAL,0,30,52.00,1,Thursday,July,01:06
f1078f6c-155e-4d02-ad16-2d6603059564,2026-07-23,7,4,1.38,0,Recoger,7,LOCAL,1,30,70.00,1,Thursday,July,01:23
3302ed66-d4d1-4079-a48c-b0a0561bf4d1,2026-07-23,7,4,1.42,0,Mostrador,4,LOCAL,2,30,88.00,1,Thursday,July,01:25
1a27c2d2-762f-4ffd-ae57-8bb686641ef6,2026-07-23,7,4,1.63,0,Mostrador,2,LOCAL,2,30,39.00,1,Thursday,July,01:38
c27fe0a9-7236-4b04-8022-154076097ffa,2026-07-23,7,4,1.77,0,Mostrador,5,LOCAL,3,30,45.00,1,Thursday,July,01:46
104c911d-58f0-43f7-a1d9-2941f4a26ff1,2026-07-23,7,4,1.97,0,Recoger en tienda,3,LOCAL,2,30,87.00,1,Thursday,July,01:58
48ab42b5-75ac-4166-bdaf-61ec3b3499a5,2026-07-23,7,4,2.97,0,Mostrador,3,LOCAL,0,30,61.00,1,Thursday,July,02:58
41de0fe2-9ddc-4d4a-8286-f2359aa7cefd,2026-07-23,7,4,4.67,0,Domicilio,2,TAHUIZÁN,0,50,17.00,0,Thursday,July,04:40
b780044a-f469-4514-b793-abc19ff15a83,2026-07-23,7,4,9.18,0,Domicilio,2,PRADOS,0,50,,,Thursday,July,09:11
026a0645-d30c-48dc-9d0c-f8f4deb178c3,2026-07-23,7,4,14.65,0,Domicilio,1,CHACATITLA CALLE INSURGENTES,0,50,,,Thursday,July,14:39
4031fe77-c057-4f38-9a9a-eaf2cf135259,2026-07-23,7,4,16.53,0,Domicilio,1,CENTRO,0,50,,,Thursday,July,16:32
f1c4d314-c494-4644-8568-a40e0078cb40,2026-07-23,7,4,16.68,0,Domicilio,1,LOS PRADOS,1,50,,,Thursday,July,16:41
27044a5e-615a-48e9-a561-2c5b0dd701fb,2026-07-23,7,4,16.90,0,Domicilio,2,CENTRO,2,50,,,Thursday,July,16:54
5079d3b5-d0a8-42d3-80a3-b9ab5252f7d5,2026-07-23,7,4,17.05,0,Domicilio,1,LOS PRADOS,2,50,,,Thursday,July,17:03
1fbcf075-bc45-4514-97ac-1563a8faf17c,2026-07-23,7,4,17.07,0,Domicilio,1,LOS PRADOS,3,50,,,Thursday,July,17:04
2afe7bcd-4ed4-432f-a7e0-5d78dba2c50b,2026-07-23,7,4,17.15,0,Domicilio,1,CHACATITLA CALLE INSURGENTES,4,50,,,Thursday,July,17:09
6efec3bd-e04d-44fb-9023-aed1feca37d8,2026-07-23,7,4,17.30,0,Domicilio,1,LOS PRADOS,4,50,,,Thursday,July,17:18
73a42c4d-75ac-4d7f-9b73-668a3fc79d56,2026-07-23,7,4,17.42,0,Domicilio,3,CHACATITLA CALLE INSURGENTES,4,50,,,Thursday,July,17:25
6d6c5591-27b1-42f2-b380-f1a2d63379a0,2026-07-23,7,4,17.48,0,Domicilio,1,LOS PRADOS,5,50,,,Thursday,July,17:29
b75a4690-6eaa-45d1-a1a4-7632001044b9,2026-07-23,7,4,17.57,0,Domicilio,2,SIN_ZONA,4,50,,,Thursday,July,17:34
0f848db1-c547-4839-8495-eb7a4cf1492e,2026-07-23,7,4,17.80,0,Domicilio,2,LOS PRADOS,4,50,,,Thursday,July,17:48
a1ca149b-9136-4ab0-98e6-0dfcdb374f5a,2026-07-23,7,4,17.85,0,Domicilio,1,CHACATITLA CALLE INSURGENTES,4,50,,,Thursday,July,17:51
f3d7e8b5-538d-4a52-b2e8-2f67d129d5bd,2026-07-23,7,4,18.17,0,Domicilio,2,LOS PRADOS,2,50,,,Thursday,July,18:10
44378260-e1b7-458e-b3fe-3a0f6e9953d6,2026-07-23,7,4,18.22,0,Domicilio,1,CHACATITLA CALLE INSURGENTES,3,50,,,Thursday,July,18:13
ea6212dd-4b71-4c32-9a01-e23d9da89a7e,2026-07-24,7,5,4.48,0,Recoger en tienda,2,LOCAL,0,30,63.00,1,Friday,July,04:29
99f7afa1-63f6-44d9-be50-d96c25b975f0,2026-07-24,7,5,18.85,0,Domicilio,4,COLALAMBRE,0,50,,,Friday,July,18:51
97d4e69a-a9c8-4a0e-8da8-a21429d72fc9,2026-07-24,7,5,22.03,0,Recoger,4,LOCAL,0,30,58.00,1,Friday,July,22:02
9eefde59-c8a7-4a99-ae29-591df1d236ac,2026-07-25,7,6,18.30,1,Recoger,5,LOCAL,0,30,34.00,1,Saturday,July,18:18
269ef330-4d2a-4b50-89a7-29b2ee066765,2026-07-25,7,6,20.55,1,Domicilio,5,TODOS POR HIDALGO,0,50,71.00,1,Saturday,July,20:33
ccf04433-4688-4f7d-b162-663d59f1a522,2026-07-25,7,6,20.88,1,Domicilio,1,CENTRO,1,50,77.00,1,Saturday,July,20:53
bfb79cd2-167b-41d8-9af7-76012729f02b,2026-07-26,7,7,0.98,1,Mostrador,2,LOCAL,0,30,42.00,1,Sunday,July,00:59
2a906c60-d5c9-4452-b7c0-766d40f2d7de,2026-07-26,7,7,4.20,1,Domicilio,5,COLALAMBRE,0,50,24.00,0,Sunday,July,04:12
0dd03850-4cc4-4e42-b3a3-e2b7c35b37d6,2026-07-26,7,7,4.87,1,Recoger en tienda,2,LOCAL,0,30,76.00,1,Sunday,July,04:52
eb980c48-dd3a-4675-ac5c-96e9fac09f05,2026-07-26,7,7,4.97,1,Mostrador,5,LOCAL,1,30,,,Sunday,July,04:58
f273098a-9377-4d03-9a9a-b2ffd90567e8,2026-07-26,7,7,18.60,1,Domicilio,1,TAHUIZÁN,0,50,36.00,0,Sunday,July,18:36
5a13c770-6270-4bce-a039-690adf0d48fa,2026-07-26,7,7,19.03,1,Domicilio,4,CHACATITLA,1,50,38.00,0,Sunday,July,19:02
8d556685-d0b5-4d84-8181-d96761473418,2026-07-26,7,7,22.08,1,Domicilio,6,AVIACIÓN CIVIL,0,50,67.00,1,Sunday,July,22:05
15a1959d-546e-4756-921b-c6f5107ec5af,2026-07-27,7,1,3.82,0,Recoger,4,LOCAL,0,30,20.00,0,Monday,July,03:49
416c4592-6eea-4c2b-ae84-d825a629cdaf,2026-07-28,7,2,19.23,0,Domicilio,6,TODOS POR HIDALGO,0,50,,,Tuesday,July,19:14
794b4d63-673d-4ea5-9f7b-c0990dff8227,2026-07-28,7,2,20.05,0,Recoger en tienda,6,LOCAL,0,30,16.00,0,Tuesday,July,20:03
cf1a971c-6ad5-49bf-807d-382b8f06ed5e,2026-07-29,7,3,1.45,0,Domicilio,4,LA LOMITA,0,50,42.00,0,Wednesday,July,01:27
c0ca51bb-ca31-419a-999e-51a378a7f613,2026-07-29,7,3,2.45,0,Recoger en tienda,6,LOCAL,0,30,20.00,0,Wednesday,July,02:27
db1dadfa-aee7-42ae-9982-41c0fd057136,2026-07-29,7,3,19.93,0,Domicilio,3,CHACATITLA,0,50,,,Wednesday,July,19:56
ecf895d9-40bf-45b9-b741-e3700c9a3dbf,2026-08-04,8,2,1.05,0,Domicilio,1,LOS PRADOS,0,50,,,Tuesday,August,01:03
e2be4a30-ffad-4170-b323-5f3c21a06b93,2026-08-04,8,2,1.38,0,Domicilio,1,TODOS POR HIDALGO,1,50,,,Tuesday,August,01:23
9e124236-35e7-4862-a5de-be4a9f200022,2026-08-04,8,2,1.43,0,Recoger,1,LOCAL,2,30,,,Tuesday,August,01:26
1015caba-ac58-4f8f-82e8-e60275311cc6,2026-08-04,8,2,1.62,0,Domicilio,1,LOS PRADOS,2,50,,,Tuesday,August,01:37
a8f19751-90f3-4c07-bf40-bec371d4d1c6,2026-08-04,8,2,1.62,0,Domicilio,2,LOS PRADOS,3,50,,,Tuesday,August,01:37
d2401b09-4cc9-4af5-9379-d726a0d70578,2026-08-04,8,2,1.62,0,Domicilio,2,TODOS POR HIDALGO,4,50,,,Tuesday,August,01:37
599f232d-942c-4b43-b744-6a6a7c9101fd,2026-08-04,8,2,1.63,0,Domicilio,1,TODOS POR HIDALGO,5,50,,,Tuesday,August,01:38
5bf0d98b-5c20-49a2-a4ef-05935bbeba94,2026-08-04,8,2,1.63,0,Domicilio,1,LOS PRADOS,6,50,,,Tuesday,August,01:38
